2026-06-15 20:01:37,509 [INFO] Script start.
2026-06-15 20:01:37,517 [INFO] ====================GENERAL SETTINGS====================
2026-06-15 20:01:37,518 [INFO] {'date': '2026-06-15', 'time': '20-01-37', 'experiment_type': 'g2_heralded_virtual', 'save_dir': 'C:\\Users\\QUANTUM\\OneDrive - ENSTA\\!Working files\\HBT\\HBT Data\\Tests_Jun\\2026-06-15_20-01-37_g2_heralded_virtual', 'material': 'CdTe110', 'laser': {'rep_rate_hz': 18880000.0, 'wavelength_nm': 2100}, 'timetagging': {'tt_mode': 'Standard', 'binwidth_ps': 100, 'num_bins': 50000, 'channels': [1, 2, 3, 4, 5, 6], 'mode_on_channel': ['H3T', 'H3R', 'H4T', 'H4R', 'H5T', 'H5R'], 'deadtime': [0, 0, 0, 0, 0, 0], 'delays': [0, -1000, 20000, 16500, 17800, 17300], 'coincidence_window': 25000, 'trigger': [], 'filter': []}, 'custom': {}}
2026-06-15 20:01:37,559 [INFO] Found 0 connected Time Tagger(s)
2026-06-15 20:01:39,181 [INFO] t:   1 s, Board temperature: 40.9 °C, FPGA temperature: 56.8 °C
2026-06-15 20:01:40,759 [INFO] t:   2 s, Board temperature: 40.8 °C, FPGA temperature: 56.8 °C
2026-06-15 20:01:42,329 [INFO] t:   3 s, Board temperature: 40.9 °C, FPGA temperature: 56.9 °C
2026-06-15 20:01:43,902 [INFO] t:   4 s, Board temperature: 40.9 °C, FPGA temperature: 56.9 °C
2026-06-15 20:01:45,463 [INFO] t:   5 s, Board temperature: 40.9 °C, FPGA temperature: 56.9 °C
2026-06-15 20:01:45,463 [INFO] The Time Tagger is warmed up.
2026-06-15 20:01:45,464 [INFO] Time Tagger initialized.
2026-06-15 20:01:45,728 [INFO] Stage Position: 29.0
2026-06-15 20:01:45,729 [INFO] Starting chunked acquisition (max 6 chunks / 60.0 min)
2026-06-15 20:01:45,730 [INFO] Chunk duration: 10 min
2026-06-15 20:01:45,732 [INFO] Threshold: 100000 counts, checking every 1 chunks
2026-06-15 20:01:45,777 [INFO] Found 0 connected Time Tagger(s)
2026-06-15 20:01:47,391 [INFO] t:   1 s, Board temperature: 41.0 °C, FPGA temperature: 56.9 °C
2026-06-15 20:01:48,972 [INFO] t:   2 s, Board temperature: 40.9 °C, FPGA temperature: 56.9 °C
2026-06-15 20:01:50,535 [INFO] t:   3 s, Board temperature: 40.9 °C, FPGA temperature: 56.9 °C
2026-06-15 20:01:52,095 [INFO] t:   4 s, Board temperature: 41.0 °C, FPGA temperature: 56.9 °C
2026-06-15 20:01:53,655 [INFO] t:   5 s, Board temperature: 40.9 °C, FPGA temperature: 56.8 °C
2026-06-15 20:01:53,656 [INFO] The Time Tagger is warmed up.
2026-06-15 20:01:53,657 [INFO] Time Tagger initialized.
2026-06-15 20:01:53,660 [INFO] Chunk 1/6 | Elapsed: 10.0 min
2026-06-15 20:01:53,661 [INFO] Initializing experiment on Time Tagger.
2026-06-15 20:01:53,663 [INFO] Deadtime for channel 1: 0 ps
2026-06-15 20:01:53,663 [INFO] Deadtime for channel 2: 0 ps
2026-06-15 20:01:53,665 [INFO] Deadtime for channel 3: 0 ps
2026-06-15 20:01:53,666 [INFO] Deadtime for channel 4: 0 ps
2026-06-15 20:01:53,667 [INFO] Deadtime for channel 5: 0 ps
2026-06-15 20:01:53,675 [INFO] Deadtime for channel 6: 0 ps
2026-06-15 20:01:53,676 [INFO] Delays on channels enabled.
2026-06-15 20:01:53,677 [INFO] Delay for channel 1: requested=0 ps, actual=0 ps
2026-06-15 20:01:53,678 [INFO] Delay for channel 2: requested=-1000 ps, actual=-1000 ps
2026-06-15 20:01:53,680 [INFO] Delay for channel 3: requested=20000 ps, actual=20000 ps
2026-06-15 20:01:53,680 [INFO] Delay for channel 4: requested=16500 ps, actual=16500 ps
2026-06-15 20:01:53,681 [INFO] Delay for channel 5: requested=17800 ps, actual=17800 ps
2026-06-15 20:01:53,682 [INFO] Delay for channel 6: requested=17300 ps, actual=17300 ps
2026-06-15 20:01:53,683 [INFO] Executing synchronized correlation measurement.
2026-06-15 20:01:53,685 [INFO] Delays on channels enabled.
2026-06-15 20:01:53,686 [INFO] Delay for channel 1: requested=0 ps, actual=0 ps.
2026-06-15 20:01:53,687 [INFO] Delay for channel 2: requested=-1000 ps, actual=-1000 ps.
2026-06-15 20:01:53,688 [INFO] Delay for channel 3: requested=20000 ps, actual=20000 ps.
2026-06-15 20:01:53,689 [INFO] Delay for channel 4: requested=16500 ps, actual=16500 ps.
2026-06-15 20:01:53,690 [INFO] Delay for channel 5: requested=17800 ps, actual=17800 ps.
2026-06-15 20:01:53,691 [INFO] Delay for channel 6: requested=17300 ps, actual=17300 ps.
2026-06-15 20:01:53,692 [INFO] Initializing measurement with virtual mode channels for ALL heralding permutations.
2026-06-15 20:01:53,693 [INFO] Automatically generated modes from input: {'H3': [1, 2], 'H4': [3, 4], 'H5': [5, 6]}
2026-06-15 20:01:53,694 [INFO] Setting up virtual channels...
2026-06-15 20:01:53,696 [INFO] Initializing physical channel correlation histograms...
2026-06-15 20:01:53,697 [INFO]   Physical correlation: ch1 <-> ch2
2026-06-15 20:01:53,698 [INFO]   Physical correlation: ch1 <-> ch3
2026-06-15 20:01:53,699 [INFO]   Physical correlation: ch1 <-> ch4
2026-06-15 20:01:53,700 [INFO]   Physical correlation: ch1 <-> ch5
2026-06-15 20:01:53,701 [INFO]   Physical correlation: ch1 <-> ch6
2026-06-15 20:01:53,702 [INFO]   Physical correlation: ch2 <-> ch3
2026-06-15 20:01:53,703 [INFO]   Physical correlation: ch2 <-> ch4
2026-06-15 20:01:53,705 [INFO]   Physical correlation: ch2 <-> ch5
2026-06-15 20:01:53,706 [INFO]   Physical correlation: ch2 <-> ch6
2026-06-15 20:01:53,707 [INFO]   Physical correlation: ch3 <-> ch4
2026-06-15 20:01:53,708 [INFO]   Physical correlation: ch3 <-> ch5
2026-06-15 20:01:53,710 [INFO]   Physical correlation: ch3 <-> ch6
2026-06-15 20:01:53,711 [INFO]   Physical correlation: ch4 <-> ch5
2026-06-15 20:01:53,712 [INFO]   Physical correlation: ch4 <-> ch6
2026-06-15 20:01:53,713 [INFO]   Physical correlation: ch5 <-> ch6
2026-06-15 20:01:53,714 [INFO] Initializing virtual mode correlation histograms...
2026-06-15 20:01:53,716 [INFO]   Within-mode (H3): ch1 <-> ch2
2026-06-15 20:01:53,716 [INFO]   Cross-mode: H3 <-> H4
2026-06-15 20:01:53,717 [INFO]   Cross-mode: H3 <-> H5
2026-06-15 20:01:53,718 [INFO]   Within-mode (H4): ch3 <-> ch4
2026-06-15 20:01:53,719 [INFO]   Cross-mode: H4 <-> H5
2026-06-15 20:01:53,721 [INFO]   Within-mode (H5): ch5 <-> ch6
2026-06-15 20:01:53,724 [INFO] Measurement starting for 10.000min / 0.167h
2026-06-15 20:11:56,317 [INFO] Measurements finished.
2026-06-15 20:11:56,318 [INFO] Collecting measurement data...
2026-06-15 20:11:56,319 [INFO] Collecting physical correlation data for (1,2)
2026-06-15 20:11:56,321 [INFO] Collecting physical correlation data for (1,3)
2026-06-15 20:11:56,324 [INFO] Collecting physical correlation data for (1,4)
2026-06-15 20:11:56,327 [INFO] Collecting physical correlation data for (1,5)
2026-06-15 20:11:56,329 [INFO] Collecting physical correlation data for (1,6)
2026-06-15 20:11:56,331 [INFO] Collecting physical correlation data for (2,3)
2026-06-15 20:11:56,334 [INFO] Collecting physical correlation data for (2,4)
2026-06-15 20:11:56,337 [INFO] Collecting physical correlation data for (2,5)
2026-06-15 20:11:56,339 [INFO] Collecting physical correlation data for (2,6)
2026-06-15 20:11:56,342 [INFO] Collecting physical correlation data for (3,4)
2026-06-15 20:11:56,345 [INFO] Collecting physical correlation data for (3,5)
2026-06-15 20:11:56,347 [INFO] Collecting physical correlation data for (3,6)
2026-06-15 20:11:56,349 [INFO] Collecting physical correlation data for (4,5)
2026-06-15 20:11:56,352 [INFO] Collecting physical correlation data for (4,6)
2026-06-15 20:11:56,355 [INFO] Collecting physical correlation data for (5,6)
2026-06-15 20:11:56,359 [INFO] Collecting virtual correlation data for (H3,H3)
2026-06-15 20:11:56,362 [INFO] Collecting virtual correlation data for (H3,H4)
2026-06-15 20:11:56,365 [INFO] Collecting virtual correlation data for (H3,H5)
2026-06-15 20:11:56,367 [INFO] Collecting virtual correlation data for (H4,H4)
2026-06-15 20:11:56,370 [INFO] Collecting virtual correlation data for (H4,H5)
2026-06-15 20:11:56,374 [INFO] Collecting virtual correlation data for (H5,H5)
2026-06-15 20:11:56,596 [INFO] Starting writing data to file.
2026-06-15 20:11:56,679 [INFO] Saved data.
2026-06-15 20:11:56,794 [INFO] Merging 1 chunks into running total...
2026-06-15 20:11:56,795 [INFO] ============================================================
2026-06-15 20:11:56,796 [INFO] STATUS REPORT | Duration: 10.00 min (0.167 h)
2026-06-15 20:11:56,797 [INFO] ============================================================
2026-06-15 20:11:56,797 [INFO] COUNTRATES (Physical):
2026-06-15 20:11:56,798 [INFO]   Ch 1: 737.7 kHz (total: 442,618,887)
2026-06-15 20:11:56,799 [INFO]   Ch 2: 941.5 kHz (total: 564,882,234)
2026-06-15 20:11:56,800 [INFO]   Ch 3: 873.0 kHz (total: 523,806,239)
2026-06-15 20:11:56,800 [INFO]   Ch 4: 866.3 kHz (total: 519,768,172)
2026-06-15 20:11:56,801 [INFO]   Ch 5: 48.8 kHz (total: 29,295,379)
2026-06-15 20:11:56,801 [INFO]   Ch 6: 48.4 kHz (total: 29,040,189)
2026-06-15 20:11:56,802 [INFO] COUNTRATES (Virtual):
2026-06-15 20:11:56,803 [INFO]   H3: 1679.2 kHz (total: 1,007,501,121)
2026-06-15 20:11:56,803 [INFO]   H4: 1739.3 kHz (total: 1,043,574,411)
2026-06-15 20:11:56,804 [INFO]   H5: 97.2 kHz (total: 58,335,568)
2026-06-15 20:11:56,805 [INFO] ------------------------------------------------------------
2026-06-15 20:11:56,806 [INFO] COINCIDENCES (threshold: 100000)
2026-06-15 20:11:56,807 [INFO] ------------------------------------------------------------
2026-06-15 20:11:56,807 [INFO] Twofold (physical) (Reached Threshold):
2026-06-15 20:11:56,808 [INFO]   (1,2): 24,527,592 Y
2026-06-15 20:11:56,809 [INFO]   (1,3): 23,348,167 Y
2026-06-15 20:11:56,810 [INFO]   (1,4): 23,128,741 Y
2026-06-15 20:11:56,810 [INFO]   (1,5): 1,318,687 Y
2026-06-15 20:11:56,811 [INFO]   (1,6): 1,305,504 Y
2026-06-15 20:11:56,811 [INFO]   (2,3): 29,374,404 Y
2026-06-15 20:11:56,812 [INFO]   (2,4): 29,092,545 Y
2026-06-15 20:11:56,812 [INFO]   (2,5): 1,659,587 Y
2026-06-15 20:11:56,813 [INFO]   (2,6): 1,643,661 Y
2026-06-15 20:11:56,814 [INFO]   (3,4): 27,664,455 Y
2026-06-15 20:11:56,814 [INFO]   (3,5): 1,585,621 Y
2026-06-15 20:11:56,815 [INFO]   (3,6): 1,567,082 Y
2026-06-15 20:11:56,815 [INFO]   (4,5): 1,570,041 Y
2026-06-15 20:11:56,816 [INFO]   (4,6): 1,552,197 Y
2026-06-15 20:11:56,816 [INFO]   (5,6): 89,139 X
2026-06-15 20:11:56,817 [INFO] ============================================================
2026-06-15 20:11:56,818 [INFO] >>> 1 combination(s) below threshold <<<
2026-06-15 20:11:56,818 [INFO] ============================================================
2026-06-15 20:11:56,905 [INFO] Updated merged data: C:\Users\QUANTUM\OneDrive - ENSTA\!Working files\HBT\HBT Data\Tests_Jun\2026-06-15_20-01-37_g2_heralded_virtual\MERGED\20-01-37_2026-06-15_20.97mW_num0_MERGED.pkl
2026-06-15 20:11:56,942 [INFO] Found 0 connected Time Tagger(s)
2026-06-15 20:11:58,561 [INFO] t:   1 s, Board temperature: 41.2 °C, FPGA temperature: 57.1 °C
2026-06-15 20:12:00,121 [INFO] t:   2 s, Board temperature: 41.2 °C, FPGA temperature: 57.2 °C
2026-06-15 20:12:01,664 [INFO] t:   3 s, Board temperature: 41.2 °C, FPGA temperature: 57.2 °C
2026-06-15 20:12:03,219 [INFO] t:   4 s, Board temperature: 41.1 °C, FPGA temperature: 57.2 °C
2026-06-15 20:12:04,784 [INFO] t:   5 s, Board temperature: 41.1 °C, FPGA temperature: 57.2 °C
2026-06-15 20:12:04,785 [INFO] The Time Tagger is warmed up.
2026-06-15 20:12:04,786 [INFO] Time Tagger initialized.
2026-06-15 20:12:04,787 [INFO] Chunk 2/6 | Elapsed: 20.0 min
2026-06-15 20:12:04,787 [INFO] Initializing experiment on Time Tagger.
2026-06-15 20:12:04,788 [INFO] Deadtime for channel 1: 0 ps
2026-06-15 20:12:04,789 [INFO] Deadtime for channel 2: 0 ps
2026-06-15 20:12:04,789 [INFO] Deadtime for channel 3: 0 ps
2026-06-15 20:12:04,790 [INFO] Deadtime for channel 4: 0 ps
2026-06-15 20:12:04,791 [INFO] Deadtime for channel 5: 0 ps
2026-06-15 20:12:04,792 [INFO] Deadtime for channel 6: 0 ps
2026-06-15 20:12:04,792 [INFO] Delays on channels enabled.
2026-06-15 20:12:04,793 [INFO] Delay for channel 1: requested=0 ps, actual=0 ps
2026-06-15 20:12:04,793 [INFO] Delay for channel 2: requested=-1000 ps, actual=-1000 ps
2026-06-15 20:12:04,794 [INFO] Delay for channel 3: requested=20000 ps, actual=20000 ps
2026-06-15 20:12:04,795 [INFO] Delay for channel 4: requested=16500 ps, actual=16500 ps
2026-06-15 20:12:04,796 [INFO] Delay for channel 5: requested=17800 ps, actual=17800 ps
2026-06-15 20:12:04,796 [INFO] Delay for channel 6: requested=17300 ps, actual=17300 ps
2026-06-15 20:12:04,797 [INFO] Executing synchronized correlation measurement.
2026-06-15 20:12:04,804 [INFO] Delays on channels enabled.
2026-06-15 20:12:04,804 [INFO] Delay for channel 1: requested=0 ps, actual=0 ps.
2026-06-15 20:12:04,805 [INFO] Delay for channel 2: requested=-1000 ps, actual=-1000 ps.
2026-06-15 20:12:04,806 [INFO] Delay for channel 3: requested=20000 ps, actual=20000 ps.
2026-06-15 20:12:04,807 [INFO] Delay for channel 4: requested=16500 ps, actual=16500 ps.
2026-06-15 20:12:04,807 [INFO] Delay for channel 5: requested=17800 ps, actual=17800 ps.
2026-06-15 20:12:04,808 [INFO] Delay for channel 6: requested=17300 ps, actual=17300 ps.
2026-06-15 20:12:04,809 [INFO] Initializing measurement with virtual mode channels for ALL heralding permutations.
2026-06-15 20:12:04,810 [INFO] Automatically generated modes from input: {'H3': [1, 2], 'H4': [3, 4], 'H5': [5, 6]}
2026-06-15 20:12:04,810 [INFO] Setting up virtual channels...
2026-06-15 20:12:04,812 [INFO] Initializing physical channel correlation histograms...
2026-06-15 20:12:04,812 [INFO]   Physical correlation: ch1 <-> ch2
2026-06-15 20:12:04,813 [INFO]   Physical correlation: ch1 <-> ch3
2026-06-15 20:12:04,813 [INFO]   Physical correlation: ch1 <-> ch4
2026-06-15 20:12:04,814 [INFO]   Physical correlation: ch1 <-> ch5
2026-06-15 20:12:04,815 [INFO]   Physical correlation: ch1 <-> ch6
2026-06-15 20:12:04,815 [INFO]   Physical correlation: ch2 <-> ch3
2026-06-15 20:12:04,816 [INFO]   Physical correlation: ch2 <-> ch4
2026-06-15 20:12:04,817 [INFO]   Physical correlation: ch2 <-> ch5
2026-06-15 20:12:04,818 [INFO]   Physical correlation: ch2 <-> ch6
2026-06-15 20:12:04,818 [INFO]   Physical correlation: ch3 <-> ch4
2026-06-15 20:12:04,819 [INFO]   Physical correlation: ch3 <-> ch5
2026-06-15 20:12:04,820 [INFO]   Physical correlation: ch3 <-> ch6
2026-06-15 20:12:04,820 [INFO]   Physical correlation: ch4 <-> ch5
2026-06-15 20:12:04,821 [INFO]   Physical correlation: ch4 <-> ch6
2026-06-15 20:12:04,822 [INFO]   Physical correlation: ch5 <-> ch6
2026-06-15 20:12:04,823 [INFO] Initializing virtual mode correlation histograms...
2026-06-15 20:12:04,823 [INFO]   Within-mode (H3): ch1 <-> ch2
2026-06-15 20:12:04,842 [INFO]   Cross-mode: H3 <-> H4
2026-06-15 20:12:04,843 [INFO]   Cross-mode: H3 <-> H5
2026-06-15 20:12:04,844 [INFO]   Within-mode (H4): ch3 <-> ch4
2026-06-15 20:12:04,845 [INFO]   Cross-mode: H4 <-> H5
2026-06-15 20:12:04,846 [INFO]   Within-mode (H5): ch5 <-> ch6
2026-06-15 20:12:04,848 [INFO] Measurement starting for 10.000min / 0.167h
2026-06-15 20:22:06,847 [INFO] Measurements finished.
2026-06-15 20:22:06,848 [INFO] Collecting measurement data...
2026-06-15 20:22:06,849 [INFO] Collecting physical correlation data for (1,2)
2026-06-15 20:22:06,851 [INFO] Collecting physical correlation data for (1,3)
2026-06-15 20:22:06,854 [INFO] Collecting physical correlation data for (1,4)
2026-06-15 20:22:06,857 [INFO] Collecting physical correlation data for (1,5)
2026-06-15 20:22:06,860 [INFO] Collecting physical correlation data for (1,6)
2026-06-15 20:22:06,862 [INFO] Collecting physical correlation data for (2,3)
2026-06-15 20:22:06,865 [INFO] Collecting physical correlation data for (2,4)
2026-06-15 20:22:06,868 [INFO] Collecting physical correlation data for (2,5)
2026-06-15 20:22:06,870 [INFO] Collecting physical correlation data for (2,6)
2026-06-15 20:22:06,873 [INFO] Collecting physical correlation data for (3,4)
2026-06-15 20:22:06,876 [INFO] Collecting physical correlation data for (3,5)
2026-06-15 20:22:06,878 [INFO] Collecting physical correlation data for (3,6)
2026-06-15 20:22:06,880 [INFO] Collecting physical correlation data for (4,5)
2026-06-15 20:22:06,883 [INFO] Collecting physical correlation data for (4,6)
2026-06-15 20:22:06,885 [INFO] Collecting physical correlation data for (5,6)
2026-06-15 20:22:06,888 [INFO] Collecting virtual correlation data for (H3,H3)
2026-06-15 20:22:06,890 [INFO] Collecting virtual correlation data for (H3,H4)
2026-06-15 20:22:06,894 [INFO] Collecting virtual correlation data for (H3,H5)
2026-06-15 20:22:06,896 [INFO] Collecting virtual correlation data for (H4,H4)
2026-06-15 20:22:06,899 [INFO] Collecting virtual correlation data for (H4,H5)
2026-06-15 20:22:06,902 [INFO] Collecting virtual correlation data for (H5,H5)
2026-06-15 20:22:07,088 [INFO] Starting writing data to file.
2026-06-15 20:22:07,170 [INFO] Saved data.
2026-06-15 20:22:07,333 [INFO] Merging 1 chunks into running total...
2026-06-15 20:22:07,557 [INFO] ============================================================
2026-06-15 20:22:07,557 [INFO] STATUS REPORT | Duration: 20.00 min (0.333 h)
2026-06-15 20:22:07,558 [INFO] ============================================================
2026-06-15 20:22:07,559 [INFO] COUNTRATES (Physical):
2026-06-15 20:22:07,560 [INFO]   Ch 1: 738.4 kHz (total: 886,113,198)
2026-06-15 20:22:07,561 [INFO]   Ch 2: 941.9 kHz (total: 1,130,247,240)
2026-06-15 20:22:07,561 [INFO]   Ch 3: 873.6 kHz (total: 1,048,261,575)
2026-06-15 20:22:07,562 [INFO]   Ch 4: 866.7 kHz (total: 1,040,051,993)
2026-06-15 20:22:07,563 [INFO]   Ch 5: 48.8 kHz (total: 58,586,074)
2026-06-15 20:22:07,564 [INFO]   Ch 6: 48.4 kHz (total: 58,061,121)
2026-06-15 20:22:07,565 [INFO] COUNTRATES (Virtual):
2026-06-15 20:22:07,566 [INFO]   H3: 1680.3 kHz (total: 2,016,360,438)
2026-06-15 20:22:07,567 [INFO]   H4: 1740.3 kHz (total: 2,088,313,568)
2026-06-15 20:22:07,568 [INFO]   H5: 97.2 kHz (total: 116,647,195)
2026-06-15 20:22:07,568 [INFO] ------------------------------------------------------------
2026-06-15 20:22:07,569 [INFO] COINCIDENCES (threshold: 100000)
2026-06-15 20:22:07,570 [INFO] ------------------------------------------------------------
2026-06-15 20:22:07,571 [INFO] Twofold (physical) (Reached Threshold):
2026-06-15 20:22:07,572 [INFO]   (1,2): 49,062,015 Y
2026-06-15 20:22:07,573 [INFO]   (1,3): 46,707,776 Y
2026-06-15 20:22:07,574 [INFO]   (1,4): 46,249,980 Y
2026-06-15 20:22:07,575 [INFO]   (1,5): 2,636,763 Y
2026-06-15 20:22:07,576 [INFO]   (1,6): 2,608,572 Y
2026-06-15 20:22:07,577 [INFO]   (2,3): 58,735,001 Y
2026-06-15 20:22:07,578 [INFO]   (2,4): 58,168,895 Y
2026-06-15 20:22:07,579 [INFO]   (2,5): 3,316,723 Y
2026-06-15 20:22:07,580 [INFO]   (2,6): 3,280,857 Y
2026-06-15 20:22:07,581 [INFO]   (3,4): 55,308,927 Y
2026-06-15 20:22:07,582 [INFO]   (3,5): 3,170,150 Y
2026-06-15 20:22:07,582 [INFO]   (3,6): 3,131,656 Y
2026-06-15 20:22:07,583 [INFO]   (4,5): 3,135,090 Y
2026-06-15 20:22:07,584 [INFO]   (4,6): 3,101,745 Y
2026-06-15 20:22:07,585 [INFO]   (5,6): 177,851 Y
2026-06-15 20:22:07,585 [INFO] ============================================================
2026-06-15 20:22:07,586 [INFO] >>> ALL THRESHOLDS REACHED <<<
2026-06-15 20:22:07,587 [INFO] ============================================================
2026-06-15 20:22:07,675 [INFO] Updated merged data: C:\Users\QUANTUM\OneDrive - ENSTA\!Working files\HBT\HBT Data\Tests_Jun\2026-06-15_20-01-37_g2_heralded_virtual\MERGED\20-01-37_2026-06-15_20.97mW_num0_MERGED.pkl
2026-06-15 20:22:07,675 [INFO] >>> THRESHOLD REACHED - STOPPING EARLY <<<
2026-06-15 20:22:07,767 [INFO] Final merged data saved to: C:\Users\QUANTUM\OneDrive - ENSTA\!Working files\HBT\HBT Data\Tests_Jun\2026-06-15_20-01-37_g2_heralded_virtual\MERGED\20-01-37_2026-06-15_20.97mW_num0_MERGED.pkl
2026-06-15 20:22:07,768 [INFO] Total merged duration: 20.00 min
2026-06-15 20:22:07,769 [INFO] Measurement completed in 20.37 min
2026-06-15 20:22:08,611 [INFO] Stage Position: 30.0
2026-06-15 20:22:08,611 [INFO] Starting chunked acquisition (max 6 chunks / 60.0 min)
2026-06-15 20:22:08,612 [INFO] Chunk duration: 10 min
2026-06-15 20:22:08,613 [INFO] Threshold: 100000 counts, checking every 1 chunks
2026-06-15 20:22:08,715 [INFO] Found 0 connected Time Tagger(s)
2026-06-15 20:22:10,326 [INFO] t:   1 s, Board temperature: 40.6 °C, FPGA temperature: 56.9 °C
2026-06-15 20:22:11,895 [INFO] t:   2 s, Board temperature: 40.8 °C, FPGA temperature: 56.9 °C
2026-06-15 20:22:13,478 [INFO] t:   3 s, Board temperature: 40.8 °C, FPGA temperature: 56.9 °C
2026-06-15 20:22:15,026 [INFO] t:   4 s, Board temperature: 40.8 °C, FPGA temperature: 56.8 °C
2026-06-15 20:22:16,573 [INFO] t:   5 s, Board temperature: 40.8 °C, FPGA temperature: 56.9 °C
2026-06-15 20:22:16,574 [INFO] The Time Tagger is warmed up.
2026-06-15 20:22:16,575 [INFO] Time Tagger initialized.
2026-06-15 20:22:16,576 [INFO] Chunk 1/6 | Elapsed: 10.0 min
2026-06-15 20:22:16,577 [INFO] Initializing experiment on Time Tagger.
2026-06-15 20:22:16,578 [INFO] Deadtime for channel 1: 0 ps
2026-06-15 20:22:16,578 [INFO] Deadtime for channel 2: 0 ps
2026-06-15 20:22:16,579 [INFO] Deadtime for channel 3: 0 ps
2026-06-15 20:22:16,580 [INFO] Deadtime for channel 4: 0 ps
2026-06-15 20:22:16,580 [INFO] Deadtime for channel 5: 0 ps
2026-06-15 20:22:16,581 [INFO] Deadtime for channel 6: 0 ps
2026-06-15 20:22:16,581 [INFO] Delays on channels enabled.
2026-06-15 20:22:16,582 [INFO] Delay for channel 1: requested=0 ps, actual=0 ps
2026-06-15 20:22:16,582 [INFO] Delay for channel 2: requested=-1000 ps, actual=-1000 ps
2026-06-15 20:22:16,583 [INFO] Delay for channel 3: requested=20000 ps, actual=20000 ps
2026-06-15 20:22:16,584 [INFO] Delay for channel 4: requested=16500 ps, actual=16500 ps
2026-06-15 20:22:16,584 [INFO] Delay for channel 5: requested=17800 ps, actual=17800 ps
2026-06-15 20:22:16,585 [INFO] Delay for channel 6: requested=17300 ps, actual=17300 ps
2026-06-15 20:22:16,586 [INFO] Executing synchronized correlation measurement.
2026-06-15 20:22:16,592 [INFO] Delays on channels enabled.
2026-06-15 20:22:16,593 [INFO] Delay for channel 1: requested=0 ps, actual=0 ps.
2026-06-15 20:22:16,594 [INFO] Delay for channel 2: requested=-1000 ps, actual=-1000 ps.
2026-06-15 20:22:16,595 [INFO] Delay for channel 3: requested=20000 ps, actual=20000 ps.
2026-06-15 20:22:16,596 [INFO] Delay for channel 4: requested=16500 ps, actual=16500 ps.
2026-06-15 20:22:16,597 [INFO] Delay for channel 5: requested=17800 ps, actual=17800 ps.
2026-06-15 20:22:16,598 [INFO] Delay for channel 6: requested=17300 ps, actual=17300 ps.
2026-06-15 20:22:16,599 [INFO] Initializing measurement with virtual mode channels for ALL heralding permutations.
2026-06-15 20:22:16,599 [INFO] Automatically generated modes from input: {'H3': [1, 2], 'H4': [3, 4], 'H5': [5, 6]}
2026-06-15 20:22:16,600 [INFO] Setting up virtual channels...
2026-06-15 20:22:16,601 [INFO] Initializing physical channel correlation histograms...
2026-06-15 20:22:16,602 [INFO]   Physical correlation: ch1 <-> ch2
2026-06-15 20:22:16,603 [INFO]   Physical correlation: ch1 <-> ch3
2026-06-15 20:22:16,603 [INFO]   Physical correlation: ch1 <-> ch4
2026-06-15 20:22:16,604 [INFO]   Physical correlation: ch1 <-> ch5
2026-06-15 20:22:16,605 [INFO]   Physical correlation: ch1 <-> ch6
2026-06-15 20:22:16,606 [INFO]   Physical correlation: ch2 <-> ch3
2026-06-15 20:22:16,606 [INFO]   Physical correlation: ch2 <-> ch4
2026-06-15 20:22:16,607 [INFO]   Physical correlation: ch2 <-> ch5
2026-06-15 20:22:16,608 [INFO]   Physical correlation: ch2 <-> ch6
2026-06-15 20:22:16,609 [INFO]   Physical correlation: ch3 <-> ch4
2026-06-15 20:22:16,609 [INFO]   Physical correlation: ch3 <-> ch5
2026-06-15 20:22:16,610 [INFO]   Physical correlation: ch3 <-> ch6
2026-06-15 20:22:16,611 [INFO]   Physical correlation: ch4 <-> ch5
2026-06-15 20:22:16,612 [INFO]   Physical correlation: ch4 <-> ch6
2026-06-15 20:22:16,612 [INFO]   Physical correlation: ch5 <-> ch6
2026-06-15 20:22:16,613 [INFO] Initializing virtual mode correlation histograms...
2026-06-15 20:22:16,614 [INFO]   Within-mode (H3): ch1 <-> ch2
2026-06-15 20:22:16,615 [INFO]   Cross-mode: H3 <-> H4
2026-06-15 20:22:16,615 [INFO]   Cross-mode: H3 <-> H5
2026-06-15 20:22:16,616 [INFO]   Within-mode (H4): ch3 <-> ch4
2026-06-15 20:22:16,617 [INFO]   Cross-mode: H4 <-> H5
2026-06-15 20:22:16,617 [INFO]   Within-mode (H5): ch5 <-> ch6
2026-06-15 20:22:16,619 [INFO] Measurement starting for 10.000min / 0.167h
2026-06-15 20:32:17,094 [INFO] Measurements finished.
2026-06-15 20:32:17,095 [INFO] Collecting measurement data...
2026-06-15 20:32:17,096 [INFO] Collecting physical correlation data for (1,2)
2026-06-15 20:32:17,098 [INFO] Collecting physical correlation data for (1,3)
2026-06-15 20:32:17,101 [INFO] Collecting physical correlation data for (1,4)
2026-06-15 20:32:17,103 [INFO] Collecting physical correlation data for (1,5)
2026-06-15 20:32:17,106 [INFO] Collecting physical correlation data for (1,6)
2026-06-15 20:32:17,108 [INFO] Collecting physical correlation data for (2,3)
2026-06-15 20:32:17,110 [INFO] Collecting physical correlation data for (2,4)
2026-06-15 20:32:17,113 [INFO] Collecting physical correlation data for (2,5)
2026-06-15 20:32:17,115 [INFO] Collecting physical correlation data for (2,6)
2026-06-15 20:32:17,117 [INFO] Collecting physical correlation data for (3,4)
2026-06-15 20:32:17,120 [INFO] Collecting physical correlation data for (3,5)
2026-06-15 20:32:17,123 [INFO] Collecting physical correlation data for (3,6)
2026-06-15 20:32:17,125 [INFO] Collecting physical correlation data for (4,5)
2026-06-15 20:32:17,127 [INFO] Collecting physical correlation data for (4,6)
2026-06-15 20:32:17,129 [INFO] Collecting physical correlation data for (5,6)
2026-06-15 20:32:17,131 [INFO] Collecting virtual correlation data for (H3,H3)
2026-06-15 20:32:17,134 [INFO] Collecting virtual correlation data for (H3,H4)
2026-06-15 20:32:17,136 [INFO] Collecting virtual correlation data for (H3,H5)
2026-06-15 20:32:17,139 [INFO] Collecting virtual correlation data for (H4,H4)
2026-06-15 20:32:17,142 [INFO] Collecting virtual correlation data for (H4,H5)
2026-06-15 20:32:17,144 [INFO] Collecting virtual correlation data for (H5,H5)
2026-06-15 20:32:17,176 [INFO] Starting writing data to file.
2026-06-15 20:32:17,267 [INFO] Saved data.
2026-06-15 20:32:17,408 [INFO] Merging 1 chunks into running total...
2026-06-15 20:32:17,409 [INFO] ============================================================
2026-06-15 20:32:17,410 [INFO] STATUS REPORT | Duration: 10.00 min (0.167 h)
2026-06-15 20:32:17,411 [INFO] ============================================================
2026-06-15 20:32:17,412 [INFO] COUNTRATES (Physical):
2026-06-15 20:32:17,412 [INFO]   Ch 1: 510.2 kHz (total: 306,137,410)
2026-06-15 20:32:17,413 [INFO]   Ch 2: 650.0 kHz (total: 390,021,349)
2026-06-15 20:32:17,414 [INFO]   Ch 3: 531.0 kHz (total: 318,614,905)
2026-06-15 20:32:17,415 [INFO]   Ch 4: 526.5 kHz (total: 315,922,818)
2026-06-15 20:32:17,416 [INFO]   Ch 5: 26.1 kHz (total: 15,644,543)
2026-06-15 20:32:17,417 [INFO]   Ch 6: 25.9 kHz (total: 15,542,122)
2026-06-15 20:32:17,417 [INFO] COUNTRATES (Virtual):
2026-06-15 20:32:17,418 [INFO]   H3: 1160.3 kHz (total: 696,158,759)
2026-06-15 20:32:17,418 [INFO]   H4: 1057.6 kHz (total: 634,537,723)
2026-06-15 20:32:17,419 [INFO]   H5: 52.0 kHz (total: 31,186,665)
2026-06-15 20:32:17,420 [INFO] ------------------------------------------------------------
2026-06-15 20:32:17,420 [INFO] COINCIDENCES (threshold: 100000)
2026-06-15 20:32:17,421 [INFO] ------------------------------------------------------------
2026-06-15 20:32:17,421 [INFO] Twofold (physical) (Reached Threshold):
2026-06-15 20:32:17,422 [INFO]   (1,2): 11,688,968 Y
2026-06-15 20:32:17,422 [INFO]   (1,3): 9,797,838 Y
2026-06-15 20:32:17,422 [INFO]   (1,4): 9,698,353 Y
2026-06-15 20:32:17,423 [INFO]   (1,5): 486,841 Y
2026-06-15 20:32:17,423 [INFO]   (1,6): 483,851 Y
2026-06-15 20:32:17,424 [INFO]   (2,3): 12,315,139 Y
2026-06-15 20:32:17,424 [INFO]   (2,4): 12,186,395 Y
2026-06-15 20:32:17,425 [INFO]   (2,5): 610,560 Y
2026-06-15 20:32:17,425 [INFO]   (2,6): 605,493 Y
2026-06-15 20:32:17,426 [INFO]   (3,4): 10,215,288 Y
2026-06-15 20:32:17,427 [INFO]   (3,5): 514,736 Y
2026-06-15 20:32:17,427 [INFO]   (3,6): 509,570 Y
2026-06-15 20:32:17,428 [INFO]   (4,5): 508,583 Y
2026-06-15 20:32:17,429 [INFO]   (4,6): 505,347 Y
2026-06-15 20:32:17,429 [INFO]   (5,6): 25,616 X
2026-06-15 20:32:17,430 [INFO] ============================================================
2026-06-15 20:32:17,430 [INFO] >>> 1 combination(s) below threshold <<<
2026-06-15 20:32:17,431 [INFO] ============================================================
2026-06-15 20:32:17,513 [INFO] Updated merged data: C:\Users\QUANTUM\OneDrive - ENSTA\!Working files\HBT\HBT Data\Tests_Jun\2026-06-15_20-01-37_g2_heralded_virtual\MERGED\20-01-37_2026-06-15_18.32mW_num0_MERGED.pkl
2026-06-15 20:32:17,551 [INFO] Found 0 connected Time Tagger(s)
2026-06-15 20:32:19,168 [INFO] t:   1 s, Board temperature: 41.2 °C, FPGA temperature: 56.9 °C
2026-06-15 20:32:20,733 [INFO] t:   2 s, Board temperature: 41.1 °C, FPGA temperature: 56.8 °C
2026-06-15 20:32:22,285 [INFO] t:   3 s, Board temperature: 41.0 °C, FPGA temperature: 56.9 °C
2026-06-15 20:32:23,832 [INFO] t:   4 s, Board temperature: 40.9 °C, FPGA temperature: 56.9 °C
2026-06-15 20:32:25,383 [INFO] t:   5 s, Board temperature: 41.1 °C, FPGA temperature: 56.9 °C
2026-06-15 20:32:25,384 [INFO] The Time Tagger is warmed up.
2026-06-15 20:32:25,384 [INFO] Time Tagger initialized.
2026-06-15 20:32:25,386 [INFO] Chunk 2/6 | Elapsed: 20.0 min
2026-06-15 20:32:25,387 [INFO] Initializing experiment on Time Tagger.
2026-06-15 20:32:25,387 [INFO] Deadtime for channel 1: 0 ps
2026-06-15 20:32:25,388 [INFO] Deadtime for channel 2: 0 ps
2026-06-15 20:32:25,389 [INFO] Deadtime for channel 3: 0 ps
2026-06-15 20:32:25,390 [INFO] Deadtime for channel 4: 0 ps
2026-06-15 20:32:25,391 [INFO] Deadtime for channel 5: 0 ps
2026-06-15 20:32:25,392 [INFO] Deadtime for channel 6: 0 ps
2026-06-15 20:32:25,392 [INFO] Delays on channels enabled.
2026-06-15 20:32:25,393 [INFO] Delay for channel 1: requested=0 ps, actual=0 ps
2026-06-15 20:32:25,394 [INFO] Delay for channel 2: requested=-1000 ps, actual=-1000 ps
2026-06-15 20:32:25,395 [INFO] Delay for channel 3: requested=20000 ps, actual=20000 ps
2026-06-15 20:32:25,395 [INFO] Delay for channel 4: requested=16500 ps, actual=16500 ps
2026-06-15 20:32:25,403 [INFO] Delay for channel 5: requested=17800 ps, actual=17800 ps
2026-06-15 20:32:25,404 [INFO] Delay for channel 6: requested=17300 ps, actual=17300 ps
2026-06-15 20:32:25,404 [INFO] Executing synchronized correlation measurement.
2026-06-15 20:32:25,405 [INFO] Delays on channels enabled.
2026-06-15 20:32:25,406 [INFO] Delay for channel 1: requested=0 ps, actual=0 ps.
2026-06-15 20:32:25,407 [INFO] Delay for channel 2: requested=-1000 ps, actual=-1000 ps.
2026-06-15 20:32:25,407 [INFO] Delay for channel 3: requested=20000 ps, actual=20000 ps.
2026-06-15 20:32:25,408 [INFO] Delay for channel 4: requested=16500 ps, actual=16500 ps.
2026-06-15 20:32:25,408 [INFO] Delay for channel 5: requested=17800 ps, actual=17800 ps.
2026-06-15 20:32:25,409 [INFO] Delay for channel 6: requested=17300 ps, actual=17300 ps.
2026-06-15 20:32:25,410 [INFO] Initializing measurement with virtual mode channels for ALL heralding permutations.
2026-06-15 20:32:25,411 [INFO] Automatically generated modes from input: {'H3': [1, 2], 'H4': [3, 4], 'H5': [5, 6]}
2026-06-15 20:32:25,411 [INFO] Setting up virtual channels...
2026-06-15 20:32:25,412 [INFO] Initializing physical channel correlation histograms...
2026-06-15 20:32:25,413 [INFO]   Physical correlation: ch1 <-> ch2
2026-06-15 20:32:25,414 [INFO]   Physical correlation: ch1 <-> ch3
2026-06-15 20:32:25,414 [INFO]   Physical correlation: ch1 <-> ch4
2026-06-15 20:32:25,415 [INFO]   Physical correlation: ch1 <-> ch5
2026-06-15 20:32:25,416 [INFO]   Physical correlation: ch1 <-> ch6
2026-06-15 20:32:25,417 [INFO]   Physical correlation: ch2 <-> ch3
2026-06-15 20:32:25,417 [INFO]   Physical correlation: ch2 <-> ch4
2026-06-15 20:32:25,418 [INFO]   Physical correlation: ch2 <-> ch5
2026-06-15 20:32:25,419 [INFO]   Physical correlation: ch2 <-> ch6
2026-06-15 20:32:25,420 [INFO]   Physical correlation: ch3 <-> ch4
2026-06-15 20:32:25,420 [INFO]   Physical correlation: ch3 <-> ch5
2026-06-15 20:32:25,421 [INFO]   Physical correlation: ch3 <-> ch6
2026-06-15 20:32:25,422 [INFO]   Physical correlation: ch4 <-> ch5
2026-06-15 20:32:25,423 [INFO]   Physical correlation: ch4 <-> ch6
2026-06-15 20:32:25,424 [INFO]   Physical correlation: ch5 <-> ch6
2026-06-15 20:32:25,425 [INFO] Initializing virtual mode correlation histograms...
2026-06-15 20:32:25,425 [INFO]   Within-mode (H3): ch1 <-> ch2
2026-06-15 20:32:25,426 [INFO]   Cross-mode: H3 <-> H4
2026-06-15 20:32:25,427 [INFO]   Cross-mode: H3 <-> H5
2026-06-15 20:32:25,427 [INFO]   Within-mode (H4): ch3 <-> ch4
2026-06-15 20:32:25,428 [INFO]   Cross-mode: H4 <-> H5
2026-06-15 20:32:25,429 [INFO]   Within-mode (H5): ch5 <-> ch6
2026-06-15 20:32:25,431 [INFO] Measurement starting for 10.000min / 0.167h
2026-06-15 20:42:25,876 [INFO] Measurements finished.
2026-06-15 20:42:25,877 [INFO] Collecting measurement data...
2026-06-15 20:42:25,877 [INFO] Collecting physical correlation data for (1,2)
2026-06-15 20:42:25,880 [INFO] Collecting physical correlation data for (1,3)
2026-06-15 20:42:25,883 [INFO] Collecting physical correlation data for (1,4)
2026-06-15 20:42:25,885 [INFO] Collecting physical correlation data for (1,5)
2026-06-15 20:42:25,887 [INFO] Collecting physical correlation data for (1,6)
2026-06-15 20:42:25,889 [INFO] Collecting physical correlation data for (2,3)
2026-06-15 20:42:25,892 [INFO] Collecting physical correlation data for (2,4)
2026-06-15 20:42:25,895 [INFO] Collecting physical correlation data for (2,5)
2026-06-15 20:42:25,897 [INFO] Collecting physical correlation data for (2,6)
2026-06-15 20:42:25,899 [INFO] Collecting physical correlation data for (3,4)
2026-06-15 20:42:25,902 [INFO] Collecting physical correlation data for (3,5)
2026-06-15 20:42:25,904 [INFO] Collecting physical correlation data for (3,6)
2026-06-15 20:42:25,907 [INFO] Collecting physical correlation data for (4,5)
2026-06-15 20:42:25,909 [INFO] Collecting physical correlation data for (4,6)
2026-06-15 20:42:25,911 [INFO] Collecting physical correlation data for (5,6)
2026-06-15 20:42:25,913 [INFO] Collecting virtual correlation data for (H3,H3)
2026-06-15 20:42:25,916 [INFO] Collecting virtual correlation data for (H3,H4)
2026-06-15 20:42:25,919 [INFO] Collecting virtual correlation data for (H3,H5)
2026-06-15 20:42:25,922 [INFO] Collecting virtual correlation data for (H4,H4)
2026-06-15 20:42:25,925 [INFO] Collecting virtual correlation data for (H4,H5)
2026-06-15 20:42:25,927 [INFO] Collecting virtual correlation data for (H5,H5)
2026-06-15 20:42:25,953 [INFO] Starting writing data to file.
2026-06-15 20:42:26,038 [INFO] Saved data.
2026-06-15 20:42:26,160 [INFO] Merging 1 chunks into running total...
2026-06-15 20:42:26,337 [INFO] ============================================================
2026-06-15 20:42:26,338 [INFO] STATUS REPORT | Duration: 20.00 min (0.333 h)
2026-06-15 20:42:26,339 [INFO] ============================================================
2026-06-15 20:42:26,339 [INFO] COUNTRATES (Physical):
2026-06-15 20:42:26,340 [INFO]   Ch 1: 511.6 kHz (total: 613,974,745)
2026-06-15 20:42:26,340 [INFO]   Ch 2: 651.4 kHz (total: 781,673,911)
2026-06-15 20:42:26,341 [INFO]   Ch 3: 532.1 kHz (total: 638,519,867)
2026-06-15 20:42:26,342 [INFO]   Ch 4: 527.7 kHz (total: 633,271,245)
2026-06-15 20:42:26,342 [INFO]   Ch 5: 26.1 kHz (total: 31,339,174)
2026-06-15 20:42:26,343 [INFO]   Ch 6: 25.9 kHz (total: 31,121,266)
2026-06-15 20:42:26,344 [INFO] COUNTRATES (Virtual):
2026-06-15 20:42:26,344 [INFO]   H3: 1163.0 kHz (total: 1,395,648,656)
2026-06-15 20:42:26,344 [INFO]   H4: 1059.8 kHz (total: 1,271,791,112)
2026-06-15 20:42:26,345 [INFO]   H5: 52.1 kHz (total: 62,460,440)
2026-06-15 20:42:26,346 [INFO] ------------------------------------------------------------
2026-06-15 20:42:26,348 [INFO] COINCIDENCES (threshold: 100000)
2026-06-15 20:42:26,348 [INFO] ------------------------------------------------------------
2026-06-15 20:42:26,348 [INFO] Twofold (physical) (Reached Threshold):
2026-06-15 20:42:26,349 [INFO]   (1,2): 23,440,155 Y
2026-06-15 20:42:26,350 [INFO]   (1,3): 19,645,010 Y
2026-06-15 20:42:26,350 [INFO]   (1,4): 19,449,021 Y
2026-06-15 20:42:26,351 [INFO]   (1,5): 974,955 Y
2026-06-15 20:42:26,351 [INFO]   (1,6): 967,446 Y
2026-06-15 20:42:26,352 [INFO]   (2,3): 24,680,685 Y
2026-06-15 20:42:26,353 [INFO]   (2,4): 24,431,704 Y
2026-06-15 20:42:26,353 [INFO]   (2,5): 1,222,016 Y
2026-06-15 20:42:26,354 [INFO]   (2,6): 1,213,351 Y
2026-06-15 20:42:26,354 [INFO]   (3,4): 20,464,003 Y
2026-06-15 20:42:26,355 [INFO]   (3,5): 1,029,211 Y
2026-06-15 20:42:26,356 [INFO]   (3,6): 1,019,547 Y
2026-06-15 20:42:26,356 [INFO]   (4,5): 1,019,107 Y
2026-06-15 20:42:26,357 [INFO]   (4,6): 1,010,387 Y
2026-06-15 20:42:26,357 [INFO]   (5,6): 50,967 X
2026-06-15 20:42:26,358 [INFO] ============================================================
2026-06-15 20:42:26,359 [INFO] >>> 1 combination(s) below threshold <<<
2026-06-15 20:42:26,359 [INFO] ============================================================
2026-06-15 20:42:26,441 [INFO] Updated merged data: C:\Users\QUANTUM\OneDrive - ENSTA\!Working files\HBT\HBT Data\Tests_Jun\2026-06-15_20-01-37_g2_heralded_virtual\MERGED\20-01-37_2026-06-15_18.32mW_num0_MERGED.pkl
2026-06-15 20:42:26,483 [INFO] Found 0 connected Time Tagger(s)
2026-06-15 20:42:28,098 [INFO] t:   1 s, Board temperature: 41.0 °C, FPGA temperature: 56.8 °C
2026-06-15 20:42:29,657 [INFO] t:   2 s, Board temperature: 41.0 °C, FPGA temperature: 56.9 °C
2026-06-15 20:42:31,234 [INFO] t:   3 s, Board temperature: 41.0 °C, FPGA temperature: 56.9 °C
2026-06-15 20:42:32,791 [INFO] t:   4 s, Board temperature: 41.0 °C, FPGA temperature: 56.9 °C
2026-06-15 20:42:34,341 [INFO] t:   5 s, Board temperature: 40.9 °C, FPGA temperature: 56.9 °C
2026-06-15 20:42:34,341 [INFO] The Time Tagger is warmed up.
2026-06-15 20:42:34,342 [INFO] Time Tagger initialized.
2026-06-15 20:42:34,344 [INFO] Chunk 3/6 | Elapsed: 30.0 min
2026-06-15 20:42:34,344 [INFO] Initializing experiment on Time Tagger.
2026-06-15 20:42:34,345 [INFO] Deadtime for channel 1: 0 ps
2026-06-15 20:42:34,346 [INFO] Deadtime for channel 2: 0 ps
2026-06-15 20:42:34,347 [INFO] Deadtime for channel 3: 0 ps
2026-06-15 20:42:34,347 [INFO] Deadtime for channel 4: 0 ps
2026-06-15 20:42:34,348 [INFO] Deadtime for channel 5: 0 ps
2026-06-15 20:42:34,349 [INFO] Deadtime for channel 6: 0 ps
2026-06-15 20:42:34,349 [INFO] Delays on channels enabled.
2026-06-15 20:42:34,350 [INFO] Delay for channel 1: requested=0 ps, actual=0 ps
2026-06-15 20:42:34,351 [INFO] Delay for channel 2: requested=-1000 ps, actual=-1000 ps
2026-06-15 20:42:34,351 [INFO] Delay for channel 3: requested=20000 ps, actual=20000 ps
2026-06-15 20:42:34,352 [INFO] Delay for channel 4: requested=16500 ps, actual=16500 ps
2026-06-15 20:42:34,353 [INFO] Delay for channel 5: requested=17800 ps, actual=17800 ps
2026-06-15 20:42:34,353 [INFO] Delay for channel 6: requested=17300 ps, actual=17300 ps
2026-06-15 20:42:34,354 [INFO] Executing synchronized correlation measurement.
2026-06-15 20:42:34,360 [INFO] Delays on channels enabled.
2026-06-15 20:42:34,361 [INFO] Delay for channel 1: requested=0 ps, actual=0 ps.
2026-06-15 20:42:34,361 [INFO] Delay for channel 2: requested=-1000 ps, actual=-1000 ps.
2026-06-15 20:42:34,362 [INFO] Delay for channel 3: requested=20000 ps, actual=20000 ps.
2026-06-15 20:42:34,363 [INFO] Delay for channel 4: requested=16500 ps, actual=16500 ps.
2026-06-15 20:42:34,363 [INFO] Delay for channel 5: requested=17800 ps, actual=17800 ps.
2026-06-15 20:42:34,365 [INFO] Delay for channel 6: requested=17300 ps, actual=17300 ps.
2026-06-15 20:42:34,365 [INFO] Initializing measurement with virtual mode channels for ALL heralding permutations.
2026-06-15 20:42:34,366 [INFO] Automatically generated modes from input: {'H3': [1, 2], 'H4': [3, 4], 'H5': [5, 6]}
2026-06-15 20:42:34,366 [INFO] Setting up virtual channels...
2026-06-15 20:42:34,368 [INFO] Initializing physical channel correlation histograms...
2026-06-15 20:42:34,369 [INFO]   Physical correlation: ch1 <-> ch2
2026-06-15 20:42:34,369 [INFO]   Physical correlation: ch1 <-> ch3
2026-06-15 20:42:34,370 [INFO]   Physical correlation: ch1 <-> ch4
2026-06-15 20:42:34,371 [INFO]   Physical correlation: ch1 <-> ch5
2026-06-15 20:42:34,371 [INFO]   Physical correlation: ch1 <-> ch6
2026-06-15 20:42:34,372 [INFO]   Physical correlation: ch2 <-> ch3
2026-06-15 20:42:34,373 [INFO]   Physical correlation: ch2 <-> ch4
2026-06-15 20:42:34,373 [INFO]   Physical correlation: ch2 <-> ch5
2026-06-15 20:42:34,374 [INFO]   Physical correlation: ch2 <-> ch6
2026-06-15 20:42:34,375 [INFO]   Physical correlation: ch3 <-> ch4
2026-06-15 20:42:34,375 [INFO]   Physical correlation: ch3 <-> ch5
2026-06-15 20:42:34,376 [INFO]   Physical correlation: ch3 <-> ch6
2026-06-15 20:42:34,377 [INFO]   Physical correlation: ch4 <-> ch5
2026-06-15 20:42:34,378 [INFO]   Physical correlation: ch4 <-> ch6
2026-06-15 20:42:34,378 [INFO]   Physical correlation: ch5 <-> ch6
2026-06-15 20:42:34,379 [INFO] Initializing virtual mode correlation histograms...
2026-06-15 20:42:34,380 [INFO]   Within-mode (H3): ch1 <-> ch2
2026-06-15 20:42:34,381 [INFO]   Cross-mode: H3 <-> H4
2026-06-15 20:42:34,381 [INFO]   Cross-mode: H3 <-> H5
2026-06-15 20:42:34,382 [INFO]   Within-mode (H4): ch3 <-> ch4
2026-06-15 20:42:34,383 [INFO]   Cross-mode: H4 <-> H5
2026-06-15 20:42:34,383 [INFO]   Within-mode (H5): ch5 <-> ch6
2026-06-15 20:42:34,385 [INFO] Measurement starting for 10.000min / 0.167h
2026-06-15 20:52:34,828 [INFO] Measurements finished.
2026-06-15 20:52:34,828 [INFO] Collecting measurement data...
2026-06-15 20:52:34,830 [INFO] Collecting physical correlation data for (1,2)
2026-06-15 20:52:34,832 [INFO] Collecting physical correlation data for (1,3)
2026-06-15 20:52:34,835 [INFO] Collecting physical correlation data for (1,4)
2026-06-15 20:52:34,837 [INFO] Collecting physical correlation data for (1,5)
2026-06-15 20:52:34,839 [INFO] Collecting physical correlation data for (1,6)
2026-06-15 20:52:34,841 [INFO] Collecting physical correlation data for (2,3)
2026-06-15 20:52:34,843 [INFO] Collecting physical correlation data for (2,4)
2026-06-15 20:52:34,846 [INFO] Collecting physical correlation data for (2,5)
2026-06-15 20:52:34,848 [INFO] Collecting physical correlation data for (2,6)
2026-06-15 20:52:34,851 [INFO] Collecting physical correlation data for (3,4)
2026-06-15 20:52:34,853 [INFO] Collecting physical correlation data for (3,5)
2026-06-15 20:52:34,856 [INFO] Collecting physical correlation data for (3,6)
2026-06-15 20:52:34,857 [INFO] Collecting physical correlation data for (4,5)
2026-06-15 20:52:34,860 [INFO] Collecting physical correlation data for (4,6)
2026-06-15 20:52:34,862 [INFO] Collecting physical correlation data for (5,6)
2026-06-15 20:52:34,864 [INFO] Collecting virtual correlation data for (H3,H3)
2026-06-15 20:52:34,867 [INFO] Collecting virtual correlation data for (H3,H4)
2026-06-15 20:52:34,871 [INFO] Collecting virtual correlation data for (H3,H5)
2026-06-15 20:52:34,873 [INFO] Collecting virtual correlation data for (H4,H4)
2026-06-15 20:52:34,876 [INFO] Collecting virtual correlation data for (H4,H5)
2026-06-15 20:52:34,879 [INFO] Collecting virtual correlation data for (H5,H5)
2026-06-15 20:52:34,903 [INFO] Starting writing data to file.
2026-06-15 20:52:34,994 [INFO] Saved data.
2026-06-15 20:52:35,133 [INFO] Merging 1 chunks into running total...
2026-06-15 20:52:35,313 [INFO] ============================================================
2026-06-15 20:52:35,314 [INFO] STATUS REPORT | Duration: 30.00 min (0.500 h)
2026-06-15 20:52:35,314 [INFO] ============================================================
2026-06-15 20:52:35,315 [INFO] COUNTRATES (Physical):
2026-06-15 20:52:35,316 [INFO]   Ch 1: 511.4 kHz (total: 920,564,446)
2026-06-15 20:52:35,317 [INFO]   Ch 2: 650.8 kHz (total: 1,171,442,645)
2026-06-15 20:52:35,317 [INFO]   Ch 3: 531.4 kHz (total: 956,435,912)
2026-06-15 20:52:35,318 [INFO]   Ch 4: 527.0 kHz (total: 948,589,935)
2026-06-15 20:52:35,318 [INFO]   Ch 5: 26.1 kHz (total: 46,936,973)
2026-06-15 20:52:35,319 [INFO]   Ch 6: 25.9 kHz (total: 46,598,031)
2026-06-15 20:52:35,320 [INFO] COUNTRATES (Virtual):
2026-06-15 20:52:35,321 [INFO]   H3: 1162.2 kHz (total: 2,092,007,091)
2026-06-15 20:52:35,322 [INFO]   H4: 1058.3 kHz (total: 1,905,025,847)
2026-06-15 20:52:35,322 [INFO]   H5: 52.0 kHz (total: 93,535,004)
2026-06-15 20:52:35,323 [INFO] ------------------------------------------------------------
2026-06-15 20:52:35,324 [INFO] COINCIDENCES (threshold: 100000)
2026-06-15 20:52:35,324 [INFO] ------------------------------------------------------------
2026-06-15 20:52:35,325 [INFO] Twofold (physical) (Reached Threshold):
2026-06-15 20:52:35,326 [INFO]   (1,2): 35,097,494 Y
2026-06-15 20:52:35,327 [INFO]   (1,3): 29,405,357 Y
2026-06-15 20:52:35,327 [INFO]   (1,4): 29,107,610 Y
2026-06-15 20:52:35,328 [INFO]   (1,5): 1,459,701 Y
2026-06-15 20:52:35,328 [INFO]   (1,6): 1,444,752 Y
2026-06-15 20:52:35,328 [INFO]   (2,3): 36,921,967 Y
2026-06-15 20:52:35,329 [INFO]   (2,4): 36,545,444 Y
2026-06-15 20:52:35,329 [INFO]   (2,5): 1,828,165 Y
2026-06-15 20:52:35,330 [INFO]   (2,6): 1,815,103 Y
2026-06-15 20:52:35,331 [INFO]   (3,4): 30,593,984 Y
2026-06-15 20:52:35,331 [INFO]   (3,5): 1,539,185 Y
2026-06-15 20:52:35,333 [INFO]   (3,6): 1,522,346 Y
2026-06-15 20:52:35,333 [INFO]   (4,5): 1,522,858 Y
2026-06-15 20:52:35,334 [INFO]   (4,6): 1,510,313 Y
2026-06-15 20:52:35,335 [INFO]   (5,6): 75,970 X
2026-06-15 20:52:35,335 [INFO] ============================================================
2026-06-15 20:52:35,336 [INFO] >>> 1 combination(s) below threshold <<<
2026-06-15 20:52:35,337 [INFO] ============================================================
2026-06-15 20:52:35,420 [INFO] Updated merged data: C:\Users\QUANTUM\OneDrive - ENSTA\!Working files\HBT\HBT Data\Tests_Jun\2026-06-15_20-01-37_g2_heralded_virtual\MERGED\20-01-37_2026-06-15_18.32mW_num0_MERGED.pkl
2026-06-15 20:52:35,476 [INFO] Found 0 connected Time Tagger(s)
2026-06-15 20:52:37,093 [INFO] t:   1 s, Board temperature: 40.4 °C, FPGA temperature: 56.6 °C
2026-06-15 20:52:38,643 [INFO] t:   2 s, Board temperature: 40.4 °C, FPGA temperature: 56.6 °C
2026-06-15 20:52:40,210 [INFO] t:   3 s, Board temperature: 40.6 °C, FPGA temperature: 56.6 °C
2026-06-15 20:52:41,779 [INFO] t:   4 s, Board temperature: 40.6 °C, FPGA temperature: 56.6 °C
2026-06-15 20:52:43,325 [INFO] t:   5 s, Board temperature: 40.7 °C, FPGA temperature: 56.6 °C
2026-06-15 20:52:43,325 [INFO] The Time Tagger is warmed up.
2026-06-15 20:52:43,326 [INFO] Time Tagger initialized.
2026-06-15 20:52:43,328 [INFO] Chunk 4/6 | Elapsed: 40.0 min
2026-06-15 20:52:43,328 [INFO] Initializing experiment on Time Tagger.
2026-06-15 20:52:43,330 [INFO] Deadtime for channel 1: 0 ps
2026-06-15 20:52:43,330 [INFO] Deadtime for channel 2: 0 ps
2026-06-15 20:52:43,331 [INFO] Deadtime for channel 3: 0 ps
2026-06-15 20:52:43,332 [INFO] Deadtime for channel 4: 0 ps
2026-06-15 20:52:43,333 [INFO] Deadtime for channel 5: 0 ps
2026-06-15 20:52:43,334 [INFO] Deadtime for channel 6: 0 ps
2026-06-15 20:52:43,334 [INFO] Delays on channels enabled.
2026-06-15 20:52:43,335 [INFO] Delay for channel 1: requested=0 ps, actual=0 ps
2026-06-15 20:52:43,336 [INFO] Delay for channel 2: requested=-1000 ps, actual=-1000 ps
2026-06-15 20:52:43,337 [INFO] Delay for channel 3: requested=20000 ps, actual=20000 ps
2026-06-15 20:52:43,337 [INFO] Delay for channel 4: requested=16500 ps, actual=16500 ps
2026-06-15 20:52:43,344 [INFO] Delay for channel 5: requested=17800 ps, actual=17800 ps
2026-06-15 20:52:43,345 [INFO] Delay for channel 6: requested=17300 ps, actual=17300 ps
2026-06-15 20:52:43,346 [INFO] Executing synchronized correlation measurement.
2026-06-15 20:52:43,347 [INFO] Delays on channels enabled.
2026-06-15 20:52:43,347 [INFO] Delay for channel 1: requested=0 ps, actual=0 ps.
2026-06-15 20:52:43,349 [INFO] Delay for channel 2: requested=-1000 ps, actual=-1000 ps.
2026-06-15 20:52:43,349 [INFO] Delay for channel 3: requested=20000 ps, actual=20000 ps.
2026-06-15 20:52:43,350 [INFO] Delay for channel 4: requested=16500 ps, actual=16500 ps.
2026-06-15 20:52:43,351 [INFO] Delay for channel 5: requested=17800 ps, actual=17800 ps.
2026-06-15 20:52:43,352 [INFO] Delay for channel 6: requested=17300 ps, actual=17300 ps.
2026-06-15 20:52:43,353 [INFO] Initializing measurement with virtual mode channels for ALL heralding permutations.
2026-06-15 20:52:43,354 [INFO] Automatically generated modes from input: {'H3': [1, 2], 'H4': [3, 4], 'H5': [5, 6]}
2026-06-15 20:52:43,355 [INFO] Setting up virtual channels...
2026-06-15 20:52:43,357 [INFO] Initializing physical channel correlation histograms...
2026-06-15 20:52:43,358 [INFO]   Physical correlation: ch1 <-> ch2
2026-06-15 20:52:43,359 [INFO]   Physical correlation: ch1 <-> ch3
2026-06-15 20:52:43,359 [INFO]   Physical correlation: ch1 <-> ch4
2026-06-15 20:52:43,360 [INFO]   Physical correlation: ch1 <-> ch5
2026-06-15 20:52:43,361 [INFO]   Physical correlation: ch1 <-> ch6
2026-06-15 20:52:43,362 [INFO]   Physical correlation: ch2 <-> ch3
2026-06-15 20:52:43,363 [INFO]   Physical correlation: ch2 <-> ch4
2026-06-15 20:52:43,364 [INFO]   Physical correlation: ch2 <-> ch5
2026-06-15 20:52:43,365 [INFO]   Physical correlation: ch2 <-> ch6
2026-06-15 20:52:43,365 [INFO]   Physical correlation: ch3 <-> ch4
2026-06-15 20:52:43,366 [INFO]   Physical correlation: ch3 <-> ch5
2026-06-15 20:52:43,367 [INFO]   Physical correlation: ch3 <-> ch6
2026-06-15 20:52:43,367 [INFO]   Physical correlation: ch4 <-> ch5
2026-06-15 20:52:43,368 [INFO]   Physical correlation: ch4 <-> ch6
2026-06-15 20:52:43,369 [INFO]   Physical correlation: ch5 <-> ch6
2026-06-15 20:52:43,370 [INFO] Initializing virtual mode correlation histograms...
2026-06-15 20:52:43,370 [INFO]   Within-mode (H3): ch1 <-> ch2
2026-06-15 20:52:43,371 [INFO]   Cross-mode: H3 <-> H4
2026-06-15 20:52:43,372 [INFO]   Cross-mode: H3 <-> H5
2026-06-15 20:52:43,372 [INFO]   Within-mode (H4): ch3 <-> ch4
2026-06-15 20:52:43,373 [INFO]   Cross-mode: H4 <-> H5
2026-06-15 20:52:43,374 [INFO]   Within-mode (H5): ch5 <-> ch6
2026-06-15 20:52:43,376 [INFO] Measurement starting for 10.000min / 0.167h
2026-06-15 21:02:46,286 [INFO] Measurements finished.
2026-06-15 21:02:46,287 [INFO] Collecting measurement data...
2026-06-15 21:02:46,288 [INFO] Collecting physical correlation data for (1,2)
2026-06-15 21:02:46,290 [INFO] Collecting physical correlation data for (1,3)
2026-06-15 21:02:46,293 [INFO] Collecting physical correlation data for (1,4)
2026-06-15 21:02:46,296 [INFO] Collecting physical correlation data for (1,5)
2026-06-15 21:02:46,298 [INFO] Collecting physical correlation data for (1,6)
2026-06-15 21:02:46,301 [INFO] Collecting physical correlation data for (2,3)
2026-06-15 21:02:46,304 [INFO] Collecting physical correlation data for (2,4)
2026-06-15 21:02:46,307 [INFO] Collecting physical correlation data for (2,5)
2026-06-15 21:02:46,309 [INFO] Collecting physical correlation data for (2,6)
2026-06-15 21:02:46,311 [INFO] Collecting physical correlation data for (3,4)
2026-06-15 21:02:46,314 [INFO] Collecting physical correlation data for (3,5)
2026-06-15 21:02:46,317 [INFO] Collecting physical correlation data for (3,6)
2026-06-15 21:02:46,319 [INFO] Collecting physical correlation data for (4,5)
2026-06-15 21:02:46,323 [INFO] Collecting physical correlation data for (4,6)
2026-06-15 21:02:46,326 [INFO] Collecting physical correlation data for (5,6)
2026-06-15 21:02:46,329 [INFO] Collecting virtual correlation data for (H3,H3)
2026-06-15 21:02:46,334 [INFO] Collecting virtual correlation data for (H3,H4)
2026-06-15 21:02:46,338 [INFO] Collecting virtual correlation data for (H3,H5)
2026-06-15 21:02:46,341 [INFO] Collecting virtual correlation data for (H4,H4)
2026-06-15 21:02:46,345 [INFO] Collecting virtual correlation data for (H4,H5)
2026-06-15 21:02:46,348 [INFO] Collecting virtual correlation data for (H5,H5)
2026-06-15 21:02:46,590 [INFO] Starting writing data to file.
2026-06-15 21:02:46,680 [INFO] Saved data.
2026-06-15 21:02:46,820 [INFO] Merging 1 chunks into running total...
2026-06-15 21:02:46,999 [INFO] ============================================================
2026-06-15 21:02:47,000 [INFO] STATUS REPORT | Duration: 40.00 min (0.667 h)
2026-06-15 21:02:47,000 [INFO] ============================================================
2026-06-15 21:02:47,001 [INFO] COUNTRATES (Physical):
2026-06-15 21:02:47,002 [INFO]   Ch 1: 511.3 kHz (total: 1,227,074,568)
2026-06-15 21:02:47,003 [INFO]   Ch 2: 650.5 kHz (total: 1,561,302,904)
2026-06-15 21:02:47,004 [INFO]   Ch 3: 531.0 kHz (total: 1,274,290,674)
2026-06-15 21:02:47,005 [INFO]   Ch 4: 526.6 kHz (total: 1,263,834,679)
2026-06-15 21:02:47,005 [INFO]   Ch 5: 26.1 kHz (total: 62,541,924)
2026-06-15 21:02:47,006 [INFO]   Ch 6: 25.9 kHz (total: 62,070,735)
2026-06-15 21:02:47,006 [INFO] COUNTRATES (Virtual):
2026-06-15 21:02:47,007 [INFO]   H3: 1161.8 kHz (total: 2,788,377,472)
2026-06-15 21:02:47,007 [INFO]   H4: 1057.6 kHz (total: 2,538,125,353)
2026-06-15 21:02:47,008 [INFO]   H5: 51.9 kHz (total: 124,612,659)
2026-06-15 21:02:47,009 [INFO] ------------------------------------------------------------
2026-06-15 21:02:47,010 [INFO] COINCIDENCES (threshold: 100000)
2026-06-15 21:02:47,010 [INFO] ------------------------------------------------------------
2026-06-15 21:02:47,011 [INFO] Twofold (physical) (Reached Threshold):
2026-06-15 21:02:47,011 [INFO]   (1,2): 46,753,160 Y
2026-06-15 21:02:47,012 [INFO]   (1,3): 39,154,902 Y
2026-06-15 21:02:47,012 [INFO]   (1,4): 38,762,371 Y
2026-06-15 21:02:47,013 [INFO]   (1,5): 1,943,929 Y
2026-06-15 21:02:47,014 [INFO]   (1,6): 1,923,567 Y
2026-06-15 21:02:47,014 [INFO]   (2,3): 49,160,464 Y
2026-06-15 21:02:47,015 [INFO]   (2,4): 48,660,835 Y
2026-06-15 21:02:47,016 [INFO]   (2,5): 2,433,828 Y
2026-06-15 21:02:47,016 [INFO]   (2,6): 2,414,902 Y
2026-06-15 21:02:47,017 [INFO]   (3,4): 40,709,452 Y
2026-06-15 21:02:47,017 [INFO]   (3,5): 2,047,908 Y
2026-06-15 21:02:47,018 [INFO]   (3,6): 2,026,296 Y
2026-06-15 21:02:47,019 [INFO]   (4,5): 2,026,614 Y
2026-06-15 21:02:47,019 [INFO]   (4,6): 2,008,549 Y
2026-06-15 21:02:47,020 [INFO]   (5,6): 100,959 Y
2026-06-15 21:02:47,020 [INFO] ============================================================
2026-06-15 21:02:47,021 [INFO] >>> ALL THRESHOLDS REACHED <<<
2026-06-15 21:02:47,021 [INFO] ============================================================
2026-06-15 21:02:47,104 [INFO] Updated merged data: C:\Users\QUANTUM\OneDrive - ENSTA\!Working files\HBT\HBT Data\Tests_Jun\2026-06-15_20-01-37_g2_heralded_virtual\MERGED\20-01-37_2026-06-15_18.32mW_num0_MERGED.pkl
2026-06-15 21:02:47,105 [INFO] >>> THRESHOLD REACHED - STOPPING EARLY <<<
2026-06-15 21:02:47,190 [INFO] Final merged data saved to: C:\Users\QUANTUM\OneDrive - ENSTA\!Working files\HBT\HBT Data\Tests_Jun\2026-06-15_20-01-37_g2_heralded_virtual\MERGED\20-01-37_2026-06-15_18.32mW_num0_MERGED.pkl
2026-06-15 21:02:47,191 [INFO] Total merged duration: 40.00 min
2026-06-15 21:02:47,192 [INFO] Measurement completed in 40.66 min
2026-06-15 21:02:48,040 [INFO] Stage Position: 31.0
2026-06-15 21:02:48,040 [INFO] Starting chunked acquisition (max 6 chunks / 60.0 min)
2026-06-15 21:02:48,041 [INFO] Chunk duration: 10 min
2026-06-15 21:02:48,042 [INFO] Threshold: 100000 counts, checking every 1 chunks
2026-06-15 21:02:48,120 [INFO] Found 0 connected Time Tagger(s)
2026-06-15 21:02:49,736 [INFO] t:   1 s, Board temperature: 41.1 °C, FPGA temperature: 57.2 °C
2026-06-15 21:02:51,282 [INFO] t:   2 s, Board temperature: 41.1 °C, FPGA temperature: 57.2 °C
2026-06-15 21:02:52,866 [INFO] t:   3 s, Board temperature: 41.2 °C, FPGA temperature: 57.3 °C
2026-06-15 21:02:54,412 [INFO] t:   4 s, Board temperature: 41.1 °C, FPGA temperature: 57.3 °C
2026-06-15 21:02:55,971 [INFO] t:   5 s, Board temperature: 41.1 °C, FPGA temperature: 57.2 °C
2026-06-15 21:02:55,972 [INFO] The Time Tagger is warmed up.
2026-06-15 21:02:55,973 [INFO] Time Tagger initialized.
2026-06-15 21:02:55,974 [INFO] Chunk 1/6 | Elapsed: 10.0 min
2026-06-15 21:02:55,975 [INFO] Initializing experiment on Time Tagger.
2026-06-15 21:02:55,976 [INFO] Deadtime for channel 1: 0 ps
2026-06-15 21:02:55,976 [INFO] Deadtime for channel 2: 0 ps
2026-06-15 21:02:55,977 [INFO] Deadtime for channel 3: 0 ps
2026-06-15 21:02:55,978 [INFO] Deadtime for channel 4: 0 ps
2026-06-15 21:02:55,979 [INFO] Deadtime for channel 5: 0 ps
2026-06-15 21:02:55,979 [INFO] Deadtime for channel 6: 0 ps
2026-06-15 21:02:55,980 [INFO] Delays on channels enabled.
2026-06-15 21:02:55,980 [INFO] Delay for channel 1: requested=0 ps, actual=0 ps
2026-06-15 21:02:55,981 [INFO] Delay for channel 2: requested=-1000 ps, actual=-1000 ps
2026-06-15 21:02:55,982 [INFO] Delay for channel 3: requested=20000 ps, actual=20000 ps
2026-06-15 21:02:55,982 [INFO] Delay for channel 4: requested=16500 ps, actual=16500 ps
2026-06-15 21:02:55,983 [INFO] Delay for channel 5: requested=17800 ps, actual=17800 ps
2026-06-15 21:02:55,983 [INFO] Delay for channel 6: requested=17300 ps, actual=17300 ps
2026-06-15 21:02:55,984 [INFO] Executing synchronized correlation measurement.
2026-06-15 21:02:55,985 [INFO] Delays on channels enabled.
2026-06-15 21:02:55,986 [INFO] Delay for channel 1: requested=0 ps, actual=0 ps.
2026-06-15 21:02:55,986 [INFO] Delay for channel 2: requested=-1000 ps, actual=-1000 ps.
2026-06-15 21:02:55,987 [INFO] Delay for channel 3: requested=20000 ps, actual=20000 ps.
2026-06-15 21:02:55,987 [INFO] Delay for channel 4: requested=16500 ps, actual=16500 ps.
2026-06-15 21:02:55,988 [INFO] Delay for channel 5: requested=17800 ps, actual=17800 ps.
2026-06-15 21:02:55,989 [INFO] Delay for channel 6: requested=17300 ps, actual=17300 ps.
2026-06-15 21:02:55,989 [INFO] Initializing measurement with virtual mode channels for ALL heralding permutations.
2026-06-15 21:02:55,990 [INFO] Automatically generated modes from input: {'H3': [1, 2], 'H4': [3, 4], 'H5': [5, 6]}
2026-06-15 21:02:55,990 [INFO] Setting up virtual channels...
2026-06-15 21:02:55,992 [INFO] Initializing physical channel correlation histograms...
2026-06-15 21:02:55,992 [INFO]   Physical correlation: ch1 <-> ch2
2026-06-15 21:02:55,993 [INFO]   Physical correlation: ch1 <-> ch3
2026-06-15 21:02:55,994 [INFO]   Physical correlation: ch1 <-> ch4
2026-06-15 21:02:55,994 [INFO]   Physical correlation: ch1 <-> ch5
2026-06-15 21:02:55,995 [INFO]   Physical correlation: ch1 <-> ch6
2026-06-15 21:02:55,996 [INFO]   Physical correlation: ch2 <-> ch3
2026-06-15 21:02:55,997 [INFO]   Physical correlation: ch2 <-> ch4
2026-06-15 21:02:55,997 [INFO]   Physical correlation: ch2 <-> ch5
2026-06-15 21:02:55,998 [INFO]   Physical correlation: ch2 <-> ch6
2026-06-15 21:02:55,999 [INFO]   Physical correlation: ch3 <-> ch4
2026-06-15 21:02:55,999 [INFO]   Physical correlation: ch3 <-> ch5
2026-06-15 21:02:56,000 [INFO]   Physical correlation: ch3 <-> ch6
2026-06-15 21:02:56,001 [INFO]   Physical correlation: ch4 <-> ch5
2026-06-15 21:02:56,001 [INFO]   Physical correlation: ch4 <-> ch6
2026-06-15 21:02:56,002 [INFO]   Physical correlation: ch5 <-> ch6
2026-06-15 21:02:56,003 [INFO] Initializing virtual mode correlation histograms...
2026-06-15 21:02:56,003 [INFO]   Within-mode (H3): ch1 <-> ch2
2026-06-15 21:02:56,004 [INFO]   Cross-mode: H3 <-> H4
2026-06-15 21:02:56,005 [INFO]   Cross-mode: H3 <-> H5
2026-06-15 21:02:56,005 [INFO]   Within-mode (H4): ch3 <-> ch4
2026-06-15 21:02:56,006 [INFO]   Cross-mode: H4 <-> H5
2026-06-15 21:02:56,007 [INFO]   Within-mode (H5): ch5 <-> ch6
2026-06-15 21:02:56,008 [INFO] Measurement starting for 10.000min / 0.167h
2026-06-15 21:12:56,136 [INFO] Measurements finished.
2026-06-15 21:12:56,138 [INFO] Collecting measurement data...
2026-06-15 21:12:56,139 [INFO] Collecting physical correlation data for (1,2)
2026-06-15 21:12:56,141 [INFO] Collecting physical correlation data for (1,3)
2026-06-15 21:12:56,142 [INFO] Collecting physical correlation data for (1,4)
2026-06-15 21:12:56,145 [INFO] Collecting physical correlation data for (1,5)
2026-06-15 21:12:56,147 [INFO] Collecting physical correlation data for (1,6)
2026-06-15 21:12:56,149 [INFO] Collecting physical correlation data for (2,3)
2026-06-15 21:12:56,152 [INFO] Collecting physical correlation data for (2,4)
2026-06-15 21:12:56,155 [INFO] Collecting physical correlation data for (2,5)
2026-06-15 21:12:56,157 [INFO] Collecting physical correlation data for (2,6)
2026-06-15 21:12:56,159 [INFO] Collecting physical correlation data for (3,4)
2026-06-15 21:12:56,162 [INFO] Collecting physical correlation data for (3,5)
2026-06-15 21:12:56,164 [INFO] Collecting physical correlation data for (3,6)
2026-06-15 21:12:56,167 [INFO] Collecting physical correlation data for (4,5)
2026-06-15 21:12:56,169 [INFO] Collecting physical correlation data for (4,6)
2026-06-15 21:12:56,171 [INFO] Collecting physical correlation data for (5,6)
2026-06-15 21:12:56,173 [INFO] Collecting virtual correlation data for (H3,H3)
2026-06-15 21:12:56,176 [INFO] Collecting virtual correlation data for (H3,H4)
2026-06-15 21:12:56,178 [INFO] Collecting virtual correlation data for (H3,H5)
2026-06-15 21:12:56,181 [INFO] Collecting virtual correlation data for (H4,H4)
2026-06-15 21:12:56,183 [INFO] Collecting virtual correlation data for (H4,H5)
2026-06-15 21:12:56,185 [INFO] Collecting virtual correlation data for (H5,H5)
2026-06-15 21:12:56,211 [INFO] Starting writing data to file.
2026-06-15 21:12:56,293 [INFO] Saved data.
2026-06-15 21:12:56,435 [INFO] Merging 1 chunks into running total...
2026-06-15 21:12:56,436 [INFO] ============================================================
2026-06-15 21:12:56,437 [INFO] STATUS REPORT | Duration: 10.00 min (0.167 h)
2026-06-15 21:12:56,438 [INFO] ============================================================
2026-06-15 21:12:56,438 [INFO] COUNTRATES (Physical):
2026-06-15 21:12:56,439 [INFO]   Ch 1: 336.1 kHz (total: 201,685,949)
2026-06-15 21:12:56,440 [INFO]   Ch 2: 429.1 kHz (total: 257,472,089)
2026-06-15 21:12:56,441 [INFO]   Ch 3: 302.8 kHz (total: 181,659,502)
2026-06-15 21:12:56,441 [INFO]   Ch 4: 300.4 kHz (total: 180,228,338)
2026-06-15 21:12:56,442 [INFO]   Ch 5: 13.0 kHz (total: 7,782,613)
2026-06-15 21:12:56,442 [INFO]   Ch 6: 12.9 kHz (total: 7,730,131)
2026-06-15 21:12:56,443 [INFO] COUNTRATES (Virtual):
2026-06-15 21:12:56,443 [INFO]   H3: 765.3 kHz (total: 459,158,038)
2026-06-15 21:12:56,444 [INFO]   H4: 603.1 kHz (total: 361,887,840)
2026-06-15 21:12:56,445 [INFO]   H5: 25.9 kHz (total: 15,512,744)
2026-06-15 21:12:56,445 [INFO] ------------------------------------------------------------
2026-06-15 21:12:56,446 [INFO] COINCIDENCES (threshold: 100000)
2026-06-15 21:12:56,446 [INFO] ------------------------------------------------------------
2026-06-15 21:12:56,447 [INFO] Twofold (physical) (Reached Threshold):
2026-06-15 21:12:56,448 [INFO]   (1,2): 5,079,652 Y
2026-06-15 21:12:56,449 [INFO]   (1,3): 3,676,111 Y
2026-06-15 21:12:56,449 [INFO]   (1,4): 3,640,666 Y
2026-06-15 21:12:56,450 [INFO]   (1,5): 159,304 Y
2026-06-15 21:12:56,450 [INFO]   (1,6): 157,927 Y
2026-06-15 21:12:56,451 [INFO]   (2,3): 4,630,378 Y
2026-06-15 21:12:56,451 [INFO]   (2,4): 4,582,844 Y
2026-06-15 21:12:56,452 [INFO]   (2,5): 200,825 Y
2026-06-15 21:12:56,453 [INFO]   (2,6): 197,741 Y
2026-06-15 21:12:56,453 [INFO]   (3,4): 3,315,243 Y
2026-06-15 21:12:56,454 [INFO]   (3,5): 146,060 Y
2026-06-15 21:12:56,455 [INFO]   (3,6): 143,834 Y
2026-06-15 21:12:56,455 [INFO]   (4,5): 145,051 Y
2026-06-15 21:12:56,456 [INFO]   (4,6): 143,088 Y
2026-06-15 21:12:56,456 [INFO]   (5,6): 6,393 X
2026-06-15 21:12:56,457 [INFO] ============================================================
2026-06-15 21:12:56,458 [INFO] >>> 1 combination(s) below threshold <<<
2026-06-15 21:12:56,458 [INFO] ============================================================
2026-06-15 21:12:56,545 [INFO] Updated merged data: C:\Users\QUANTUM\OneDrive - ENSTA\!Working files\HBT\HBT Data\Tests_Jun\2026-06-15_20-01-37_g2_heralded_virtual\MERGED\20-01-37_2026-06-15_15.86mW_num0_MERGED.pkl
2026-06-15 21:12:56,586 [INFO] Found 0 connected Time Tagger(s)
2026-06-15 21:12:58,226 [INFO] t:   1 s, Board temperature: 40.9 °C, FPGA temperature: 56.9 °C
2026-06-15 21:12:59,775 [INFO] t:   2 s, Board temperature: 41.0 °C, FPGA temperature: 56.9 °C
2026-06-15 21:13:01,329 [INFO] t:   3 s, Board temperature: 41.0 °C, FPGA temperature: 57.0 °C
2026-06-15 21:13:02,881 [INFO] t:   4 s, Board temperature: 41.2 °C, FPGA temperature: 56.9 °C
2026-06-15 21:13:04,442 [INFO] t:   5 s, Board temperature: 41.1 °C, FPGA temperature: 56.9 °C
2026-06-15 21:13:04,442 [INFO] The Time Tagger is warmed up.
2026-06-15 21:13:04,443 [INFO] Time Tagger initialized.
2026-06-15 21:13:04,445 [INFO] Chunk 2/6 | Elapsed: 20.0 min
2026-06-15 21:13:04,445 [INFO] Initializing experiment on Time Tagger.
2026-06-15 21:13:04,446 [INFO] Deadtime for channel 1: 0 ps
2026-06-15 21:13:04,447 [INFO] Deadtime for channel 2: 0 ps
2026-06-15 21:13:04,447 [INFO] Deadtime for channel 3: 0 ps
2026-06-15 21:13:04,448 [INFO] Deadtime for channel 4: 0 ps
2026-06-15 21:13:04,449 [INFO] Deadtime for channel 5: 0 ps
2026-06-15 21:13:04,449 [INFO] Deadtime for channel 6: 0 ps
2026-06-15 21:13:04,450 [INFO] Delays on channels enabled.
2026-06-15 21:13:04,451 [INFO] Delay for channel 1: requested=0 ps, actual=0 ps
2026-06-15 21:13:04,451 [INFO] Delay for channel 2: requested=-1000 ps, actual=-1000 ps
2026-06-15 21:13:04,452 [INFO] Delay for channel 3: requested=20000 ps, actual=20000 ps
2026-06-15 21:13:04,452 [INFO] Delay for channel 4: requested=16500 ps, actual=16500 ps
2026-06-15 21:13:04,453 [INFO] Delay for channel 5: requested=17800 ps, actual=17800 ps
2026-06-15 21:13:04,454 [INFO] Delay for channel 6: requested=17300 ps, actual=17300 ps
2026-06-15 21:13:04,454 [INFO] Executing synchronized correlation measurement.
2026-06-15 21:13:04,455 [INFO] Delays on channels enabled.
2026-06-15 21:13:04,456 [INFO] Delay for channel 1: requested=0 ps, actual=0 ps.
2026-06-15 21:13:04,456 [INFO] Delay for channel 2: requested=-1000 ps, actual=-1000 ps.
2026-06-15 21:13:04,457 [INFO] Delay for channel 3: requested=20000 ps, actual=20000 ps.
2026-06-15 21:13:04,457 [INFO] Delay for channel 4: requested=16500 ps, actual=16500 ps.
2026-06-15 21:13:04,458 [INFO] Delay for channel 5: requested=17800 ps, actual=17800 ps.
2026-06-15 21:13:04,459 [INFO] Delay for channel 6: requested=17300 ps, actual=17300 ps.
2026-06-15 21:13:04,459 [INFO] Initializing measurement with virtual mode channels for ALL heralding permutations.
2026-06-15 21:13:04,460 [INFO] Automatically generated modes from input: {'H3': [1, 2], 'H4': [3, 4], 'H5': [5, 6]}
2026-06-15 21:13:04,461 [INFO] Setting up virtual channels...
2026-06-15 21:13:04,462 [INFO] Initializing physical channel correlation histograms...
2026-06-15 21:13:04,462 [INFO]   Physical correlation: ch1 <-> ch2
2026-06-15 21:13:04,463 [INFO]   Physical correlation: ch1 <-> ch3
2026-06-15 21:13:04,463 [INFO]   Physical correlation: ch1 <-> ch4
2026-06-15 21:13:04,464 [INFO]   Physical correlation: ch1 <-> ch5
2026-06-15 21:13:04,465 [INFO]   Physical correlation: ch1 <-> ch6
2026-06-15 21:13:04,466 [INFO]   Physical correlation: ch2 <-> ch3
2026-06-15 21:13:04,466 [INFO]   Physical correlation: ch2 <-> ch4
2026-06-15 21:13:04,467 [INFO]   Physical correlation: ch2 <-> ch5
2026-06-15 21:13:04,468 [INFO]   Physical correlation: ch2 <-> ch6
2026-06-15 21:13:04,468 [INFO]   Physical correlation: ch3 <-> ch4
2026-06-15 21:13:04,469 [INFO]   Physical correlation: ch3 <-> ch5
2026-06-15 21:13:04,470 [INFO]   Physical correlation: ch3 <-> ch6
2026-06-15 21:13:04,470 [INFO]   Physical correlation: ch4 <-> ch5
2026-06-15 21:13:04,471 [INFO]   Physical correlation: ch4 <-> ch6
2026-06-15 21:13:04,472 [INFO]   Physical correlation: ch5 <-> ch6
2026-06-15 21:13:04,472 [INFO] Initializing virtual mode correlation histograms...
2026-06-15 21:13:04,473 [INFO]   Within-mode (H3): ch1 <-> ch2
2026-06-15 21:13:04,474 [INFO]   Cross-mode: H3 <-> H4
2026-06-15 21:13:04,474 [INFO]   Cross-mode: H3 <-> H5
2026-06-15 21:13:04,475 [INFO]   Within-mode (H4): ch3 <-> ch4
2026-06-15 21:13:04,476 [INFO]   Cross-mode: H4 <-> H5
2026-06-15 21:13:04,476 [INFO]   Within-mode (H5): ch5 <-> ch6
2026-06-15 21:13:04,478 [INFO] Measurement starting for 10.000min / 0.167h
2026-06-15 21:23:04,605 [INFO] Measurements finished.
2026-06-15 21:23:04,606 [INFO] Collecting measurement data...
2026-06-15 21:23:04,607 [INFO] Collecting physical correlation data for (1,2)
2026-06-15 21:23:04,609 [INFO] Collecting physical correlation data for (1,3)
2026-06-15 21:23:04,612 [INFO] Collecting physical correlation data for (1,4)
2026-06-15 21:23:04,614 [INFO] Collecting physical correlation data for (1,5)
2026-06-15 21:23:04,616 [INFO] Collecting physical correlation data for (1,6)
2026-06-15 21:23:04,619 [INFO] Collecting physical correlation data for (2,3)
2026-06-15 21:23:04,622 [INFO] Collecting physical correlation data for (2,4)
2026-06-15 21:23:04,625 [INFO] Collecting physical correlation data for (2,5)
2026-06-15 21:23:04,627 [INFO] Collecting physical correlation data for (2,6)
2026-06-15 21:23:04,629 [INFO] Collecting physical correlation data for (3,4)
2026-06-15 21:23:04,632 [INFO] Collecting physical correlation data for (3,5)
2026-06-15 21:23:04,634 [INFO] Collecting physical correlation data for (3,6)
2026-06-15 21:23:04,637 [INFO] Collecting physical correlation data for (4,5)
2026-06-15 21:23:04,639 [INFO] Collecting physical correlation data for (4,6)
2026-06-15 21:23:04,641 [INFO] Collecting physical correlation data for (5,6)
2026-06-15 21:23:04,643 [INFO] Collecting virtual correlation data for (H3,H3)
2026-06-15 21:23:04,646 [INFO] Collecting virtual correlation data for (H3,H4)
2026-06-15 21:23:04,649 [INFO] Collecting virtual correlation data for (H3,H5)
2026-06-15 21:23:04,651 [INFO] Collecting virtual correlation data for (H4,H4)
2026-06-15 21:23:04,654 [INFO] Collecting virtual correlation data for (H4,H5)
2026-06-15 21:23:04,656 [INFO] Collecting virtual correlation data for (H5,H5)
2026-06-15 21:23:04,679 [INFO] Starting writing data to file.
2026-06-15 21:23:04,767 [INFO] Saved data.
2026-06-15 21:23:04,884 [INFO] Merging 1 chunks into running total...
2026-06-15 21:23:05,078 [INFO] ============================================================
2026-06-15 21:23:05,079 [INFO] STATUS REPORT | Duration: 20.00 min (0.333 h)
2026-06-15 21:23:05,080 [INFO] ============================================================
2026-06-15 21:23:05,081 [INFO] COUNTRATES (Physical):
2026-06-15 21:23:05,082 [INFO]   Ch 1: 335.7 kHz (total: 402,878,237)
2026-06-15 21:23:05,082 [INFO]   Ch 2: 428.5 kHz (total: 514,193,599)
2026-06-15 21:23:05,083 [INFO]   Ch 3: 302.1 kHz (total: 362,555,845)
2026-06-15 21:23:05,084 [INFO]   Ch 4: 299.7 kHz (total: 359,677,679)
2026-06-15 21:23:05,084 [INFO]   Ch 5: 12.9 kHz (total: 15,523,314)
2026-06-15 21:23:05,086 [INFO]   Ch 6: 12.9 kHz (total: 15,422,047)
2026-06-15 21:23:05,086 [INFO] COUNTRATES (Virtual):
2026-06-15 21:23:05,087 [INFO]   H3: 764.2 kHz (total: 917,071,836)
2026-06-15 21:23:05,087 [INFO]   H4: 601.9 kHz (total: 722,233,524)
2026-06-15 21:23:05,088 [INFO]   H5: 25.8 kHz (total: 30,945,361)
2026-06-15 21:23:05,089 [INFO] ------------------------------------------------------------
2026-06-15 21:23:05,090 [INFO] COINCIDENCES (threshold: 100000)
2026-06-15 21:23:05,091 [INFO] ------------------------------------------------------------
2026-06-15 21:23:05,091 [INFO] Twofold (physical) (Reached Threshold):
2026-06-15 21:23:05,092 [INFO]   (1,2): 10,123,903 Y
2026-06-15 21:23:05,093 [INFO]   (1,3): 7,331,187 Y
2026-06-15 21:23:05,094 [INFO]   (1,4): 7,258,444 Y
2026-06-15 21:23:05,095 [INFO]   (1,5): 317,411 Y
2026-06-15 21:23:05,095 [INFO]   (1,6): 315,350 Y
2026-06-15 21:23:05,096 [INFO]   (2,3): 9,229,992 Y
2026-06-15 21:23:05,097 [INFO]   (2,4): 9,134,501 Y
2026-06-15 21:23:05,097 [INFO]   (2,5): 400,037 Y
2026-06-15 21:23:05,098 [INFO]   (2,6): 395,586 Y
2026-06-15 21:23:05,098 [INFO]   (3,4): 6,604,559 Y
2026-06-15 21:23:05,099 [INFO]   (3,5): 290,026 Y
2026-06-15 21:23:05,100 [INFO]   (3,6): 287,497 Y
2026-06-15 21:23:05,101 [INFO]   (4,5): 287,925 Y
2026-06-15 21:23:05,101 [INFO]   (4,6): 285,195 Y
2026-06-15 21:23:05,102 [INFO]   (5,6): 12,666 X
2026-06-15 21:23:05,102 [INFO] ============================================================
2026-06-15 21:23:05,103 [INFO] >>> 1 combination(s) below threshold <<<
2026-06-15 21:23:05,104 [INFO] ============================================================
2026-06-15 21:23:05,190 [INFO] Updated merged data: C:\Users\QUANTUM\OneDrive - ENSTA\!Working files\HBT\HBT Data\Tests_Jun\2026-06-15_20-01-37_g2_heralded_virtual\MERGED\20-01-37_2026-06-15_15.86mW_num0_MERGED.pkl
2026-06-15 21:23:05,229 [INFO] Found 0 connected Time Tagger(s)
2026-06-15 21:23:06,863 [INFO] t:   1 s, Board temperature: 41.0 °C, FPGA temperature: 56.9 °C
2026-06-15 21:23:08,422 [INFO] t:   2 s, Board temperature: 41.1 °C, FPGA temperature: 56.9 °C
2026-06-15 21:23:10,000 [INFO] t:   3 s, Board temperature: 41.1 °C, FPGA temperature: 56.8 °C
2026-06-15 21:23:11,556 [INFO] t:   4 s, Board temperature: 41.1 °C, FPGA temperature: 56.9 °C
2026-06-15 21:23:13,121 [INFO] t:   5 s, Board temperature: 41.0 °C, FPGA temperature: 56.9 °C
2026-06-15 21:23:13,121 [INFO] The Time Tagger is warmed up.
2026-06-15 21:23:13,123 [INFO] Time Tagger initialized.
2026-06-15 21:23:13,124 [INFO] Chunk 3/6 | Elapsed: 30.0 min
2026-06-15 21:23:13,124 [INFO] Initializing experiment on Time Tagger.
2026-06-15 21:23:13,125 [INFO] Deadtime for channel 1: 0 ps
2026-06-15 21:23:13,126 [INFO] Deadtime for channel 2: 0 ps
2026-06-15 21:23:13,126 [INFO] Deadtime for channel 3: 0 ps
2026-06-15 21:23:13,127 [INFO] Deadtime for channel 4: 0 ps
2026-06-15 21:23:13,127 [INFO] Deadtime for channel 5: 0 ps
2026-06-15 21:23:13,128 [INFO] Deadtime for channel 6: 0 ps
2026-06-15 21:23:13,129 [INFO] Delays on channels enabled.
2026-06-15 21:23:13,129 [INFO] Delay for channel 1: requested=0 ps, actual=0 ps
2026-06-15 21:23:13,130 [INFO] Delay for channel 2: requested=-1000 ps, actual=-1000 ps
2026-06-15 21:23:13,131 [INFO] Delay for channel 3: requested=20000 ps, actual=20000 ps
2026-06-15 21:23:13,131 [INFO] Delay for channel 4: requested=16500 ps, actual=16500 ps
2026-06-15 21:23:13,132 [INFO] Delay for channel 5: requested=17800 ps, actual=17800 ps
2026-06-15 21:23:13,133 [INFO] Delay for channel 6: requested=17300 ps, actual=17300 ps
2026-06-15 21:23:13,133 [INFO] Executing synchronized correlation measurement.
2026-06-15 21:23:13,134 [INFO] Delays on channels enabled.
2026-06-15 21:23:13,135 [INFO] Delay for channel 1: requested=0 ps, actual=0 ps.
2026-06-15 21:23:13,135 [INFO] Delay for channel 2: requested=-1000 ps, actual=-1000 ps.
2026-06-15 21:23:13,136 [INFO] Delay for channel 3: requested=20000 ps, actual=20000 ps.
2026-06-15 21:23:13,136 [INFO] Delay for channel 4: requested=16500 ps, actual=16500 ps.
2026-06-15 21:23:13,137 [INFO] Delay for channel 5: requested=17800 ps, actual=17800 ps.
2026-06-15 21:23:13,137 [INFO] Delay for channel 6: requested=17300 ps, actual=17300 ps.
2026-06-15 21:23:13,138 [INFO] Initializing measurement with virtual mode channels for ALL heralding permutations.
2026-06-15 21:23:13,139 [INFO] Automatically generated modes from input: {'H3': [1, 2], 'H4': [3, 4], 'H5': [5, 6]}
2026-06-15 21:23:13,139 [INFO] Setting up virtual channels...
2026-06-15 21:23:13,140 [INFO] Initializing physical channel correlation histograms...
2026-06-15 21:23:13,141 [INFO]   Physical correlation: ch1 <-> ch2
2026-06-15 21:23:13,142 [INFO]   Physical correlation: ch1 <-> ch3
2026-06-15 21:23:13,142 [INFO]   Physical correlation: ch1 <-> ch4
2026-06-15 21:23:13,143 [INFO]   Physical correlation: ch1 <-> ch5
2026-06-15 21:23:13,144 [INFO]   Physical correlation: ch1 <-> ch6
2026-06-15 21:23:13,144 [INFO]   Physical correlation: ch2 <-> ch3
2026-06-15 21:23:13,145 [INFO]   Physical correlation: ch2 <-> ch4
2026-06-15 21:23:13,146 [INFO]   Physical correlation: ch2 <-> ch5
2026-06-15 21:23:13,146 [INFO]   Physical correlation: ch2 <-> ch6
2026-06-15 21:23:13,147 [INFO]   Physical correlation: ch3 <-> ch4
2026-06-15 21:23:13,148 [INFO]   Physical correlation: ch3 <-> ch5
2026-06-15 21:23:13,148 [INFO]   Physical correlation: ch3 <-> ch6
2026-06-15 21:23:13,149 [INFO]   Physical correlation: ch4 <-> ch5
2026-06-15 21:23:13,150 [INFO]   Physical correlation: ch4 <-> ch6
2026-06-15 21:23:13,150 [INFO]   Physical correlation: ch5 <-> ch6
2026-06-15 21:23:13,151 [INFO] Initializing virtual mode correlation histograms...
2026-06-15 21:23:13,152 [INFO]   Within-mode (H3): ch1 <-> ch2
2026-06-15 21:23:13,152 [INFO]   Cross-mode: H3 <-> H4
2026-06-15 21:23:13,153 [INFO]   Cross-mode: H3 <-> H5
2026-06-15 21:23:13,154 [INFO]   Within-mode (H4): ch3 <-> ch4
2026-06-15 21:23:13,154 [INFO]   Cross-mode: H4 <-> H5
2026-06-15 21:23:13,155 [INFO]   Within-mode (H5): ch5 <-> ch6
2026-06-15 21:23:13,156 [INFO] Measurement starting for 10.000min / 0.167h
2026-06-15 21:33:13,288 [INFO] Measurements finished.
2026-06-15 21:33:13,288 [INFO] Collecting measurement data...
2026-06-15 21:33:13,289 [INFO] Collecting physical correlation data for (1,2)
2026-06-15 21:33:13,292 [INFO] Collecting physical correlation data for (1,3)
2026-06-15 21:33:13,294 [INFO] Collecting physical correlation data for (1,4)
2026-06-15 21:33:13,297 [INFO] Collecting physical correlation data for (1,5)
2026-06-15 21:33:13,299 [INFO] Collecting physical correlation data for (1,6)
2026-06-15 21:33:13,301 [INFO] Collecting physical correlation data for (2,3)
2026-06-15 21:33:13,303 [INFO] Collecting physical correlation data for (2,4)
2026-06-15 21:33:13,306 [INFO] Collecting physical correlation data for (2,5)
2026-06-15 21:33:13,309 [INFO] Collecting physical correlation data for (2,6)
2026-06-15 21:33:13,311 [INFO] Collecting physical correlation data for (3,4)
2026-06-15 21:33:13,314 [INFO] Collecting physical correlation data for (3,5)
2026-06-15 21:33:13,317 [INFO] Collecting physical correlation data for (3,6)
2026-06-15 21:33:13,319 [INFO] Collecting physical correlation data for (4,5)
2026-06-15 21:33:13,321 [INFO] Collecting physical correlation data for (4,6)
2026-06-15 21:33:13,324 [INFO] Collecting physical correlation data for (5,6)
2026-06-15 21:33:13,326 [INFO] Collecting virtual correlation data for (H3,H3)
2026-06-15 21:33:13,329 [INFO] Collecting virtual correlation data for (H3,H4)
2026-06-15 21:33:13,332 [INFO] Collecting virtual correlation data for (H3,H5)
2026-06-15 21:33:13,334 [INFO] Collecting virtual correlation data for (H4,H4)
2026-06-15 21:33:13,337 [INFO] Collecting virtual correlation data for (H4,H5)
2026-06-15 21:33:13,339 [INFO] Collecting virtual correlation data for (H5,H5)
2026-06-15 21:33:13,364 [INFO] Starting writing data to file.
2026-06-15 21:33:13,445 [INFO] Saved data.
2026-06-15 21:33:13,601 [INFO] Merging 1 chunks into running total...
2026-06-15 21:33:13,781 [INFO] ============================================================
2026-06-15 21:33:13,781 [INFO] STATUS REPORT | Duration: 30.00 min (0.500 h)
2026-06-15 21:33:13,782 [INFO] ============================================================
2026-06-15 21:33:13,782 [INFO] COUNTRATES (Physical):
2026-06-15 21:33:13,783 [INFO]   Ch 1: 335.6 kHz (total: 603,991,363)
2026-06-15 21:33:13,784 [INFO]   Ch 2: 428.2 kHz (total: 770,728,108)
2026-06-15 21:33:13,784 [INFO]   Ch 3: 301.9 kHz (total: 543,379,538)
2026-06-15 21:33:13,785 [INFO]   Ch 4: 299.5 kHz (total: 539,022,089)
2026-06-15 21:33:13,786 [INFO]   Ch 5: 12.9 kHz (total: 23,260,741)
2026-06-15 21:33:13,787 [INFO]   Ch 6: 12.8 kHz (total: 23,113,133)
2026-06-15 21:33:13,788 [INFO] COUNTRATES (Virtual):
2026-06-15 21:33:13,788 [INFO]   H3: 763.7 kHz (total: 1,374,719,471)
2026-06-15 21:33:13,789 [INFO]   H4: 601.3 kHz (total: 1,082,401,627)
2026-06-15 21:33:13,789 [INFO]   H5: 25.8 kHz (total: 46,373,874)
2026-06-15 21:33:13,790 [INFO] ------------------------------------------------------------
2026-06-15 21:33:13,790 [INFO] COINCIDENCES (threshold: 100000)
2026-06-15 21:33:13,791 [INFO] ------------------------------------------------------------
2026-06-15 21:33:13,792 [INFO] Twofold (physical) (Reached Threshold):
2026-06-15 21:33:13,793 [INFO]   (1,2): 15,170,310 Y
2026-06-15 21:33:13,793 [INFO]   (1,3): 10,981,626 Y
2026-06-15 21:33:13,794 [INFO]   (1,4): 10,874,521 Y
2026-06-15 21:33:13,794 [INFO]   (1,5): 474,658 Y
2026-06-15 21:33:13,795 [INFO]   (1,6): 471,951 Y
2026-06-15 21:33:13,796 [INFO]   (2,3): 13,825,163 Y
2026-06-15 21:33:13,796 [INFO]   (2,4): 13,679,466 Y
2026-06-15 21:33:13,798 [INFO]   (2,5): 599,026 Y
2026-06-15 21:33:13,798 [INFO]   (2,6): 592,796 Y
2026-06-15 21:33:13,799 [INFO]   (3,4): 9,890,267 Y
2026-06-15 21:33:13,800 [INFO]   (3,5): 434,252 Y
2026-06-15 21:33:13,800 [INFO]   (3,6): 430,581 Y
2026-06-15 21:33:13,801 [INFO]   (4,5): 430,750 Y
2026-06-15 21:33:13,802 [INFO]   (4,6): 426,160 Y
2026-06-15 21:33:13,803 [INFO]   (5,6): 18,889 X
2026-06-15 21:33:13,803 [INFO] ============================================================
2026-06-15 21:33:13,804 [INFO] >>> 1 combination(s) below threshold <<<
2026-06-15 21:33:13,805 [INFO] ============================================================
2026-06-15 21:33:13,886 [INFO] Updated merged data: C:\Users\QUANTUM\OneDrive - ENSTA\!Working files\HBT\HBT Data\Tests_Jun\2026-06-15_20-01-37_g2_heralded_virtual\MERGED\20-01-37_2026-06-15_15.86mW_num0_MERGED.pkl
2026-06-15 21:33:13,924 [INFO] Found 0 connected Time Tagger(s)
2026-06-15 21:33:15,533 [INFO] t:   1 s, Board temperature: 41.1 °C, FPGA temperature: 56.9 °C
2026-06-15 21:33:17,101 [INFO] t:   2 s, Board temperature: 41.0 °C, FPGA temperature: 57.0 °C
2026-06-15 21:33:18,657 [INFO] t:   3 s, Board temperature: 41.1 °C, FPGA temperature: 57.0 °C
2026-06-15 21:33:20,206 [INFO] t:   4 s, Board temperature: 41.0 °C, FPGA temperature: 56.9 °C
2026-06-15 21:33:21,754 [INFO] t:   5 s, Board temperature: 41.0 °C, FPGA temperature: 56.8 °C
2026-06-15 21:33:21,755 [INFO] The Time Tagger is warmed up.
2026-06-15 21:33:21,755 [INFO] Time Tagger initialized.
2026-06-15 21:33:21,757 [INFO] Chunk 4/6 | Elapsed: 40.0 min
2026-06-15 21:33:21,757 [INFO] Initializing experiment on Time Tagger.
2026-06-15 21:33:21,758 [INFO] Deadtime for channel 1: 0 ps
2026-06-15 21:33:21,759 [INFO] Deadtime for channel 2: 0 ps
2026-06-15 21:33:21,760 [INFO] Deadtime for channel 3: 0 ps
2026-06-15 21:33:21,760 [INFO] Deadtime for channel 4: 0 ps
2026-06-15 21:33:21,761 [INFO] Deadtime for channel 5: 0 ps
2026-06-15 21:33:21,761 [INFO] Deadtime for channel 6: 0 ps
2026-06-15 21:33:21,762 [INFO] Delays on channels enabled.
2026-06-15 21:33:21,762 [INFO] Delay for channel 1: requested=0 ps, actual=0 ps
2026-06-15 21:33:21,763 [INFO] Delay for channel 2: requested=-1000 ps, actual=-1000 ps
2026-06-15 21:33:21,764 [INFO] Delay for channel 3: requested=20000 ps, actual=20000 ps
2026-06-15 21:33:21,764 [INFO] Delay for channel 4: requested=16500 ps, actual=16500 ps
2026-06-15 21:33:21,765 [INFO] Delay for channel 5: requested=17800 ps, actual=17800 ps
2026-06-15 21:33:21,765 [INFO] Delay for channel 6: requested=17300 ps, actual=17300 ps
2026-06-15 21:33:21,766 [INFO] Executing synchronized correlation measurement.
2026-06-15 21:33:21,767 [INFO] Delays on channels enabled.
2026-06-15 21:33:21,767 [INFO] Delay for channel 1: requested=0 ps, actual=0 ps.
2026-06-15 21:33:21,768 [INFO] Delay for channel 2: requested=-1000 ps, actual=-1000 ps.
2026-06-15 21:33:21,768 [INFO] Delay for channel 3: requested=20000 ps, actual=20000 ps.
2026-06-15 21:33:21,769 [INFO] Delay for channel 4: requested=16500 ps, actual=16500 ps.
2026-06-15 21:33:21,770 [INFO] Delay for channel 5: requested=17800 ps, actual=17800 ps.
2026-06-15 21:33:21,770 [INFO] Delay for channel 6: requested=17300 ps, actual=17300 ps.
2026-06-15 21:33:21,771 [INFO] Initializing measurement with virtual mode channels for ALL heralding permutations.
2026-06-15 21:33:21,771 [INFO] Automatically generated modes from input: {'H3': [1, 2], 'H4': [3, 4], 'H5': [5, 6]}
2026-06-15 21:33:21,772 [INFO] Setting up virtual channels...
2026-06-15 21:33:21,773 [INFO] Initializing physical channel correlation histograms...
2026-06-15 21:33:21,774 [INFO]   Physical correlation: ch1 <-> ch2
2026-06-15 21:33:21,774 [INFO]   Physical correlation: ch1 <-> ch3
2026-06-15 21:33:21,775 [INFO]   Physical correlation: ch1 <-> ch4
2026-06-15 21:33:21,776 [INFO]   Physical correlation: ch1 <-> ch5
2026-06-15 21:33:21,776 [INFO]   Physical correlation: ch1 <-> ch6
2026-06-15 21:33:21,777 [INFO]   Physical correlation: ch2 <-> ch3
2026-06-15 21:33:21,778 [INFO]   Physical correlation: ch2 <-> ch4
2026-06-15 21:33:21,778 [INFO]   Physical correlation: ch2 <-> ch5
2026-06-15 21:33:21,779 [INFO]   Physical correlation: ch2 <-> ch6
2026-06-15 21:33:21,780 [INFO]   Physical correlation: ch3 <-> ch4
2026-06-15 21:33:21,781 [INFO]   Physical correlation: ch3 <-> ch5
2026-06-15 21:33:21,781 [INFO]   Physical correlation: ch3 <-> ch6
2026-06-15 21:33:21,782 [INFO]   Physical correlation: ch4 <-> ch5
2026-06-15 21:33:21,783 [INFO]   Physical correlation: ch4 <-> ch6
2026-06-15 21:33:21,783 [INFO]   Physical correlation: ch5 <-> ch6
2026-06-15 21:33:21,784 [INFO] Initializing virtual mode correlation histograms...
2026-06-15 21:33:21,785 [INFO]   Within-mode (H3): ch1 <-> ch2
2026-06-15 21:33:21,785 [INFO]   Cross-mode: H3 <-> H4
2026-06-15 21:33:21,786 [INFO]   Cross-mode: H3 <-> H5
2026-06-15 21:33:21,787 [INFO]   Within-mode (H4): ch3 <-> ch4
2026-06-15 21:33:21,787 [INFO]   Cross-mode: H4 <-> H5
2026-06-15 21:33:21,788 [INFO]   Within-mode (H5): ch5 <-> ch6
2026-06-15 21:33:21,790 [INFO] Measurement starting for 10.000min / 0.167h
2026-06-15 21:43:21,922 [INFO] Measurements finished.
2026-06-15 21:43:21,923 [INFO] Collecting measurement data...
2026-06-15 21:43:21,924 [INFO] Collecting physical correlation data for (1,2)
2026-06-15 21:43:21,927 [INFO] Collecting physical correlation data for (1,3)
2026-06-15 21:43:21,929 [INFO] Collecting physical correlation data for (1,4)
2026-06-15 21:43:21,931 [INFO] Collecting physical correlation data for (1,5)
2026-06-15 21:43:21,933 [INFO] Collecting physical correlation data for (1,6)
2026-06-15 21:43:21,936 [INFO] Collecting physical correlation data for (2,3)
2026-06-15 21:43:21,939 [INFO] Collecting physical correlation data for (2,4)
2026-06-15 21:43:21,942 [INFO] Collecting physical correlation data for (2,5)
2026-06-15 21:43:21,944 [INFO] Collecting physical correlation data for (2,6)
2026-06-15 21:43:21,946 [INFO] Collecting physical correlation data for (3,4)
2026-06-15 21:43:21,949 [INFO] Collecting physical correlation data for (3,5)
2026-06-15 21:43:21,951 [INFO] Collecting physical correlation data for (3,6)
2026-06-15 21:43:21,953 [INFO] Collecting physical correlation data for (4,5)
2026-06-15 21:43:21,956 [INFO] Collecting physical correlation data for (4,6)
2026-06-15 21:43:21,958 [INFO] Collecting physical correlation data for (5,6)
2026-06-15 21:43:21,960 [INFO] Collecting virtual correlation data for (H3,H3)
2026-06-15 21:43:21,963 [INFO] Collecting virtual correlation data for (H3,H4)
2026-06-15 21:43:21,966 [INFO] Collecting virtual correlation data for (H3,H5)
2026-06-15 21:43:21,968 [INFO] Collecting virtual correlation data for (H4,H4)
2026-06-15 21:43:21,970 [INFO] Collecting virtual correlation data for (H4,H5)
2026-06-15 21:43:21,973 [INFO] Collecting virtual correlation data for (H5,H5)
2026-06-15 21:43:21,995 [INFO] Starting writing data to file.
2026-06-15 21:43:22,084 [INFO] Saved data.
2026-06-15 21:43:22,225 [INFO] Merging 1 chunks into running total...
2026-06-15 21:43:22,399 [INFO] ============================================================
2026-06-15 21:43:22,400 [INFO] STATUS REPORT | Duration: 40.00 min (0.667 h)
2026-06-15 21:43:22,401 [INFO] ============================================================
2026-06-15 21:43:22,402 [INFO] COUNTRATES (Physical):
2026-06-15 21:43:22,402 [INFO]   Ch 1: 335.6 kHz (total: 805,434,369)
2026-06-15 21:43:22,403 [INFO]   Ch 2: 428.2 kHz (total: 1,027,761,041)
2026-06-15 21:43:22,404 [INFO]   Ch 3: 302.0 kHz (total: 724,696,132)
2026-06-15 21:43:22,404 [INFO]   Ch 4: 299.6 kHz (total: 718,942,700)
2026-06-15 21:43:22,405 [INFO]   Ch 5: 12.9 kHz (total: 31,027,825)
2026-06-15 21:43:22,406 [INFO]   Ch 6: 12.8 kHz (total: 30,833,707)
2026-06-15 21:43:22,407 [INFO] COUNTRATES (Virtual):
2026-06-15 21:43:22,407 [INFO]   H3: 763.8 kHz (total: 1,833,195,410)
2026-06-15 21:43:22,408 [INFO]   H4: 601.5 kHz (total: 1,443,638,832)
2026-06-15 21:43:22,409 [INFO]   H5: 25.8 kHz (total: 61,861,532)
2026-06-15 21:43:22,410 [INFO] ------------------------------------------------------------
2026-06-15 21:43:22,410 [INFO] COINCIDENCES (threshold: 100000)
2026-06-15 21:43:22,410 [INFO] ------------------------------------------------------------
2026-06-15 21:43:22,411 [INFO] Twofold (physical) (Reached Threshold):
2026-06-15 21:43:22,411 [INFO]   (1,2): 20,233,543 Y
2026-06-15 21:43:22,412 [INFO]   (1,3): 14,645,635 Y
2026-06-15 21:43:22,412 [INFO]   (1,4): 14,507,839 Y
2026-06-15 21:43:22,413 [INFO]   (1,5): 633,185 Y
2026-06-15 21:43:22,413 [INFO]   (1,6): 629,917 Y
2026-06-15 21:43:22,414 [INFO]   (2,3): 18,440,850 Y
2026-06-15 21:43:22,414 [INFO]   (2,4): 18,248,699 Y
2026-06-15 21:43:22,416 [INFO]   (2,5): 799,320 Y
2026-06-15 21:43:22,417 [INFO]   (2,6): 791,442 Y
2026-06-15 21:43:22,417 [INFO]   (3,4): 13,197,646 Y
2026-06-15 21:43:22,418 [INFO]   (3,5): 579,159 Y
2026-06-15 21:43:22,419 [INFO]   (3,6): 574,657 Y
2026-06-15 21:43:22,420 [INFO]   (4,5): 574,282 Y
2026-06-15 21:43:22,420 [INFO]   (4,6): 569,551 Y
2026-06-15 21:43:22,421 [INFO]   (5,6): 25,149 X
2026-06-15 21:43:22,421 [INFO] ============================================================
2026-06-15 21:43:22,422 [INFO] >>> 1 combination(s) below threshold <<<
2026-06-15 21:43:22,423 [INFO] ============================================================
2026-06-15 21:43:22,501 [INFO] Updated merged data: C:\Users\QUANTUM\OneDrive - ENSTA\!Working files\HBT\HBT Data\Tests_Jun\2026-06-15_20-01-37_g2_heralded_virtual\MERGED\20-01-37_2026-06-15_15.86mW_num0_MERGED.pkl
2026-06-15 21:43:22,539 [INFO] Found 0 connected Time Tagger(s)
2026-06-15 21:43:24,155 [INFO] t:   1 s, Board temperature: 40.8 °C, FPGA temperature: 56.8 °C
2026-06-15 21:43:25,710 [INFO] t:   2 s, Board temperature: 40.8 °C, FPGA temperature: 56.9 °C
2026-06-15 21:43:27,266 [INFO] t:   3 s, Board temperature: 40.9 °C, FPGA temperature: 56.9 °C
2026-06-15 21:43:28,812 [INFO] t:   4 s, Board temperature: 41.0 °C, FPGA temperature: 56.9 °C
2026-06-15 21:43:30,372 [INFO] t:   5 s, Board temperature: 41.0 °C, FPGA temperature: 56.9 °C
2026-06-15 21:43:30,373 [INFO] The Time Tagger is warmed up.
2026-06-15 21:43:30,374 [INFO] Time Tagger initialized.
2026-06-15 21:43:30,376 [INFO] Chunk 5/6 | Elapsed: 50.0 min
2026-06-15 21:43:30,376 [INFO] Initializing experiment on Time Tagger.
2026-06-15 21:43:30,377 [INFO] Deadtime for channel 1: 0 ps
2026-06-15 21:43:30,378 [INFO] Deadtime for channel 2: 0 ps
2026-06-15 21:43:30,379 [INFO] Deadtime for channel 3: 0 ps
2026-06-15 21:43:30,380 [INFO] Deadtime for channel 4: 0 ps
2026-06-15 21:43:30,381 [INFO] Deadtime for channel 5: 0 ps
2026-06-15 21:43:30,382 [INFO] Deadtime for channel 6: 0 ps
2026-06-15 21:43:30,382 [INFO] Delays on channels enabled.
2026-06-15 21:43:30,383 [INFO] Delay for channel 1: requested=0 ps, actual=0 ps
2026-06-15 21:43:30,384 [INFO] Delay for channel 2: requested=-1000 ps, actual=-1000 ps
2026-06-15 21:43:30,384 [INFO] Delay for channel 3: requested=20000 ps, actual=20000 ps
2026-06-15 21:43:30,385 [INFO] Delay for channel 4: requested=16500 ps, actual=16500 ps
2026-06-15 21:43:30,386 [INFO] Delay for channel 5: requested=17800 ps, actual=17800 ps
2026-06-15 21:43:30,386 [INFO] Delay for channel 6: requested=17300 ps, actual=17300 ps
2026-06-15 21:43:30,387 [INFO] Executing synchronized correlation measurement.
2026-06-15 21:43:30,387 [INFO] Delays on channels enabled.
2026-06-15 21:43:30,388 [INFO] Delay for channel 1: requested=0 ps, actual=0 ps.
2026-06-15 21:43:30,389 [INFO] Delay for channel 2: requested=-1000 ps, actual=-1000 ps.
2026-06-15 21:43:30,390 [INFO] Delay for channel 3: requested=20000 ps, actual=20000 ps.
2026-06-15 21:43:30,391 [INFO] Delay for channel 4: requested=16500 ps, actual=16500 ps.
2026-06-15 21:43:30,392 [INFO] Delay for channel 5: requested=17800 ps, actual=17800 ps.
2026-06-15 21:43:30,393 [INFO] Delay for channel 6: requested=17300 ps, actual=17300 ps.
2026-06-15 21:43:30,394 [INFO] Initializing measurement with virtual mode channels for ALL heralding permutations.
2026-06-15 21:43:30,394 [INFO] Automatically generated modes from input: {'H3': [1, 2], 'H4': [3, 4], 'H5': [5, 6]}
2026-06-15 21:43:30,395 [INFO] Setting up virtual channels...
2026-06-15 21:43:30,397 [INFO] Initializing physical channel correlation histograms...
2026-06-15 21:43:30,398 [INFO]   Physical correlation: ch1 <-> ch2
2026-06-15 21:43:30,398 [INFO]   Physical correlation: ch1 <-> ch3
2026-06-15 21:43:30,399 [INFO]   Physical correlation: ch1 <-> ch4
2026-06-15 21:43:30,400 [INFO]   Physical correlation: ch1 <-> ch5
2026-06-15 21:43:30,401 [INFO]   Physical correlation: ch1 <-> ch6
2026-06-15 21:43:30,402 [INFO]   Physical correlation: ch2 <-> ch3
2026-06-15 21:43:30,403 [INFO]   Physical correlation: ch2 <-> ch4
2026-06-15 21:43:30,404 [INFO]   Physical correlation: ch2 <-> ch5
2026-06-15 21:43:30,405 [INFO]   Physical correlation: ch2 <-> ch6
2026-06-15 21:43:30,406 [INFO]   Physical correlation: ch3 <-> ch4
2026-06-15 21:43:30,407 [INFO]   Physical correlation: ch3 <-> ch5
2026-06-15 21:43:30,407 [INFO]   Physical correlation: ch3 <-> ch6
2026-06-15 21:43:30,408 [INFO]   Physical correlation: ch4 <-> ch5
2026-06-15 21:43:30,409 [INFO]   Physical correlation: ch4 <-> ch6
2026-06-15 21:43:30,410 [INFO]   Physical correlation: ch5 <-> ch6
2026-06-15 21:43:30,411 [INFO] Initializing virtual mode correlation histograms...
2026-06-15 21:43:30,412 [INFO]   Within-mode (H3): ch1 <-> ch2
2026-06-15 21:43:30,413 [INFO]   Cross-mode: H3 <-> H4
2026-06-15 21:43:30,414 [INFO]   Cross-mode: H3 <-> H5
2026-06-15 21:43:30,415 [INFO]   Within-mode (H4): ch3 <-> ch4
2026-06-15 21:43:30,416 [INFO]   Cross-mode: H4 <-> H5
2026-06-15 21:43:30,416 [INFO]   Within-mode (H5): ch5 <-> ch6
2026-06-15 21:43:30,419 [INFO] Measurement starting for 10.000min / 0.167h
2026-06-15 21:53:31,479 [INFO] Measurements finished.
2026-06-15 21:53:31,480 [INFO] Collecting measurement data...
2026-06-15 21:53:31,481 [INFO] Collecting physical correlation data for (1,2)
2026-06-15 21:53:31,484 [INFO] Collecting physical correlation data for (1,3)
2026-06-15 21:53:31,487 [INFO] Collecting physical correlation data for (1,4)
2026-06-15 21:53:31,489 [INFO] Collecting physical correlation data for (1,5)
2026-06-15 21:53:31,492 [INFO] Collecting physical correlation data for (1,6)
2026-06-15 21:53:31,495 [INFO] Collecting physical correlation data for (2,3)
2026-06-15 21:53:31,499 [INFO] Collecting physical correlation data for (2,4)
2026-06-15 21:53:31,502 [INFO] Collecting physical correlation data for (2,5)
2026-06-15 21:53:31,505 [INFO] Collecting physical correlation data for (2,6)
2026-06-15 21:53:31,508 [INFO] Collecting physical correlation data for (3,4)
2026-06-15 21:53:31,511 [INFO] Collecting physical correlation data for (3,5)
2026-06-15 21:53:31,514 [INFO] Collecting physical correlation data for (3,6)
2026-06-15 21:53:31,516 [INFO] Collecting physical correlation data for (4,5)
2026-06-15 21:53:31,519 [INFO] Collecting physical correlation data for (4,6)
2026-06-15 21:53:31,522 [INFO] Collecting physical correlation data for (5,6)
2026-06-15 21:53:31,525 [INFO] Collecting virtual correlation data for (H3,H3)
2026-06-15 21:53:31,528 [INFO] Collecting virtual correlation data for (H3,H4)
2026-06-15 21:53:31,531 [INFO] Collecting virtual correlation data for (H3,H5)
2026-06-15 21:53:31,534 [INFO] Collecting virtual correlation data for (H4,H4)
2026-06-15 21:53:31,537 [INFO] Collecting virtual correlation data for (H4,H5)
2026-06-15 21:53:31,540 [INFO] Collecting virtual correlation data for (H5,H5)
2026-06-15 21:53:31,670 [INFO] Starting writing data to file.
2026-06-15 21:53:31,759 [INFO] Saved data.
2026-06-15 21:53:31,904 [INFO] Merging 1 chunks into running total...
2026-06-15 21:53:32,090 [INFO] ============================================================
2026-06-15 21:53:32,090 [INFO] STATUS REPORT | Duration: 50.00 min (0.833 h)
2026-06-15 21:53:32,091 [INFO] ============================================================
2026-06-15 21:53:32,092 [INFO] COUNTRATES (Physical):
2026-06-15 21:53:32,093 [INFO]   Ch 1: 335.8 kHz (total: 1,007,426,241)
2026-06-15 21:53:32,094 [INFO]   Ch 2: 428.4 kHz (total: 1,285,211,250)
2026-06-15 21:53:32,095 [INFO]   Ch 3: 302.2 kHz (total: 906,517,705)
2026-06-15 21:53:32,096 [INFO]   Ch 4: 299.8 kHz (total: 899,301,730)
2026-06-15 21:53:32,097 [INFO]   Ch 5: 12.9 kHz (total: 38,823,320)
2026-06-15 21:53:32,098 [INFO]   Ch 6: 12.9 kHz (total: 38,585,322)
2026-06-15 21:53:32,099 [INFO] COUNTRATES (Virtual):
2026-06-15 21:53:32,100 [INFO]   H3: 764.2 kHz (total: 2,292,637,491)
2026-06-15 21:53:32,101 [INFO]   H4: 601.9 kHz (total: 1,805,819,435)
2026-06-15 21:53:32,102 [INFO]   H5: 25.8 kHz (total: 77,408,642)
2026-06-15 21:53:32,103 [INFO] ------------------------------------------------------------
2026-06-15 21:53:32,104 [INFO] COINCIDENCES (threshold: 100000)
2026-06-15 21:53:32,105 [INFO] ------------------------------------------------------------
2026-06-15 21:53:32,106 [INFO] Twofold (physical) (Reached Threshold):
2026-06-15 21:53:32,107 [INFO]   (1,2): 25,314,668 Y
2026-06-15 21:53:32,107 [INFO]   (1,3): 18,334,507 Y
2026-06-15 21:53:32,108 [INFO]   (1,4): 18,154,511 Y
2026-06-15 21:53:32,109 [INFO]   (1,5): 792,584 Y
2026-06-15 21:53:32,110 [INFO]   (1,6): 788,804 Y
2026-06-15 21:53:32,111 [INFO]   (2,3): 23,080,077 Y
2026-06-15 21:53:32,112 [INFO]   (2,4): 22,834,686 Y
2026-06-15 21:53:32,114 [INFO]   (2,5): 1,000,159 Y
2026-06-15 21:53:32,114 [INFO]   (2,6): 990,656 Y
2026-06-15 21:53:32,115 [INFO]   (3,4): 16,521,896 Y
2026-06-15 21:53:32,116 [INFO]   (3,5): 725,611 Y
2026-06-15 21:53:32,117 [INFO]   (3,6): 720,078 Y
2026-06-15 21:53:32,118 [INFO]   (4,5): 719,308 Y
2026-06-15 21:53:32,118 [INFO]   (4,6): 713,369 Y
2026-06-15 21:53:32,119 [INFO]   (5,6): 31,468 X
2026-06-15 21:53:32,119 [INFO] ============================================================
2026-06-15 21:53:32,121 [INFO] >>> 1 combination(s) below threshold <<<
2026-06-15 21:53:32,121 [INFO] ============================================================
2026-06-15 21:53:32,216 [INFO] Updated merged data: C:\Users\QUANTUM\OneDrive - ENSTA\!Working files\HBT\HBT Data\Tests_Jun\2026-06-15_20-01-37_g2_heralded_virtual\MERGED\20-01-37_2026-06-15_15.86mW_num0_MERGED.pkl
2026-06-15 21:53:32,259 [INFO] Found 0 connected Time Tagger(s)
2026-06-15 21:53:33,867 [INFO] t:   1 s, Board temperature: 40.8 °C, FPGA temperature: 56.9 °C
2026-06-15 21:53:35,421 [INFO] t:   2 s, Board temperature: 40.9 °C, FPGA temperature: 56.9 °C
2026-06-15 21:53:36,969 [INFO] t:   3 s, Board temperature: 40.9 °C, FPGA temperature: 56.8 °C
2026-06-15 21:53:38,522 [INFO] t:   4 s, Board temperature: 40.9 °C, FPGA temperature: 56.8 °C
2026-06-15 21:53:40,097 [INFO] t:   5 s, Board temperature: 40.9 °C, FPGA temperature: 56.8 °C
2026-06-15 21:53:40,098 [INFO] The Time Tagger is warmed up.
2026-06-15 21:53:40,099 [INFO] Time Tagger initialized.
2026-06-15 21:53:40,101 [INFO] Chunk 6/6 | Elapsed: 60.0 min
2026-06-15 21:53:40,102 [INFO] Initializing experiment on Time Tagger.
2026-06-15 21:53:40,103 [INFO] Deadtime for channel 1: 0 ps
2026-06-15 21:53:40,104 [INFO] Deadtime for channel 2: 0 ps
2026-06-15 21:53:40,105 [INFO] Deadtime for channel 3: 0 ps
2026-06-15 21:53:40,106 [INFO] Deadtime for channel 4: 0 ps
2026-06-15 21:53:40,107 [INFO] Deadtime for channel 5: 0 ps
2026-06-15 21:53:40,108 [INFO] Deadtime for channel 6: 0 ps
2026-06-15 21:53:40,109 [INFO] Delays on channels enabled.
2026-06-15 21:53:40,110 [INFO] Delay for channel 1: requested=0 ps, actual=0 ps
2026-06-15 21:53:40,111 [INFO] Delay for channel 2: requested=-1000 ps, actual=-1000 ps
2026-06-15 21:53:40,112 [INFO] Delay for channel 3: requested=20000 ps, actual=20000 ps
2026-06-15 21:53:40,113 [INFO] Delay for channel 4: requested=16500 ps, actual=16500 ps
2026-06-15 21:53:40,114 [INFO] Delay for channel 5: requested=17800 ps, actual=17800 ps
2026-06-15 21:53:40,115 [INFO] Delay for channel 6: requested=17300 ps, actual=17300 ps
2026-06-15 21:53:40,116 [INFO] Executing synchronized correlation measurement.
2026-06-15 21:53:40,117 [INFO] Delays on channels enabled.
2026-06-15 21:53:40,119 [INFO] Delay for channel 1: requested=0 ps, actual=0 ps.
2026-06-15 21:53:40,120 [INFO] Delay for channel 2: requested=-1000 ps, actual=-1000 ps.
2026-06-15 21:53:40,121 [INFO] Delay for channel 3: requested=20000 ps, actual=20000 ps.
2026-06-15 21:53:40,121 [INFO] Delay for channel 4: requested=16500 ps, actual=16500 ps.
2026-06-15 21:53:40,123 [INFO] Delay for channel 5: requested=17800 ps, actual=17800 ps.
2026-06-15 21:53:40,124 [INFO] Delay for channel 6: requested=17300 ps, actual=17300 ps.
2026-06-15 21:53:40,125 [INFO] Initializing measurement with virtual mode channels for ALL heralding permutations.
2026-06-15 21:53:40,126 [INFO] Automatically generated modes from input: {'H3': [1, 2], 'H4': [3, 4], 'H5': [5, 6]}
2026-06-15 21:53:40,128 [INFO] Setting up virtual channels...
2026-06-15 21:53:40,129 [INFO] Initializing physical channel correlation histograms...
2026-06-15 21:53:40,130 [INFO]   Physical correlation: ch1 <-> ch2
2026-06-15 21:53:40,131 [INFO]   Physical correlation: ch1 <-> ch3
2026-06-15 21:53:40,132 [INFO]   Physical correlation: ch1 <-> ch4
2026-06-15 21:53:40,133 [INFO]   Physical correlation: ch1 <-> ch5
2026-06-15 21:53:40,134 [INFO]   Physical correlation: ch1 <-> ch6
2026-06-15 21:53:40,136 [INFO]   Physical correlation: ch2 <-> ch3
2026-06-15 21:53:40,137 [INFO]   Physical correlation: ch2 <-> ch4
2026-06-15 21:53:40,137 [INFO]   Physical correlation: ch2 <-> ch5
2026-06-15 21:53:40,138 [INFO]   Physical correlation: ch2 <-> ch6
2026-06-15 21:53:40,139 [INFO]   Physical correlation: ch3 <-> ch4
2026-06-15 21:53:40,140 [INFO]   Physical correlation: ch3 <-> ch5
2026-06-15 21:53:40,141 [INFO]   Physical correlation: ch3 <-> ch6
2026-06-15 21:53:40,142 [INFO]   Physical correlation: ch4 <-> ch5
2026-06-15 21:53:40,143 [INFO]   Physical correlation: ch4 <-> ch6
2026-06-15 21:53:40,144 [INFO]   Physical correlation: ch5 <-> ch6
2026-06-15 21:53:40,144 [INFO] Initializing virtual mode correlation histograms...
2026-06-15 21:53:40,145 [INFO]   Within-mode (H3): ch1 <-> ch2
2026-06-15 21:53:40,146 [INFO]   Cross-mode: H3 <-> H4
2026-06-15 21:53:40,147 [INFO]   Cross-mode: H3 <-> H5
2026-06-15 21:53:40,148 [INFO]   Within-mode (H4): ch3 <-> ch4
2026-06-15 21:53:40,149 [INFO]   Cross-mode: H4 <-> H5
2026-06-15 21:53:40,150 [INFO]   Within-mode (H5): ch5 <-> ch6
2026-06-15 21:53:40,152 [INFO] Measurement starting for 10.000min / 0.167h
2026-06-15 22:03:41,493 [INFO] Measurements finished.
2026-06-15 22:03:41,493 [INFO] Collecting measurement data...
2026-06-15 22:03:41,495 [INFO] Collecting physical correlation data for (1,2)
2026-06-15 22:03:41,497 [INFO] Collecting physical correlation data for (1,3)
2026-06-15 22:03:41,499 [INFO] Collecting physical correlation data for (1,4)
2026-06-15 22:03:41,502 [INFO] Collecting physical correlation data for (1,5)
2026-06-15 22:03:41,504 [INFO] Collecting physical correlation data for (1,6)
2026-06-15 22:03:41,506 [INFO] Collecting physical correlation data for (2,3)
2026-06-15 22:03:41,509 [INFO] Collecting physical correlation data for (2,4)
2026-06-15 22:03:41,511 [INFO] Collecting physical correlation data for (2,5)
2026-06-15 22:03:41,513 [INFO] Collecting physical correlation data for (2,6)
2026-06-15 22:03:41,515 [INFO] Collecting physical correlation data for (3,4)
2026-06-15 22:03:41,518 [INFO] Collecting physical correlation data for (3,5)
2026-06-15 22:03:41,520 [INFO] Collecting physical correlation data for (3,6)
2026-06-15 22:03:41,523 [INFO] Collecting physical correlation data for (4,5)
2026-06-15 22:03:41,525 [INFO] Collecting physical correlation data for (4,6)
2026-06-15 22:03:41,527 [INFO] Collecting physical correlation data for (5,6)
2026-06-15 22:03:41,530 [INFO] Collecting virtual correlation data for (H3,H3)
2026-06-15 22:03:41,533 [INFO] Collecting virtual correlation data for (H3,H4)
2026-06-15 22:03:41,536 [INFO] Collecting virtual correlation data for (H3,H5)
2026-06-15 22:03:41,538 [INFO] Collecting virtual correlation data for (H4,H4)
2026-06-15 22:03:41,541 [INFO] Collecting virtual correlation data for (H4,H5)
2026-06-15 22:03:41,543 [INFO] Collecting virtual correlation data for (H5,H5)
2026-06-15 22:03:41,584 [INFO] Starting writing data to file.
2026-06-15 22:03:41,675 [INFO] Saved data.
2026-06-15 22:03:41,828 [INFO] Merging 1 chunks into running total...
2026-06-15 22:03:42,013 [INFO] ============================================================
2026-06-15 22:03:42,014 [INFO] STATUS REPORT | Duration: 60.00 min (1.000 h)
2026-06-15 22:03:42,014 [INFO] ============================================================
2026-06-15 22:03:42,015 [INFO] COUNTRATES (Physical):
2026-06-15 22:03:42,016 [INFO]   Ch 1: 336.0 kHz (total: 1,209,565,733)
2026-06-15 22:03:42,017 [INFO]   Ch 2: 428.6 kHz (total: 1,542,852,629)
2026-06-15 22:03:42,018 [INFO]   Ch 3: 302.4 kHz (total: 1,088,647,163)
2026-06-15 22:03:42,019 [INFO]   Ch 4: 300.0 kHz (total: 1,079,940,568)
2026-06-15 22:03:42,020 [INFO]   Ch 5: 13.0 kHz (total: 46,644,167)
2026-06-15 22:03:42,022 [INFO]   Ch 6: 12.9 kHz (total: 46,363,748)
2026-06-15 22:03:42,022 [INFO] COUNTRATES (Virtual):
2026-06-15 22:03:42,023 [INFO]   H3: 764.6 kHz (total: 2,752,418,362)
2026-06-15 22:03:42,023 [INFO]   H4: 602.4 kHz (total: 2,168,587,731)
2026-06-15 22:03:42,024 [INFO]   H5: 25.8 kHz (total: 93,007,915)
2026-06-15 22:03:42,025 [INFO] ------------------------------------------------------------
2026-06-15 22:03:42,025 [INFO] COINCIDENCES (threshold: 100000)
2026-06-15 22:03:42,026 [INFO] ------------------------------------------------------------
2026-06-15 22:03:42,026 [INFO] Twofold (physical) (Reached Threshold):
2026-06-15 22:03:42,027 [INFO]   (1,2): 30,411,466 Y
2026-06-15 22:03:42,028 [INFO]   (1,3): 22,028,587 Y
2026-06-15 22:03:42,028 [INFO]   (1,4): 21,815,732 Y
2026-06-15 22:03:42,029 [INFO]   (1,5): 952,686 Y
2026-06-15 22:03:42,029 [INFO]   (1,6): 948,498 Y
2026-06-15 22:03:42,030 [INFO]   (2,3): 27,724,175 Y
2026-06-15 22:03:42,031 [INFO]   (2,4): 27,433,799 Y
2026-06-15 22:03:42,031 [INFO]   (2,5): 1,201,954 Y
2026-06-15 22:03:42,032 [INFO]   (2,6): 1,191,021 Y
2026-06-15 22:03:42,033 [INFO]   (3,4): 19,852,819 Y
2026-06-15 22:03:42,033 [INFO]   (3,5): 872,366 Y
2026-06-15 22:03:42,034 [INFO]   (3,6): 865,663 Y
2026-06-15 22:03:42,034 [INFO]   (4,5): 865,049 Y
2026-06-15 22:03:42,035 [INFO]   (4,6): 857,069 Y
2026-06-15 22:03:42,036 [INFO]   (5,6): 37,877 X
2026-06-15 22:03:42,036 [INFO] ============================================================
2026-06-15 22:03:42,037 [INFO] >>> 1 combination(s) below threshold <<<
2026-06-15 22:03:42,038 [INFO] ============================================================
2026-06-15 22:03:42,127 [INFO] Updated merged data: C:\Users\QUANTUM\OneDrive - ENSTA\!Working files\HBT\HBT Data\Tests_Jun\2026-06-15_20-01-37_g2_heralded_virtual\MERGED\20-01-37_2026-06-15_15.86mW_num0_MERGED.pkl
2026-06-15 22:03:42,212 [INFO] Final merged data saved to: C:\Users\QUANTUM\OneDrive - ENSTA\!Working files\HBT\HBT Data\Tests_Jun\2026-06-15_20-01-37_g2_heralded_virtual\MERGED\20-01-37_2026-06-15_15.86mW_num0_MERGED.pkl
2026-06-15 22:03:42,213 [INFO] Total merged duration: 60.00 min
2026-06-15 22:03:42,213 [INFO] Measurement completed in 60.92 min
2026-06-15 22:03:43,061 [INFO] Stage Position: 32.0
2026-06-15 22:03:43,062 [INFO] Starting chunked acquisition (max 6 chunks / 60.0 min)
2026-06-15 22:03:43,062 [INFO] Chunk duration: 10 min
2026-06-15 22:03:43,063 [INFO] Threshold: 100000 counts, checking every 1 chunks
2026-06-15 22:03:43,128 [INFO] Found 0 connected Time Tagger(s)
2026-06-15 22:03:44,754 [INFO] t:   1 s, Board temperature: 41.1 °C, FPGA temperature: 56.9 °C
2026-06-15 22:03:46,326 [INFO] t:   2 s, Board temperature: 41.1 °C, FPGA temperature: 56.9 °C
2026-06-15 22:03:47,906 [INFO] t:   3 s, Board temperature: 41.1 °C, FPGA temperature: 56.9 °C
2026-06-15 22:03:49,452 [INFO] t:   4 s, Board temperature: 41.0 °C, FPGA temperature: 56.9 °C
2026-06-15 22:03:50,992 [INFO] t:   5 s, Board temperature: 41.1 °C, FPGA temperature: 56.9 °C
2026-06-15 22:03:50,993 [INFO] The Time Tagger is warmed up.
2026-06-15 22:03:50,994 [INFO] Time Tagger initialized.
2026-06-15 22:03:50,995 [INFO] Chunk 1/6 | Elapsed: 10.0 min
2026-06-15 22:03:50,996 [INFO] Initializing experiment on Time Tagger.
2026-06-15 22:03:50,997 [INFO] Deadtime for channel 1: 0 ps
2026-06-15 22:03:50,997 [INFO] Deadtime for channel 2: 0 ps
2026-06-15 22:03:50,998 [INFO] Deadtime for channel 3: 0 ps
2026-06-15 22:03:50,999 [INFO] Deadtime for channel 4: 0 ps
2026-06-15 22:03:50,999 [INFO] Deadtime for channel 5: 0 ps
2026-06-15 22:03:51,000 [INFO] Deadtime for channel 6: 0 ps
2026-06-15 22:03:51,001 [INFO] Delays on channels enabled.
2026-06-15 22:03:51,002 [INFO] Delay for channel 1: requested=0 ps, actual=0 ps
2026-06-15 22:03:51,002 [INFO] Delay for channel 2: requested=-1000 ps, actual=-1000 ps
2026-06-15 22:03:51,003 [INFO] Delay for channel 3: requested=20000 ps, actual=20000 ps
2026-06-15 22:03:51,003 [INFO] Delay for channel 4: requested=16500 ps, actual=16500 ps
2026-06-15 22:03:51,004 [INFO] Delay for channel 5: requested=17800 ps, actual=17800 ps
2026-06-15 22:03:51,005 [INFO] Delay for channel 6: requested=17300 ps, actual=17300 ps
2026-06-15 22:03:51,005 [INFO] Executing synchronized correlation measurement.
2026-06-15 22:03:51,006 [INFO] Delays on channels enabled.
2026-06-15 22:03:51,006 [INFO] Delay for channel 1: requested=0 ps, actual=0 ps.
2026-06-15 22:03:51,007 [INFO] Delay for channel 2: requested=-1000 ps, actual=-1000 ps.
2026-06-15 22:03:51,008 [INFO] Delay for channel 3: requested=20000 ps, actual=20000 ps.
2026-06-15 22:03:51,008 [INFO] Delay for channel 4: requested=16500 ps, actual=16500 ps.
2026-06-15 22:03:51,009 [INFO] Delay for channel 5: requested=17800 ps, actual=17800 ps.
2026-06-15 22:03:51,010 [INFO] Delay for channel 6: requested=17300 ps, actual=17300 ps.
2026-06-15 22:03:51,010 [INFO] Initializing measurement with virtual mode channels for ALL heralding permutations.
2026-06-15 22:03:51,011 [INFO] Automatically generated modes from input: {'H3': [1, 2], 'H4': [3, 4], 'H5': [5, 6]}
2026-06-15 22:03:51,012 [INFO] Setting up virtual channels...
2026-06-15 22:03:51,013 [INFO] Initializing physical channel correlation histograms...
2026-06-15 22:03:51,014 [INFO]   Physical correlation: ch1 <-> ch2
2026-06-15 22:03:51,014 [INFO]   Physical correlation: ch1 <-> ch3
2026-06-15 22:03:51,015 [INFO]   Physical correlation: ch1 <-> ch4
2026-06-15 22:03:51,016 [INFO]   Physical correlation: ch1 <-> ch5
2026-06-15 22:03:51,017 [INFO]   Physical correlation: ch1 <-> ch6
2026-06-15 22:03:51,017 [INFO]   Physical correlation: ch2 <-> ch3
2026-06-15 22:03:51,018 [INFO]   Physical correlation: ch2 <-> ch4
2026-06-15 22:03:51,019 [INFO]   Physical correlation: ch2 <-> ch5
2026-06-15 22:03:51,020 [INFO]   Physical correlation: ch2 <-> ch6
2026-06-15 22:03:51,020 [INFO]   Physical correlation: ch3 <-> ch4
2026-06-15 22:03:51,021 [INFO]   Physical correlation: ch3 <-> ch5
2026-06-15 22:03:51,022 [INFO]   Physical correlation: ch3 <-> ch6
2026-06-15 22:03:51,022 [INFO]   Physical correlation: ch4 <-> ch5
2026-06-15 22:03:51,023 [INFO]   Physical correlation: ch4 <-> ch6
2026-06-15 22:03:51,024 [INFO]   Physical correlation: ch5 <-> ch6
2026-06-15 22:03:51,024 [INFO] Initializing virtual mode correlation histograms...
2026-06-15 22:03:51,025 [INFO]   Within-mode (H3): ch1 <-> ch2
2026-06-15 22:03:51,026 [INFO]   Cross-mode: H3 <-> H4
2026-06-15 22:03:51,026 [INFO]   Cross-mode: H3 <-> H5
2026-06-15 22:03:51,027 [INFO]   Within-mode (H4): ch3 <-> ch4
2026-06-15 22:03:51,028 [INFO]   Cross-mode: H4 <-> H5
2026-06-15 22:03:51,028 [INFO]   Within-mode (H5): ch5 <-> ch6
2026-06-15 22:03:51,030 [INFO] Measurement starting for 10.000min / 0.167h
2026-06-15 22:13:51,216 [INFO] Measurements finished.
2026-06-15 22:13:51,217 [INFO] Collecting measurement data...
2026-06-15 22:13:51,218 [INFO] Collecting physical correlation data for (1,2)
2026-06-15 22:13:51,220 [INFO] Collecting physical correlation data for (1,3)
2026-06-15 22:13:51,222 [INFO] Collecting physical correlation data for (1,4)
2026-06-15 22:13:51,224 [INFO] Collecting physical correlation data for (1,5)
2026-06-15 22:13:51,227 [INFO] Collecting physical correlation data for (1,6)
2026-06-15 22:13:51,229 [INFO] Collecting physical correlation data for (2,3)
2026-06-15 22:13:51,231 [INFO] Collecting physical correlation data for (2,4)
2026-06-15 22:13:51,233 [INFO] Collecting physical correlation data for (2,5)
2026-06-15 22:13:51,235 [INFO] Collecting physical correlation data for (2,6)
2026-06-15 22:13:51,237 [INFO] Collecting physical correlation data for (3,4)
2026-06-15 22:13:51,238 [INFO] Collecting physical correlation data for (3,5)
2026-06-15 22:13:51,240 [INFO] Collecting physical correlation data for (3,6)
2026-06-15 22:13:51,242 [INFO] Collecting physical correlation data for (4,5)
2026-06-15 22:13:51,244 [INFO] Collecting physical correlation data for (4,6)
2026-06-15 22:13:51,246 [INFO] Collecting physical correlation data for (5,6)
2026-06-15 22:13:51,248 [INFO] Collecting virtual correlation data for (H3,H3)
2026-06-15 22:13:51,250 [INFO] Collecting virtual correlation data for (H3,H4)
2026-06-15 22:13:51,253 [INFO] Collecting virtual correlation data for (H3,H5)
2026-06-15 22:13:51,255 [INFO] Collecting virtual correlation data for (H4,H4)
2026-06-15 22:13:51,257 [INFO] Collecting virtual correlation data for (H4,H5)
2026-06-15 22:13:51,258 [INFO] Collecting virtual correlation data for (H5,H5)
2026-06-15 22:13:51,285 [INFO] Starting writing data to file.
2026-06-15 22:13:51,366 [INFO] Saved data.
2026-06-15 22:13:51,487 [INFO] Merging 1 chunks into running total...
2026-06-15 22:13:51,488 [INFO] ============================================================
2026-06-15 22:13:51,488 [INFO] STATUS REPORT | Duration: 10.00 min (0.167 h)
2026-06-15 22:13:51,489 [INFO] ============================================================
2026-06-15 22:13:51,490 [INFO] COUNTRATES (Physical):
2026-06-15 22:13:51,491 [INFO]   Ch 1: 212.1 kHz (total: 127,241,291)
2026-06-15 22:13:51,491 [INFO]   Ch 2: 272.1 kHz (total: 163,245,810)
2026-06-15 22:13:51,492 [INFO]   Ch 3: 163.7 kHz (total: 98,227,037)
2026-06-15 22:13:51,493 [INFO]   Ch 4: 162.6 kHz (total: 97,569,752)
2026-06-15 22:13:51,493 [INFO]   Ch 5: 6.1 kHz (total: 3,645,097)
2026-06-15 22:13:51,494 [INFO]   Ch 6: 6.0 kHz (total: 3,621,662)
2026-06-15 22:13:51,495 [INFO] COUNTRATES (Virtual):
2026-06-15 22:13:51,495 [INFO]   H3: 484.1 kHz (total: 290,487,101)
2026-06-15 22:13:51,496 [INFO]   H4: 326.3 kHz (total: 195,796,789)
2026-06-15 22:13:51,496 [INFO]   H5: 12.1 kHz (total: 7,266,759)
2026-06-15 22:13:51,497 [INFO] ------------------------------------------------------------
2026-06-15 22:13:51,498 [INFO] COINCIDENCES (threshold: 100000)
2026-06-15 22:13:51,498 [INFO] ------------------------------------------------------------
2026-06-15 22:13:51,499 [INFO] Twofold (physical) (Reached Threshold):
2026-06-15 22:13:51,499 [INFO]   (1,2): 2,033,417 Y
2026-06-15 22:13:51,500 [INFO]   (1,3): 1,258,194 Y
2026-06-15 22:13:51,501 [INFO]   (1,4): 1,246,744 Y
2026-06-15 22:13:51,501 [INFO]   (1,5): 47,199 X
2026-06-15 22:13:51,502 [INFO]   (1,6): 46,758 X
2026-06-15 22:13:51,502 [INFO]   (2,3): 1,591,233 Y
2026-06-15 22:13:51,503 [INFO]   (2,4): 1,575,749 Y
2026-06-15 22:13:51,504 [INFO]   (2,5): 59,459 X
2026-06-15 22:13:51,504 [INFO]   (2,6): 59,125 X
2026-06-15 22:13:51,505 [INFO]   (3,4): 970,418 Y
2026-06-15 22:13:51,506 [INFO]   (3,5): 37,594 X
2026-06-15 22:13:51,506 [INFO]   (3,6): 37,012 X
2026-06-15 22:13:51,507 [INFO]   (4,5): 36,722 X
2026-06-15 22:13:51,508 [INFO]   (4,6): 36,475 X
2026-06-15 22:13:51,508 [INFO]   (5,6): 1,336 X
2026-06-15 22:13:51,509 [INFO] ============================================================
2026-06-15 22:13:51,510 [INFO] >>> 9 combination(s) below threshold <<<
2026-06-15 22:13:51,511 [INFO] ============================================================
2026-06-15 22:13:51,601 [INFO] Updated merged data: C:\Users\QUANTUM\OneDrive - ENSTA\!Working files\HBT\HBT Data\Tests_Jun\2026-06-15_20-01-37_g2_heralded_virtual\MERGED\20-01-37_2026-06-15_13.58mW_num0_MERGED.pkl
2026-06-15 22:13:51,640 [INFO] Found 0 connected Time Tagger(s)
2026-06-15 22:13:53,270 [INFO] t:   1 s, Board temperature: 41.0 °C, FPGA temperature: 56.9 °C
2026-06-15 22:13:54,846 [INFO] t:   2 s, Board temperature: 40.9 °C, FPGA temperature: 56.9 °C
2026-06-15 22:13:56,415 [INFO] t:   3 s, Board temperature: 41.1 °C, FPGA temperature: 56.8 °C
2026-06-15 22:13:57,977 [INFO] t:   4 s, Board temperature: 41.2 °C, FPGA temperature: 57.0 °C
2026-06-15 22:13:59,532 [INFO] t:   5 s, Board temperature: 41.1 °C, FPGA temperature: 56.9 °C
2026-06-15 22:13:59,533 [INFO] The Time Tagger is warmed up.
2026-06-15 22:13:59,534 [INFO] Time Tagger initialized.
2026-06-15 22:13:59,536 [INFO] Chunk 2/6 | Elapsed: 20.0 min
2026-06-15 22:13:59,536 [INFO] Initializing experiment on Time Tagger.
2026-06-15 22:13:59,537 [INFO] Deadtime for channel 1: 0 ps
2026-06-15 22:13:59,537 [INFO] Deadtime for channel 2: 0 ps
2026-06-15 22:13:59,538 [INFO] Deadtime for channel 3: 0 ps
2026-06-15 22:13:59,539 [INFO] Deadtime for channel 4: 0 ps
2026-06-15 22:13:59,540 [INFO] Deadtime for channel 5: 0 ps
2026-06-15 22:13:59,540 [INFO] Deadtime for channel 6: 0 ps
2026-06-15 22:13:59,541 [INFO] Delays on channels enabled.
2026-06-15 22:13:59,541 [INFO] Delay for channel 1: requested=0 ps, actual=0 ps
2026-06-15 22:13:59,542 [INFO] Delay for channel 2: requested=-1000 ps, actual=-1000 ps
2026-06-15 22:13:59,542 [INFO] Delay for channel 3: requested=20000 ps, actual=20000 ps
2026-06-15 22:13:59,543 [INFO] Delay for channel 4: requested=16500 ps, actual=16500 ps
2026-06-15 22:13:59,544 [INFO] Delay for channel 5: requested=17800 ps, actual=17800 ps
2026-06-15 22:13:59,544 [INFO] Delay for channel 6: requested=17300 ps, actual=17300 ps
2026-06-15 22:13:59,545 [INFO] Executing synchronized correlation measurement.
2026-06-15 22:13:59,546 [INFO] Delays on channels enabled.
2026-06-15 22:13:59,546 [INFO] Delay for channel 1: requested=0 ps, actual=0 ps.
2026-06-15 22:13:59,547 [INFO] Delay for channel 2: requested=-1000 ps, actual=-1000 ps.
2026-06-15 22:13:59,547 [INFO] Delay for channel 3: requested=20000 ps, actual=20000 ps.
2026-06-15 22:13:59,548 [INFO] Delay for channel 4: requested=16500 ps, actual=16500 ps.
2026-06-15 22:13:59,548 [INFO] Delay for channel 5: requested=17800 ps, actual=17800 ps.
2026-06-15 22:13:59,549 [INFO] Delay for channel 6: requested=17300 ps, actual=17300 ps.
2026-06-15 22:13:59,550 [INFO] Initializing measurement with virtual mode channels for ALL heralding permutations.
2026-06-15 22:13:59,550 [INFO] Automatically generated modes from input: {'H3': [1, 2], 'H4': [3, 4], 'H5': [5, 6]}
2026-06-15 22:13:59,551 [INFO] Setting up virtual channels...
2026-06-15 22:13:59,552 [INFO] Initializing physical channel correlation histograms...
2026-06-15 22:13:59,553 [INFO]   Physical correlation: ch1 <-> ch2
2026-06-15 22:13:59,553 [INFO]   Physical correlation: ch1 <-> ch3
2026-06-15 22:13:59,554 [INFO]   Physical correlation: ch1 <-> ch4
2026-06-15 22:13:59,555 [INFO]   Physical correlation: ch1 <-> ch5
2026-06-15 22:13:59,555 [INFO]   Physical correlation: ch1 <-> ch6
2026-06-15 22:13:59,556 [INFO]   Physical correlation: ch2 <-> ch3
2026-06-15 22:13:59,557 [INFO]   Physical correlation: ch2 <-> ch4
2026-06-15 22:13:59,557 [INFO]   Physical correlation: ch2 <-> ch5
2026-06-15 22:13:59,558 [INFO]   Physical correlation: ch2 <-> ch6
2026-06-15 22:13:59,559 [INFO]   Physical correlation: ch3 <-> ch4
2026-06-15 22:13:59,559 [INFO]   Physical correlation: ch3 <-> ch5
2026-06-15 22:13:59,560 [INFO]   Physical correlation: ch3 <-> ch6
2026-06-15 22:13:59,561 [INFO]   Physical correlation: ch4 <-> ch5
2026-06-15 22:13:59,561 [INFO]   Physical correlation: ch4 <-> ch6
2026-06-15 22:13:59,562 [INFO]   Physical correlation: ch5 <-> ch6
2026-06-15 22:13:59,563 [INFO] Initializing virtual mode correlation histograms...
2026-06-15 22:13:59,564 [INFO]   Within-mode (H3): ch1 <-> ch2
2026-06-15 22:13:59,564 [INFO]   Cross-mode: H3 <-> H4
2026-06-15 22:13:59,565 [INFO]   Cross-mode: H3 <-> H5
2026-06-15 22:13:59,566 [INFO]   Within-mode (H4): ch3 <-> ch4
2026-06-15 22:13:59,566 [INFO]   Cross-mode: H4 <-> H5
2026-06-15 22:13:59,567 [INFO]   Within-mode (H5): ch5 <-> ch6
2026-06-15 22:13:59,569 [INFO] Measurement starting for 10.000min / 0.167h
2026-06-15 22:23:59,757 [INFO] Measurements finished.
2026-06-15 22:23:59,757 [INFO] Collecting measurement data...
2026-06-15 22:23:59,759 [INFO] Collecting physical correlation data for (1,2)
2026-06-15 22:23:59,761 [INFO] Collecting physical correlation data for (1,3)
2026-06-15 22:23:59,762 [INFO] Collecting physical correlation data for (1,4)
2026-06-15 22:23:59,764 [INFO] Collecting physical correlation data for (1,5)
2026-06-15 22:23:59,766 [INFO] Collecting physical correlation data for (1,6)
2026-06-15 22:23:59,768 [INFO] Collecting physical correlation data for (2,3)
2026-06-15 22:23:59,770 [INFO] Collecting physical correlation data for (2,4)
2026-06-15 22:23:59,772 [INFO] Collecting physical correlation data for (2,5)
2026-06-15 22:23:59,774 [INFO] Collecting physical correlation data for (2,6)
2026-06-15 22:23:59,777 [INFO] Collecting physical correlation data for (3,4)
2026-06-15 22:23:59,778 [INFO] Collecting physical correlation data for (3,5)
2026-06-15 22:23:59,780 [INFO] Collecting physical correlation data for (3,6)
2026-06-15 22:23:59,782 [INFO] Collecting physical correlation data for (4,5)
2026-06-15 22:23:59,784 [INFO] Collecting physical correlation data for (4,6)
2026-06-15 22:23:59,786 [INFO] Collecting physical correlation data for (5,6)
2026-06-15 22:23:59,788 [INFO] Collecting virtual correlation data for (H3,H3)
2026-06-15 22:23:59,791 [INFO] Collecting virtual correlation data for (H3,H4)
2026-06-15 22:23:59,794 [INFO] Collecting virtual correlation data for (H3,H5)
2026-06-15 22:23:59,796 [INFO] Collecting virtual correlation data for (H4,H4)
2026-06-15 22:23:59,798 [INFO] Collecting virtual correlation data for (H4,H5)
2026-06-15 22:23:59,800 [INFO] Collecting virtual correlation data for (H5,H5)
2026-06-15 22:23:59,822 [INFO] Starting writing data to file.
2026-06-15 22:23:59,904 [INFO] Saved data.
2026-06-15 22:24:00,011 [INFO] Merging 1 chunks into running total...
2026-06-15 22:24:00,177 [INFO] ============================================================
2026-06-15 22:24:00,178 [INFO] STATUS REPORT | Duration: 20.00 min (0.333 h)
2026-06-15 22:24:00,179 [INFO] ============================================================
2026-06-15 22:24:00,180 [INFO] COUNTRATES (Physical):
2026-06-15 22:24:00,181 [INFO]   Ch 1: 212.2 kHz (total: 254,602,764)
2026-06-15 22:24:00,182 [INFO]   Ch 2: 272.2 kHz (total: 326,637,903)
2026-06-15 22:24:00,182 [INFO]   Ch 3: 163.9 kHz (total: 196,624,106)
2026-06-15 22:24:00,183 [INFO]   Ch 4: 162.8 kHz (total: 195,306,670)
2026-06-15 22:24:00,183 [INFO]   Ch 5: 6.1 kHz (total: 7,298,422)
2026-06-15 22:24:00,184 [INFO]   Ch 6: 6.0 kHz (total: 7,255,022)
2026-06-15 22:24:00,185 [INFO] COUNTRATES (Virtual):
2026-06-15 22:24:00,185 [INFO]   H3: 484.4 kHz (total: 581,240,667)
2026-06-15 22:24:00,186 [INFO]   H4: 326.6 kHz (total: 391,930,776)
2026-06-15 22:24:00,186 [INFO]   H5: 12.1 kHz (total: 14,553,444)
2026-06-15 22:24:00,187 [INFO] ------------------------------------------------------------
2026-06-15 22:24:00,187 [INFO] COINCIDENCES (threshold: 100000)
2026-06-15 22:24:00,188 [INFO] ------------------------------------------------------------
2026-06-15 22:24:00,189 [INFO] Twofold (physical) (Reached Threshold):
2026-06-15 22:24:00,189 [INFO]   (1,2): 4,071,515 Y
2026-06-15 22:24:00,190 [INFO]   (1,3): 2,519,778 Y
2026-06-15 22:24:00,191 [INFO]   (1,4): 2,498,138 Y
2026-06-15 22:24:00,191 [INFO]   (1,5): 95,085 X
2026-06-15 22:24:00,192 [INFO]   (1,6): 93,264 X
2026-06-15 22:24:00,193 [INFO]   (2,3): 3,188,929 Y
2026-06-15 22:24:00,193 [INFO]   (2,4): 3,158,481 Y
2026-06-15 22:24:00,194 [INFO]   (2,5): 119,496 Y
2026-06-15 22:24:00,194 [INFO]   (2,6): 118,625 Y
2026-06-15 22:24:00,195 [INFO]   (3,4): 1,948,213 Y
2026-06-15 22:24:00,195 [INFO]   (3,5): 74,599 X
2026-06-15 22:24:00,196 [INFO]   (3,6): 74,176 X
2026-06-15 22:24:00,197 [INFO]   (4,5): 73,792 X
2026-06-15 22:24:00,197 [INFO]   (4,6): 73,227 X
2026-06-15 22:24:00,198 [INFO]   (5,6): 2,804 X
2026-06-15 22:24:00,198 [INFO] ============================================================
2026-06-15 22:24:00,199 [INFO] >>> 7 combination(s) below threshold <<<
2026-06-15 22:24:00,200 [INFO] ============================================================
2026-06-15 22:24:00,281 [INFO] Updated merged data: C:\Users\QUANTUM\OneDrive - ENSTA\!Working files\HBT\HBT Data\Tests_Jun\2026-06-15_20-01-37_g2_heralded_virtual\MERGED\20-01-37_2026-06-15_13.58mW_num0_MERGED.pkl
2026-06-15 22:24:00,320 [INFO] Found 0 connected Time Tagger(s)
2026-06-15 22:24:01,955 [INFO] t:   1 s, Board temperature: 40.8 °C, FPGA temperature: 56.9 °C
2026-06-15 22:24:03,532 [INFO] t:   2 s, Board temperature: 40.9 °C, FPGA temperature: 56.9 °C
2026-06-15 22:24:05,093 [INFO] t:   3 s, Board temperature: 40.9 °C, FPGA temperature: 56.8 °C
2026-06-15 22:24:06,641 [INFO] t:   4 s, Board temperature: 41.1 °C, FPGA temperature: 56.9 °C
2026-06-15 22:24:08,192 [INFO] t:   5 s, Board temperature: 40.9 °C, FPGA temperature: 56.9 °C
2026-06-15 22:24:08,193 [INFO] The Time Tagger is warmed up.
2026-06-15 22:24:08,194 [INFO] Time Tagger initialized.
2026-06-15 22:24:08,195 [INFO] Chunk 3/6 | Elapsed: 30.0 min
2026-06-15 22:24:08,196 [INFO] Initializing experiment on Time Tagger.
2026-06-15 22:24:08,196 [INFO] Deadtime for channel 1: 0 ps
2026-06-15 22:24:08,197 [INFO] Deadtime for channel 2: 0 ps
2026-06-15 22:24:08,197 [INFO] Deadtime for channel 3: 0 ps
2026-06-15 22:24:08,199 [INFO] Deadtime for channel 4: 0 ps
2026-06-15 22:24:08,199 [INFO] Deadtime for channel 5: 0 ps
2026-06-15 22:24:08,200 [INFO] Deadtime for channel 6: 0 ps
2026-06-15 22:24:08,200 [INFO] Delays on channels enabled.
2026-06-15 22:24:08,201 [INFO] Delay for channel 1: requested=0 ps, actual=0 ps
2026-06-15 22:24:08,202 [INFO] Delay for channel 2: requested=-1000 ps, actual=-1000 ps
2026-06-15 22:24:08,203 [INFO] Delay for channel 3: requested=20000 ps, actual=20000 ps
2026-06-15 22:24:08,203 [INFO] Delay for channel 4: requested=16500 ps, actual=16500 ps
2026-06-15 22:24:08,204 [INFO] Delay for channel 5: requested=17800 ps, actual=17800 ps
2026-06-15 22:24:08,205 [INFO] Delay for channel 6: requested=17300 ps, actual=17300 ps
2026-06-15 22:24:08,206 [INFO] Executing synchronized correlation measurement.
2026-06-15 22:24:08,206 [INFO] Delays on channels enabled.
2026-06-15 22:24:08,207 [INFO] Delay for channel 1: requested=0 ps, actual=0 ps.
2026-06-15 22:24:08,207 [INFO] Delay for channel 2: requested=-1000 ps, actual=-1000 ps.
2026-06-15 22:24:08,208 [INFO] Delay for channel 3: requested=20000 ps, actual=20000 ps.
2026-06-15 22:24:08,209 [INFO] Delay for channel 4: requested=16500 ps, actual=16500 ps.
2026-06-15 22:24:08,209 [INFO] Delay for channel 5: requested=17800 ps, actual=17800 ps.
2026-06-15 22:24:08,210 [INFO] Delay for channel 6: requested=17300 ps, actual=17300 ps.
2026-06-15 22:24:08,211 [INFO] Initializing measurement with virtual mode channels for ALL heralding permutations.
2026-06-15 22:24:08,211 [INFO] Automatically generated modes from input: {'H3': [1, 2], 'H4': [3, 4], 'H5': [5, 6]}
2026-06-15 22:24:08,212 [INFO] Setting up virtual channels...
2026-06-15 22:24:08,213 [INFO] Initializing physical channel correlation histograms...
2026-06-15 22:24:08,214 [INFO]   Physical correlation: ch1 <-> ch2
2026-06-15 22:24:08,214 [INFO]   Physical correlation: ch1 <-> ch3
2026-06-15 22:24:08,215 [INFO]   Physical correlation: ch1 <-> ch4
2026-06-15 22:24:08,216 [INFO]   Physical correlation: ch1 <-> ch5
2026-06-15 22:24:08,216 [INFO]   Physical correlation: ch1 <-> ch6
2026-06-15 22:24:08,217 [INFO]   Physical correlation: ch2 <-> ch3
2026-06-15 22:24:08,218 [INFO]   Physical correlation: ch2 <-> ch4
2026-06-15 22:24:08,218 [INFO]   Physical correlation: ch2 <-> ch5
2026-06-15 22:24:08,219 [INFO]   Physical correlation: ch2 <-> ch6
2026-06-15 22:24:08,220 [INFO]   Physical correlation: ch3 <-> ch4
2026-06-15 22:24:08,220 [INFO]   Physical correlation: ch3 <-> ch5
2026-06-15 22:24:08,221 [INFO]   Physical correlation: ch3 <-> ch6
2026-06-15 22:24:08,222 [INFO]   Physical correlation: ch4 <-> ch5
2026-06-15 22:24:08,222 [INFO]   Physical correlation: ch4 <-> ch6
2026-06-15 22:24:08,223 [INFO]   Physical correlation: ch5 <-> ch6
2026-06-15 22:24:08,224 [INFO] Initializing virtual mode correlation histograms...
2026-06-15 22:24:08,224 [INFO]   Within-mode (H3): ch1 <-> ch2
2026-06-15 22:24:08,225 [INFO]   Cross-mode: H3 <-> H4
2026-06-15 22:24:08,226 [INFO]   Cross-mode: H3 <-> H5
2026-06-15 22:24:08,226 [INFO]   Within-mode (H4): ch3 <-> ch4
2026-06-15 22:24:08,227 [INFO]   Cross-mode: H4 <-> H5
2026-06-15 22:24:08,228 [INFO]   Within-mode (H5): ch5 <-> ch6
2026-06-15 22:24:08,229 [INFO] Measurement starting for 10.000min / 0.167h
2026-06-15 22:34:08,418 [INFO] Measurements finished.
2026-06-15 22:34:08,418 [INFO] Collecting measurement data...
2026-06-15 22:34:08,419 [INFO] Collecting physical correlation data for (1,2)
2026-06-15 22:34:08,421 [INFO] Collecting physical correlation data for (1,3)
2026-06-15 22:34:08,423 [INFO] Collecting physical correlation data for (1,4)
2026-06-15 22:34:08,425 [INFO] Collecting physical correlation data for (1,5)
2026-06-15 22:34:08,428 [INFO] Collecting physical correlation data for (1,6)
2026-06-15 22:34:08,430 [INFO] Collecting physical correlation data for (2,3)
2026-06-15 22:34:08,432 [INFO] Collecting physical correlation data for (2,4)
2026-06-15 22:34:08,434 [INFO] Collecting physical correlation data for (2,5)
2026-06-15 22:34:08,436 [INFO] Collecting physical correlation data for (2,6)
2026-06-15 22:34:08,439 [INFO] Collecting physical correlation data for (3,4)
2026-06-15 22:34:08,440 [INFO] Collecting physical correlation data for (3,5)
2026-06-15 22:34:08,442 [INFO] Collecting physical correlation data for (3,6)
2026-06-15 22:34:08,444 [INFO] Collecting physical correlation data for (4,5)
2026-06-15 22:34:08,446 [INFO] Collecting physical correlation data for (4,6)
2026-06-15 22:34:08,449 [INFO] Collecting physical correlation data for (5,6)
2026-06-15 22:34:08,451 [INFO] Collecting virtual correlation data for (H3,H3)
2026-06-15 22:34:08,453 [INFO] Collecting virtual correlation data for (H3,H4)
2026-06-15 22:34:08,456 [INFO] Collecting virtual correlation data for (H3,H5)
2026-06-15 22:34:08,458 [INFO] Collecting virtual correlation data for (H4,H4)
2026-06-15 22:34:08,460 [INFO] Collecting virtual correlation data for (H4,H5)
2026-06-15 22:34:08,462 [INFO] Collecting virtual correlation data for (H5,H5)
2026-06-15 22:34:08,484 [INFO] Starting writing data to file.
2026-06-15 22:34:08,565 [INFO] Saved data.
2026-06-15 22:34:08,693 [INFO] Merging 1 chunks into running total...
2026-06-15 22:34:08,861 [INFO] ============================================================
2026-06-15 22:34:08,862 [INFO] STATUS REPORT | Duration: 30.00 min (0.500 h)
2026-06-15 22:34:08,863 [INFO] ============================================================
2026-06-15 22:34:08,864 [INFO] COUNTRATES (Physical):
2026-06-15 22:34:08,865 [INFO]   Ch 1: 212.1 kHz (total: 381,789,650)
2026-06-15 22:34:08,866 [INFO]   Ch 2: 272.2 kHz (total: 489,918,997)
2026-06-15 22:34:08,867 [INFO]   Ch 3: 163.8 kHz (total: 294,876,876)
2026-06-15 22:34:08,867 [INFO]   Ch 4: 162.7 kHz (total: 292,914,140)
2026-06-15 22:34:08,868 [INFO]   Ch 5: 6.1 kHz (total: 10,946,331)
2026-06-15 22:34:08,868 [INFO]   Ch 6: 6.0 kHz (total: 10,880,526)
2026-06-15 22:34:08,869 [INFO] COUNTRATES (Virtual):
2026-06-15 22:34:08,870 [INFO]   H3: 484.3 kHz (total: 871,708,647)
2026-06-15 22:34:08,870 [INFO]   H4: 326.6 kHz (total: 587,791,016)
2026-06-15 22:34:08,871 [INFO]   H5: 12.1 kHz (total: 21,826,857)
2026-06-15 22:34:08,872 [INFO] ------------------------------------------------------------
2026-06-15 22:34:08,872 [INFO] COINCIDENCES (threshold: 100000)
2026-06-15 22:34:08,873 [INFO] ------------------------------------------------------------
2026-06-15 22:34:08,873 [INFO] Twofold (physical) (Reached Threshold):
2026-06-15 22:34:08,874 [INFO]   (1,2): 6,104,721 Y
2026-06-15 22:34:08,874 [INFO]   (1,3): 3,778,792 Y
2026-06-15 22:34:08,875 [INFO]   (1,4): 3,745,433 Y
2026-06-15 22:34:08,876 [INFO]   (1,5): 142,064 Y
2026-06-15 22:34:08,876 [INFO]   (1,6): 140,576 Y
2026-06-15 22:34:08,877 [INFO]   (2,3): 4,780,133 Y
2026-06-15 22:34:08,878 [INFO]   (2,4): 4,735,529 Y
2026-06-15 22:34:08,878 [INFO]   (2,5): 178,823 Y
2026-06-15 22:34:08,879 [INFO]   (2,6): 177,785 Y
2026-06-15 22:34:08,879 [INFO]   (3,4): 2,920,455 Y
2026-06-15 22:34:08,880 [INFO]   (3,5): 111,055 Y
2026-06-15 22:34:08,880 [INFO]   (3,6): 110,908 Y
2026-06-15 22:34:08,881 [INFO]   (4,5): 110,619 Y
2026-06-15 22:34:08,881 [INFO]   (4,6): 109,393 Y
2026-06-15 22:34:08,882 [INFO]   (5,6): 4,167 X
2026-06-15 22:34:08,883 [INFO] ============================================================
2026-06-15 22:34:08,883 [INFO] >>> 1 combination(s) below threshold <<<
2026-06-15 22:34:08,884 [INFO] ============================================================
2026-06-15 22:34:08,967 [INFO] Updated merged data: C:\Users\QUANTUM\OneDrive - ENSTA\!Working files\HBT\HBT Data\Tests_Jun\2026-06-15_20-01-37_g2_heralded_virtual\MERGED\20-01-37_2026-06-15_13.58mW_num0_MERGED.pkl
2026-06-15 22:34:09,007 [INFO] Found 0 connected Time Tagger(s)
2026-06-15 22:34:10,611 [INFO] t:   1 s, Board temperature: 41.1 °C, FPGA temperature: 57.4 °C
2026-06-15 22:34:12,169 [INFO] t:   2 s, Board temperature: 41.1 °C, FPGA temperature: 57.2 °C
2026-06-15 22:34:13,727 [INFO] t:   3 s, Board temperature: 41.2 °C, FPGA temperature: 57.2 °C
2026-06-15 22:34:15,281 [INFO] t:   4 s, Board temperature: 41.2 °C, FPGA temperature: 57.1 °C
2026-06-15 22:34:16,831 [INFO] t:   5 s, Board temperature: 41.1 °C, FPGA temperature: 57.2 °C
2026-06-15 22:34:16,832 [INFO] The Time Tagger is warmed up.
2026-06-15 22:34:16,833 [INFO] Time Tagger initialized.
2026-06-15 22:34:16,834 [INFO] Chunk 4/6 | Elapsed: 40.0 min
2026-06-15 22:34:16,834 [INFO] Initializing experiment on Time Tagger.
2026-06-15 22:34:16,835 [INFO] Deadtime for channel 1: 0 ps
2026-06-15 22:34:16,836 [INFO] Deadtime for channel 2: 0 ps
2026-06-15 22:34:16,837 [INFO] Deadtime for channel 3: 0 ps
2026-06-15 22:34:16,837 [INFO] Deadtime for channel 4: 0 ps
2026-06-15 22:34:16,838 [INFO] Deadtime for channel 5: 0 ps
2026-06-15 22:34:16,839 [INFO] Deadtime for channel 6: 0 ps
2026-06-15 22:34:16,839 [INFO] Delays on channels enabled.
2026-06-15 22:34:16,840 [INFO] Delay for channel 1: requested=0 ps, actual=0 ps
2026-06-15 22:34:16,841 [INFO] Delay for channel 2: requested=-1000 ps, actual=-1000 ps
2026-06-15 22:34:16,841 [INFO] Delay for channel 3: requested=20000 ps, actual=20000 ps
2026-06-15 22:34:16,842 [INFO] Delay for channel 4: requested=16500 ps, actual=16500 ps
2026-06-15 22:34:16,842 [INFO] Delay for channel 5: requested=17800 ps, actual=17800 ps
2026-06-15 22:34:16,843 [INFO] Delay for channel 6: requested=17300 ps, actual=17300 ps
2026-06-15 22:34:16,844 [INFO] Executing synchronized correlation measurement.
2026-06-15 22:34:16,844 [INFO] Delays on channels enabled.
2026-06-15 22:34:16,845 [INFO] Delay for channel 1: requested=0 ps, actual=0 ps.
2026-06-15 22:34:16,845 [INFO] Delay for channel 2: requested=-1000 ps, actual=-1000 ps.
2026-06-15 22:34:16,846 [INFO] Delay for channel 3: requested=20000 ps, actual=20000 ps.
2026-06-15 22:34:16,847 [INFO] Delay for channel 4: requested=16500 ps, actual=16500 ps.
2026-06-15 22:34:16,848 [INFO] Delay for channel 5: requested=17800 ps, actual=17800 ps.
2026-06-15 22:34:16,848 [INFO] Delay for channel 6: requested=17300 ps, actual=17300 ps.
2026-06-15 22:34:16,849 [INFO] Initializing measurement with virtual mode channels for ALL heralding permutations.
2026-06-15 22:34:16,849 [INFO] Automatically generated modes from input: {'H3': [1, 2], 'H4': [3, 4], 'H5': [5, 6]}
2026-06-15 22:34:16,850 [INFO] Setting up virtual channels...
2026-06-15 22:34:16,851 [INFO] Initializing physical channel correlation histograms...
2026-06-15 22:34:16,852 [INFO]   Physical correlation: ch1 <-> ch2
2026-06-15 22:34:16,853 [INFO]   Physical correlation: ch1 <-> ch3
2026-06-15 22:34:16,853 [INFO]   Physical correlation: ch1 <-> ch4
2026-06-15 22:34:16,854 [INFO]   Physical correlation: ch1 <-> ch5
2026-06-15 22:34:16,855 [INFO]   Physical correlation: ch1 <-> ch6
2026-06-15 22:34:16,855 [INFO]   Physical correlation: ch2 <-> ch3
2026-06-15 22:34:16,856 [INFO]   Physical correlation: ch2 <-> ch4
2026-06-15 22:34:16,857 [INFO]   Physical correlation: ch2 <-> ch5
2026-06-15 22:34:16,857 [INFO]   Physical correlation: ch2 <-> ch6
2026-06-15 22:34:16,858 [INFO]   Physical correlation: ch3 <-> ch4
2026-06-15 22:34:16,859 [INFO]   Physical correlation: ch3 <-> ch5
2026-06-15 22:34:16,859 [INFO]   Physical correlation: ch3 <-> ch6
2026-06-15 22:34:16,860 [INFO]   Physical correlation: ch4 <-> ch5
2026-06-15 22:34:16,861 [INFO]   Physical correlation: ch4 <-> ch6
2026-06-15 22:34:16,861 [INFO]   Physical correlation: ch5 <-> ch6
2026-06-15 22:34:16,862 [INFO] Initializing virtual mode correlation histograms...
2026-06-15 22:34:16,863 [INFO]   Within-mode (H3): ch1 <-> ch2
2026-06-15 22:34:16,864 [INFO]   Cross-mode: H3 <-> H4
2026-06-15 22:34:16,864 [INFO]   Cross-mode: H3 <-> H5
2026-06-15 22:34:16,865 [INFO]   Within-mode (H4): ch3 <-> ch4
2026-06-15 22:34:16,866 [INFO]   Cross-mode: H4 <-> H5
2026-06-15 22:34:16,866 [INFO]   Within-mode (H5): ch5 <-> ch6
2026-06-15 22:34:16,868 [INFO] Measurement starting for 10.000min / 0.167h
2026-06-15 22:44:17,058 [INFO] Measurements finished.
2026-06-15 22:44:17,059 [INFO] Collecting measurement data...
2026-06-15 22:44:17,060 [INFO] Collecting physical correlation data for (1,2)
2026-06-15 22:44:17,062 [INFO] Collecting physical correlation data for (1,3)
2026-06-15 22:44:17,064 [INFO] Collecting physical correlation data for (1,4)
2026-06-15 22:44:17,066 [INFO] Collecting physical correlation data for (1,5)
2026-06-15 22:44:17,068 [INFO] Collecting physical correlation data for (1,6)
2026-06-15 22:44:17,071 [INFO] Collecting physical correlation data for (2,3)
2026-06-15 22:44:17,073 [INFO] Collecting physical correlation data for (2,4)
2026-06-15 22:44:17,075 [INFO] Collecting physical correlation data for (2,5)
2026-06-15 22:44:17,077 [INFO] Collecting physical correlation data for (2,6)
2026-06-15 22:44:17,079 [INFO] Collecting physical correlation data for (3,4)
2026-06-15 22:44:17,081 [INFO] Collecting physical correlation data for (3,5)
2026-06-15 22:44:17,084 [INFO] Collecting physical correlation data for (3,6)
2026-06-15 22:44:17,086 [INFO] Collecting physical correlation data for (4,5)
2026-06-15 22:44:17,088 [INFO] Collecting physical correlation data for (4,6)
2026-06-15 22:44:17,090 [INFO] Collecting physical correlation data for (5,6)
2026-06-15 22:44:17,092 [INFO] Collecting virtual correlation data for (H3,H3)
2026-06-15 22:44:17,094 [INFO] Collecting virtual correlation data for (H3,H4)
2026-06-15 22:44:17,097 [INFO] Collecting virtual correlation data for (H3,H5)
2026-06-15 22:44:17,100 [INFO] Collecting virtual correlation data for (H4,H4)
2026-06-15 22:44:17,102 [INFO] Collecting virtual correlation data for (H4,H5)
2026-06-15 22:44:17,104 [INFO] Collecting virtual correlation data for (H5,H5)
2026-06-15 22:44:17,126 [INFO] Starting writing data to file.
2026-06-15 22:44:17,209 [INFO] Saved data.
2026-06-15 22:44:17,337 [INFO] Merging 1 chunks into running total...
2026-06-15 22:44:17,512 [INFO] ============================================================
2026-06-15 22:44:17,512 [INFO] STATUS REPORT | Duration: 40.00 min (0.667 h)
2026-06-15 22:44:17,513 [INFO] ============================================================
2026-06-15 22:44:17,514 [INFO] COUNTRATES (Physical):
2026-06-15 22:44:17,515 [INFO]   Ch 1: 211.9 kHz (total: 508,677,325)
2026-06-15 22:44:17,516 [INFO]   Ch 2: 272.0 kHz (total: 652,799,693)
2026-06-15 22:44:17,517 [INFO]   Ch 3: 163.7 kHz (total: 392,897,774)
2026-06-15 22:44:17,517 [INFO]   Ch 4: 162.6 kHz (total: 390,239,492)
2026-06-15 22:44:17,518 [INFO]   Ch 5: 6.1 kHz (total: 14,584,756)
2026-06-15 22:44:17,519 [INFO]   Ch 6: 6.0 kHz (total: 14,498,523)
2026-06-15 22:44:17,519 [INFO] COUNTRATES (Virtual):
2026-06-15 22:44:17,520 [INFO]   H3: 483.9 kHz (total: 1,161,477,018)
2026-06-15 22:44:17,521 [INFO]   H4: 326.3 kHz (total: 783,137,266)
2026-06-15 22:44:17,521 [INFO]   H5: 12.1 kHz (total: 29,083,279)
2026-06-15 22:44:17,522 [INFO] ------------------------------------------------------------
2026-06-15 22:44:17,522 [INFO] COINCIDENCES (threshold: 100000)
2026-06-15 22:44:17,523 [INFO] ------------------------------------------------------------
2026-06-15 22:44:17,524 [INFO] Twofold (physical) (Reached Threshold):
2026-06-15 22:44:17,524 [INFO]   (1,2): 8,135,138 Y
2026-06-15 22:44:17,524 [INFO]   (1,3): 5,031,002 Y
2026-06-15 22:44:17,525 [INFO]   (1,4): 4,988,503 Y
2026-06-15 22:44:17,526 [INFO]   (1,5): 188,894 Y
2026-06-15 22:44:17,526 [INFO]   (1,6): 187,516 Y
2026-06-15 22:44:17,527 [INFO]   (2,3): 6,368,737 Y
2026-06-15 22:44:17,527 [INFO]   (2,4): 6,310,652 Y
2026-06-15 22:44:17,528 [INFO]   (2,5): 238,230 Y
2026-06-15 22:44:17,528 [INFO]   (2,6): 236,880 Y
2026-06-15 22:44:17,529 [INFO]   (3,4): 3,892,196 Y
2026-06-15 22:44:17,530 [INFO]   (3,5): 148,041 Y
2026-06-15 22:44:17,531 [INFO]   (3,6): 147,520 Y
2026-06-15 22:44:17,531 [INFO]   (4,5): 147,244 Y
2026-06-15 22:44:17,532 [INFO]   (4,6): 145,640 Y
2026-06-15 22:44:17,532 [INFO]   (5,6): 5,539 X
2026-06-15 22:44:17,533 [INFO] ============================================================
2026-06-15 22:44:17,533 [INFO] >>> 1 combination(s) below threshold <<<
2026-06-15 22:44:17,534 [INFO] ============================================================
2026-06-15 22:44:17,614 [INFO] Updated merged data: C:\Users\QUANTUM\OneDrive - ENSTA\!Working files\HBT\HBT Data\Tests_Jun\2026-06-15_20-01-37_g2_heralded_virtual\MERGED\20-01-37_2026-06-15_13.58mW_num0_MERGED.pkl
2026-06-15 22:44:17,655 [INFO] Found 0 connected Time Tagger(s)
2026-06-15 22:44:19,277 [INFO] t:   1 s, Board temperature: 41.0 °C, FPGA temperature: 57.0 °C
2026-06-15 22:44:20,844 [INFO] t:   2 s, Board temperature: 40.9 °C, FPGA temperature: 56.9 °C
2026-06-15 22:44:22,402 [INFO] t:   3 s, Board temperature: 40.9 °C, FPGA temperature: 57.0 °C
2026-06-15 22:44:23,966 [INFO] t:   4 s, Board temperature: 40.9 °C, FPGA temperature: 56.9 °C
2026-06-15 22:44:25,526 [INFO] t:   5 s, Board temperature: 40.9 °C, FPGA temperature: 56.9 °C
2026-06-15 22:44:25,526 [INFO] The Time Tagger is warmed up.
2026-06-15 22:44:25,528 [INFO] Time Tagger initialized.
2026-06-15 22:44:25,529 [INFO] Chunk 5/6 | Elapsed: 50.0 min
2026-06-15 22:44:25,529 [INFO] Initializing experiment on Time Tagger.
2026-06-15 22:44:25,530 [INFO] Deadtime for channel 1: 0 ps
2026-06-15 22:44:25,531 [INFO] Deadtime for channel 2: 0 ps
2026-06-15 22:44:25,531 [INFO] Deadtime for channel 3: 0 ps
2026-06-15 22:44:25,532 [INFO] Deadtime for channel 4: 0 ps
2026-06-15 22:44:25,533 [INFO] Deadtime for channel 5: 0 ps
2026-06-15 22:44:25,533 [INFO] Deadtime for channel 6: 0 ps
2026-06-15 22:44:25,534 [INFO] Delays on channels enabled.
2026-06-15 22:44:25,535 [INFO] Delay for channel 1: requested=0 ps, actual=0 ps
2026-06-15 22:44:25,536 [INFO] Delay for channel 2: requested=-1000 ps, actual=-1000 ps
2026-06-15 22:44:25,536 [INFO] Delay for channel 3: requested=20000 ps, actual=20000 ps
2026-06-15 22:44:25,537 [INFO] Delay for channel 4: requested=16500 ps, actual=16500 ps
2026-06-15 22:44:25,537 [INFO] Delay for channel 5: requested=17800 ps, actual=17800 ps
2026-06-15 22:44:25,538 [INFO] Delay for channel 6: requested=17300 ps, actual=17300 ps
2026-06-15 22:44:25,538 [INFO] Executing synchronized correlation measurement.
2026-06-15 22:44:25,539 [INFO] Delays on channels enabled.
2026-06-15 22:44:25,540 [INFO] Delay for channel 1: requested=0 ps, actual=0 ps.
2026-06-15 22:44:25,540 [INFO] Delay for channel 2: requested=-1000 ps, actual=-1000 ps.
2026-06-15 22:44:25,541 [INFO] Delay for channel 3: requested=20000 ps, actual=20000 ps.
2026-06-15 22:44:25,542 [INFO] Delay for channel 4: requested=16500 ps, actual=16500 ps.
2026-06-15 22:44:25,542 [INFO] Delay for channel 5: requested=17800 ps, actual=17800 ps.
2026-06-15 22:44:25,543 [INFO] Delay for channel 6: requested=17300 ps, actual=17300 ps.
2026-06-15 22:44:25,543 [INFO] Initializing measurement with virtual mode channels for ALL heralding permutations.
2026-06-15 22:44:25,544 [INFO] Automatically generated modes from input: {'H3': [1, 2], 'H4': [3, 4], 'H5': [5, 6]}
2026-06-15 22:44:25,545 [INFO] Setting up virtual channels...
2026-06-15 22:44:25,546 [INFO] Initializing physical channel correlation histograms...
2026-06-15 22:44:25,546 [INFO]   Physical correlation: ch1 <-> ch2
2026-06-15 22:44:25,547 [INFO]   Physical correlation: ch1 <-> ch3
2026-06-15 22:44:25,548 [INFO]   Physical correlation: ch1 <-> ch4
2026-06-15 22:44:25,548 [INFO]   Physical correlation: ch1 <-> ch5
2026-06-15 22:44:25,549 [INFO]   Physical correlation: ch1 <-> ch6
2026-06-15 22:44:25,550 [INFO]   Physical correlation: ch2 <-> ch3
2026-06-15 22:44:25,550 [INFO]   Physical correlation: ch2 <-> ch4
2026-06-15 22:44:25,551 [INFO]   Physical correlation: ch2 <-> ch5
2026-06-15 22:44:25,552 [INFO]   Physical correlation: ch2 <-> ch6
2026-06-15 22:44:25,552 [INFO]   Physical correlation: ch3 <-> ch4
2026-06-15 22:44:25,553 [INFO]   Physical correlation: ch3 <-> ch5
2026-06-15 22:44:25,554 [INFO]   Physical correlation: ch3 <-> ch6
2026-06-15 22:44:25,554 [INFO]   Physical correlation: ch4 <-> ch5
2026-06-15 22:44:25,555 [INFO]   Physical correlation: ch4 <-> ch6
2026-06-15 22:44:25,556 [INFO]   Physical correlation: ch5 <-> ch6
2026-06-15 22:44:25,557 [INFO] Initializing virtual mode correlation histograms...
2026-06-15 22:44:25,557 [INFO]   Within-mode (H3): ch1 <-> ch2
2026-06-15 22:44:25,558 [INFO]   Cross-mode: H3 <-> H4
2026-06-15 22:44:25,559 [INFO]   Cross-mode: H3 <-> H5
2026-06-15 22:44:25,559 [INFO]   Within-mode (H4): ch3 <-> ch4
2026-06-15 22:44:25,560 [INFO]   Cross-mode: H4 <-> H5
2026-06-15 22:44:25,561 [INFO]   Within-mode (H5): ch5 <-> ch6
2026-06-15 22:44:25,562 [INFO] Measurement starting for 10.000min / 0.167h
2026-06-15 22:54:25,750 [INFO] Measurements finished.
2026-06-15 22:54:25,751 [INFO] Collecting measurement data...
2026-06-15 22:54:25,752 [INFO] Collecting physical correlation data for (1,2)
2026-06-15 22:54:25,754 [INFO] Collecting physical correlation data for (1,3)
2026-06-15 22:54:25,757 [INFO] Collecting physical correlation data for (1,4)
2026-06-15 22:54:25,759 [INFO] Collecting physical correlation data for (1,5)
2026-06-15 22:54:25,761 [INFO] Collecting physical correlation data for (1,6)
2026-06-15 22:54:25,763 [INFO] Collecting physical correlation data for (2,3)
2026-06-15 22:54:25,765 [INFO] Collecting physical correlation data for (2,4)
2026-06-15 22:54:25,766 [INFO] Collecting physical correlation data for (2,5)
2026-06-15 22:54:25,768 [INFO] Collecting physical correlation data for (2,6)
2026-06-15 22:54:25,771 [INFO] Collecting physical correlation data for (3,4)
2026-06-15 22:54:25,772 [INFO] Collecting physical correlation data for (3,5)
2026-06-15 22:54:25,775 [INFO] Collecting physical correlation data for (3,6)
2026-06-15 22:54:25,777 [INFO] Collecting physical correlation data for (4,5)
2026-06-15 22:54:25,779 [INFO] Collecting physical correlation data for (4,6)
2026-06-15 22:54:25,780 [INFO] Collecting physical correlation data for (5,6)
2026-06-15 22:54:25,782 [INFO] Collecting virtual correlation data for (H3,H3)
2026-06-15 22:54:25,785 [INFO] Collecting virtual correlation data for (H3,H4)
2026-06-15 22:54:25,788 [INFO] Collecting virtual correlation data for (H3,H5)
2026-06-15 22:54:25,790 [INFO] Collecting virtual correlation data for (H4,H4)
2026-06-15 22:54:25,792 [INFO] Collecting virtual correlation data for (H4,H5)
2026-06-15 22:54:25,794 [INFO] Collecting virtual correlation data for (H5,H5)
2026-06-15 22:54:25,817 [INFO] Starting writing data to file.
2026-06-15 22:54:25,896 [INFO] Saved data.
2026-06-15 22:54:26,028 [INFO] Merging 1 chunks into running total...
2026-06-15 22:54:26,200 [INFO] ============================================================
2026-06-15 22:54:26,201 [INFO] STATUS REPORT | Duration: 50.00 min (0.833 h)
2026-06-15 22:54:26,202 [INFO] ============================================================
2026-06-15 22:54:26,203 [INFO] COUNTRATES (Physical):
2026-06-15 22:54:26,204 [INFO]   Ch 1: 211.9 kHz (total: 635,708,335)
2026-06-15 22:54:26,205 [INFO]   Ch 2: 271.9 kHz (total: 815,805,830)
2026-06-15 22:54:26,205 [INFO]   Ch 3: 163.7 kHz (total: 491,071,205)
2026-06-15 22:54:26,206 [INFO]   Ch 4: 162.6 kHz (total: 487,715,553)
2026-06-15 22:54:26,206 [INFO]   Ch 5: 6.1 kHz (total: 18,238,384)
2026-06-15 22:54:26,207 [INFO]   Ch 6: 6.0 kHz (total: 18,133,459)
2026-06-15 22:54:26,208 [INFO] COUNTRATES (Virtual):
2026-06-15 22:54:26,209 [INFO]   H3: 483.8 kHz (total: 1,451,514,165)
2026-06-15 22:54:26,209 [INFO]   H4: 326.3 kHz (total: 978,786,758)
2026-06-15 22:54:26,210 [INFO]   H5: 12.1 kHz (total: 36,371,843)
2026-06-15 22:54:26,210 [INFO] ------------------------------------------------------------
2026-06-15 22:54:26,211 [INFO] COINCIDENCES (threshold: 100000)
2026-06-15 22:54:26,212 [INFO] ------------------------------------------------------------
2026-06-15 22:54:26,212 [INFO] Twofold (physical) (Reached Threshold):
2026-06-15 22:54:26,213 [INFO]   (1,2): 10,173,370 Y
2026-06-15 22:54:26,214 [INFO]   (1,3): 6,292,649 Y
2026-06-15 22:54:26,214 [INFO]   (1,4): 6,239,437 Y
2026-06-15 22:54:26,215 [INFO]   (1,5): 236,277 Y
2026-06-15 22:54:26,216 [INFO]   (1,6): 234,603 Y
2026-06-15 22:54:26,216 [INFO]   (2,3): 7,965,748 Y
2026-06-15 22:54:26,217 [INFO]   (2,4): 7,887,908 Y
2026-06-15 22:54:26,218 [INFO]   (2,5): 298,397 Y
2026-06-15 22:54:26,218 [INFO]   (2,6): 296,198 Y
2026-06-15 22:54:26,219 [INFO]   (3,4): 4,866,851 Y
2026-06-15 22:54:26,220 [INFO]   (3,5): 185,111 Y
2026-06-15 22:54:26,220 [INFO]   (3,6): 184,389 Y
2026-06-15 22:54:26,221 [INFO]   (4,5): 184,188 Y
2026-06-15 22:54:26,221 [INFO]   (4,6): 182,279 Y
2026-06-15 22:54:26,222 [INFO]   (5,6): 6,956 X
2026-06-15 22:54:26,223 [INFO] ============================================================
2026-06-15 22:54:26,224 [INFO] >>> 1 combination(s) below threshold <<<
2026-06-15 22:54:26,224 [INFO] ============================================================
2026-06-15 22:54:26,307 [INFO] Updated merged data: C:\Users\QUANTUM\OneDrive - ENSTA\!Working files\HBT\HBT Data\Tests_Jun\2026-06-15_20-01-37_g2_heralded_virtual\MERGED\20-01-37_2026-06-15_13.58mW_num0_MERGED.pkl
2026-06-15 22:54:26,347 [INFO] Found 0 connected Time Tagger(s)
2026-06-15 22:54:27,967 [INFO] t:   1 s, Board temperature: 41.1 °C, FPGA temperature: 56.9 °C
2026-06-15 22:54:29,522 [INFO] t:   2 s, Board temperature: 41.0 °C, FPGA temperature: 57.0 °C
2026-06-15 22:54:31,094 [INFO] t:   3 s, Board temperature: 41.0 °C, FPGA temperature: 56.8 °C
2026-06-15 22:54:32,659 [INFO] t:   4 s, Board temperature: 40.9 °C, FPGA temperature: 57.0 °C
2026-06-15 22:54:34,211 [INFO] t:   5 s, Board temperature: 40.9 °C, FPGA temperature: 56.9 °C
2026-06-15 22:54:34,211 [INFO] The Time Tagger is warmed up.
2026-06-15 22:54:34,212 [INFO] Time Tagger initialized.
2026-06-15 22:54:34,214 [INFO] Chunk 6/6 | Elapsed: 60.0 min
2026-06-15 22:54:34,214 [INFO] Initializing experiment on Time Tagger.
2026-06-15 22:54:34,215 [INFO] Deadtime for channel 1: 0 ps
2026-06-15 22:54:34,216 [INFO] Deadtime for channel 2: 0 ps
2026-06-15 22:54:34,217 [INFO] Deadtime for channel 3: 0 ps
2026-06-15 22:54:34,218 [INFO] Deadtime for channel 4: 0 ps
2026-06-15 22:54:34,218 [INFO] Deadtime for channel 5: 0 ps
2026-06-15 22:54:34,219 [INFO] Deadtime for channel 6: 0 ps
2026-06-15 22:54:34,219 [INFO] Delays on channels enabled.
2026-06-15 22:54:34,220 [INFO] Delay for channel 1: requested=0 ps, actual=0 ps
2026-06-15 22:54:34,221 [INFO] Delay for channel 2: requested=-1000 ps, actual=-1000 ps
2026-06-15 22:54:34,222 [INFO] Delay for channel 3: requested=20000 ps, actual=20000 ps
2026-06-15 22:54:34,222 [INFO] Delay for channel 4: requested=16500 ps, actual=16500 ps
2026-06-15 22:54:34,223 [INFO] Delay for channel 5: requested=17800 ps, actual=17800 ps
2026-06-15 22:54:34,223 [INFO] Delay for channel 6: requested=17300 ps, actual=17300 ps
2026-06-15 22:54:34,224 [INFO] Executing synchronized correlation measurement.
2026-06-15 22:54:34,224 [INFO] Delays on channels enabled.
2026-06-15 22:54:34,225 [INFO] Delay for channel 1: requested=0 ps, actual=0 ps.
2026-06-15 22:54:34,225 [INFO] Delay for channel 2: requested=-1000 ps, actual=-1000 ps.
2026-06-15 22:54:34,226 [INFO] Delay for channel 3: requested=20000 ps, actual=20000 ps.
2026-06-15 22:54:34,227 [INFO] Delay for channel 4: requested=16500 ps, actual=16500 ps.
2026-06-15 22:54:34,227 [INFO] Delay for channel 5: requested=17800 ps, actual=17800 ps.
2026-06-15 22:54:34,228 [INFO] Delay for channel 6: requested=17300 ps, actual=17300 ps.
2026-06-15 22:54:34,228 [INFO] Initializing measurement with virtual mode channels for ALL heralding permutations.
2026-06-15 22:54:34,229 [INFO] Automatically generated modes from input: {'H3': [1, 2], 'H4': [3, 4], 'H5': [5, 6]}
2026-06-15 22:54:34,230 [INFO] Setting up virtual channels...
2026-06-15 22:54:34,231 [INFO] Initializing physical channel correlation histograms...
2026-06-15 22:54:34,232 [INFO]   Physical correlation: ch1 <-> ch2
2026-06-15 22:54:34,232 [INFO]   Physical correlation: ch1 <-> ch3
2026-06-15 22:54:34,233 [INFO]   Physical correlation: ch1 <-> ch4
2026-06-15 22:54:34,234 [INFO]   Physical correlation: ch1 <-> ch5
2026-06-15 22:54:34,234 [INFO]   Physical correlation: ch1 <-> ch6
2026-06-15 22:54:34,235 [INFO]   Physical correlation: ch2 <-> ch3
2026-06-15 22:54:34,235 [INFO]   Physical correlation: ch2 <-> ch4
2026-06-15 22:54:34,236 [INFO]   Physical correlation: ch2 <-> ch5
2026-06-15 22:54:34,237 [INFO]   Physical correlation: ch2 <-> ch6
2026-06-15 22:54:34,238 [INFO]   Physical correlation: ch3 <-> ch4
2026-06-15 22:54:34,238 [INFO]   Physical correlation: ch3 <-> ch5
2026-06-15 22:54:34,239 [INFO]   Physical correlation: ch3 <-> ch6
2026-06-15 22:54:34,240 [INFO]   Physical correlation: ch4 <-> ch5
2026-06-15 22:54:34,240 [INFO]   Physical correlation: ch4 <-> ch6
2026-06-15 22:54:34,241 [INFO]   Physical correlation: ch5 <-> ch6
2026-06-15 22:54:34,242 [INFO] Initializing virtual mode correlation histograms...
2026-06-15 22:54:34,242 [INFO]   Within-mode (H3): ch1 <-> ch2
2026-06-15 22:54:34,243 [INFO]   Cross-mode: H3 <-> H4
2026-06-15 22:54:34,244 [INFO]   Cross-mode: H3 <-> H5
2026-06-15 22:54:34,244 [INFO]   Within-mode (H4): ch3 <-> ch4
2026-06-15 22:54:34,245 [INFO]   Cross-mode: H4 <-> H5
2026-06-15 22:54:34,246 [INFO]   Within-mode (H5): ch5 <-> ch6
2026-06-15 22:54:34,247 [INFO] Measurement starting for 10.000min / 0.167h
2026-06-15 23:04:35,339 [INFO] Measurements finished.
2026-06-15 23:04:35,340 [INFO] Collecting measurement data...
2026-06-15 23:04:35,341 [INFO] Collecting physical correlation data for (1,2)
2026-06-15 23:04:35,343 [INFO] Collecting physical correlation data for (1,3)
2026-06-15 23:04:35,345 [INFO] Collecting physical correlation data for (1,4)
2026-06-15 23:04:35,347 [INFO] Collecting physical correlation data for (1,5)
2026-06-15 23:04:35,349 [INFO] Collecting physical correlation data for (1,6)
2026-06-15 23:04:35,351 [INFO] Collecting physical correlation data for (2,3)
2026-06-15 23:04:35,353 [INFO] Collecting physical correlation data for (2,4)
2026-06-15 23:04:35,356 [INFO] Collecting physical correlation data for (2,5)
2026-06-15 23:04:35,358 [INFO] Collecting physical correlation data for (2,6)
2026-06-15 23:04:35,360 [INFO] Collecting physical correlation data for (3,4)
2026-06-15 23:04:35,362 [INFO] Collecting physical correlation data for (3,5)
2026-06-15 23:04:35,365 [INFO] Collecting physical correlation data for (3,6)
2026-06-15 23:04:35,366 [INFO] Collecting physical correlation data for (4,5)
2026-06-15 23:04:35,369 [INFO] Collecting physical correlation data for (4,6)
2026-06-15 23:04:35,370 [INFO] Collecting physical correlation data for (5,6)
2026-06-15 23:04:35,373 [INFO] Collecting virtual correlation data for (H3,H3)
2026-06-15 23:04:35,375 [INFO] Collecting virtual correlation data for (H3,H4)
2026-06-15 23:04:35,378 [INFO] Collecting virtual correlation data for (H3,H5)
2026-06-15 23:04:35,380 [INFO] Collecting virtual correlation data for (H4,H4)
2026-06-15 23:04:35,382 [INFO] Collecting virtual correlation data for (H4,H5)
2026-06-15 23:04:35,384 [INFO] Collecting virtual correlation data for (H5,H5)
2026-06-15 23:04:35,426 [INFO] Starting writing data to file.
2026-06-15 23:04:35,507 [INFO] Saved data.
2026-06-15 23:04:35,649 [INFO] Merging 1 chunks into running total...
2026-06-15 23:04:35,822 [INFO] ============================================================
2026-06-15 23:04:35,824 [INFO] STATUS REPORT | Duration: 60.00 min (1.000 h)
2026-06-15 23:04:35,824 [INFO] ============================================================
2026-06-15 23:04:35,825 [INFO] COUNTRATES (Physical):
2026-06-15 23:04:35,826 [INFO]   Ch 1: 211.8 kHz (total: 762,459,471)
2026-06-15 23:04:35,827 [INFO]   Ch 2: 271.8 kHz (total: 978,561,285)
2026-06-15 23:04:35,828 [INFO]   Ch 3: 163.6 kHz (total: 588,867,812)
2026-06-15 23:04:35,829 [INFO]   Ch 4: 162.5 kHz (total: 584,857,829)
2026-06-15 23:04:35,830 [INFO]   Ch 5: 6.1 kHz (total: 21,867,800)
2026-06-15 23:04:35,830 [INFO]   Ch 6: 6.0 kHz (total: 21,738,800)
2026-06-15 23:04:35,831 [INFO] COUNTRATES (Virtual):
2026-06-15 23:04:35,831 [INFO]   H3: 483.6 kHz (total: 1,741,020,756)
2026-06-15 23:04:35,832 [INFO]   H4: 326.0 kHz (total: 1,173,725,641)
2026-06-15 23:04:35,833 [INFO]   H5: 12.1 kHz (total: 43,606,600)
2026-06-15 23:04:35,834 [INFO] ------------------------------------------------------------
2026-06-15 23:04:35,834 [INFO] COINCIDENCES (threshold: 100000)
2026-06-15 23:04:35,835 [INFO] ------------------------------------------------------------
2026-06-15 23:04:35,837 [INFO] Twofold (physical) (Reached Threshold):
2026-06-15 23:04:35,837 [INFO]   (1,2): 12,197,788 Y
2026-06-15 23:04:35,838 [INFO]   (1,3): 7,541,454 Y
2026-06-15 23:04:35,839 [INFO]   (1,4): 7,478,106 Y
2026-06-15 23:04:35,839 [INFO]   (1,5): 283,017 Y
2026-06-15 23:04:35,840 [INFO]   (1,6): 281,011 Y
2026-06-15 23:04:35,841 [INFO]   (2,3): 9,545,020 Y
2026-06-15 23:04:35,841 [INFO]   (2,4): 9,454,218 Y
2026-06-15 23:04:35,842 [INFO]   (2,5): 357,356 Y
2026-06-15 23:04:35,842 [INFO]   (2,6): 354,987 Y
2026-06-15 23:04:35,843 [INFO]   (3,4): 5,833,468 Y
2026-06-15 23:04:35,844 [INFO]   (3,5): 221,827 Y
2026-06-15 23:04:35,844 [INFO]   (3,6): 220,304 Y
2026-06-15 23:04:35,845 [INFO]   (4,5): 220,718 Y
2026-06-15 23:04:35,845 [INFO]   (4,6): 218,669 Y
2026-06-15 23:04:35,846 [INFO]   (5,6): 8,365 X
2026-06-15 23:04:35,847 [INFO] ============================================================
2026-06-15 23:04:35,847 [INFO] >>> 1 combination(s) below threshold <<<
2026-06-15 23:04:35,848 [INFO] ============================================================
2026-06-15 23:04:35,936 [INFO] Updated merged data: C:\Users\QUANTUM\OneDrive - ENSTA\!Working files\HBT\HBT Data\Tests_Jun\2026-06-15_20-01-37_g2_heralded_virtual\MERGED\20-01-37_2026-06-15_13.58mW_num0_MERGED.pkl
2026-06-15 23:04:36,019 [INFO] Final merged data saved to: C:\Users\QUANTUM\OneDrive - ENSTA\!Working files\HBT\HBT Data\Tests_Jun\2026-06-15_20-01-37_g2_heralded_virtual\MERGED\20-01-37_2026-06-15_13.58mW_num0_MERGED.pkl
2026-06-15 23:04:36,020 [INFO] Total merged duration: 60.00 min
2026-06-15 23:04:36,021 [INFO] Measurement completed in 60.90 min
2026-06-15 23:04:36,869 [INFO] Stage Position: 33.0
2026-06-15 23:04:36,870 [INFO] Starting chunked acquisition (max 6 chunks / 60.0 min)
2026-06-15 23:04:36,871 [INFO] Chunk duration: 10 min
2026-06-15 23:04:36,873 [INFO] Threshold: 100000 counts, checking every 1 chunks
2026-06-15 23:04:36,940 [INFO] Found 0 connected Time Tagger(s)
2026-06-15 23:04:38,566 [INFO] t:   1 s, Board temperature: 40.4 °C, FPGA temperature: 56.5 °C
2026-06-15 23:04:40,116 [INFO] t:   2 s, Board temperature: 40.6 °C, FPGA temperature: 56.6 °C
2026-06-15 23:04:41,696 [INFO] t:   3 s, Board temperature: 40.6 °C, FPGA temperature: 56.6 °C
2026-06-15 23:04:43,253 [INFO] t:   4 s, Board temperature: 40.6 °C, FPGA temperature: 56.5 °C
2026-06-15 23:04:44,810 [INFO] t:   5 s, Board temperature: 40.6 °C, FPGA temperature: 56.6 °C
2026-06-15 23:04:44,810 [INFO] The Time Tagger is warmed up.
2026-06-15 23:04:44,812 [INFO] Time Tagger initialized.
2026-06-15 23:04:44,813 [INFO] Chunk 1/6 | Elapsed: 10.0 min
2026-06-15 23:04:44,813 [INFO] Initializing experiment on Time Tagger.
2026-06-15 23:04:44,814 [INFO] Deadtime for channel 1: 0 ps
2026-06-15 23:04:44,815 [INFO] Deadtime for channel 2: 0 ps
2026-06-15 23:04:44,816 [INFO] Deadtime for channel 3: 0 ps
2026-06-15 23:04:44,817 [INFO] Deadtime for channel 4: 0 ps
2026-06-15 23:04:44,817 [INFO] Deadtime for channel 5: 0 ps
2026-06-15 23:04:44,818 [INFO] Deadtime for channel 6: 0 ps
2026-06-15 23:04:44,818 [INFO] Delays on channels enabled.
2026-06-15 23:04:44,819 [INFO] Delay for channel 1: requested=0 ps, actual=0 ps
2026-06-15 23:04:44,819 [INFO] Delay for channel 2: requested=-1000 ps, actual=-1000 ps
2026-06-15 23:04:44,820 [INFO] Delay for channel 3: requested=20000 ps, actual=20000 ps
2026-06-15 23:04:44,821 [INFO] Delay for channel 4: requested=16500 ps, actual=16500 ps
2026-06-15 23:04:44,821 [INFO] Delay for channel 5: requested=17800 ps, actual=17800 ps
2026-06-15 23:04:44,822 [INFO] Delay for channel 6: requested=17300 ps, actual=17300 ps
2026-06-15 23:04:44,823 [INFO] Executing synchronized correlation measurement.
2026-06-15 23:04:44,823 [INFO] Delays on channels enabled.
2026-06-15 23:04:44,824 [INFO] Delay for channel 1: requested=0 ps, actual=0 ps.
2026-06-15 23:04:44,825 [INFO] Delay for channel 2: requested=-1000 ps, actual=-1000 ps.
2026-06-15 23:04:44,825 [INFO] Delay for channel 3: requested=20000 ps, actual=20000 ps.
2026-06-15 23:04:44,826 [INFO] Delay for channel 4: requested=16500 ps, actual=16500 ps.
2026-06-15 23:04:44,826 [INFO] Delay for channel 5: requested=17800 ps, actual=17800 ps.
2026-06-15 23:04:44,827 [INFO] Delay for channel 6: requested=17300 ps, actual=17300 ps.
2026-06-15 23:04:44,827 [INFO] Initializing measurement with virtual mode channels for ALL heralding permutations.
2026-06-15 23:04:44,828 [INFO] Automatically generated modes from input: {'H3': [1, 2], 'H4': [3, 4], 'H5': [5, 6]}
2026-06-15 23:04:44,829 [INFO] Setting up virtual channels...
2026-06-15 23:04:44,830 [INFO] Initializing physical channel correlation histograms...
2026-06-15 23:04:44,831 [INFO]   Physical correlation: ch1 <-> ch2
2026-06-15 23:04:44,831 [INFO]   Physical correlation: ch1 <-> ch3
2026-06-15 23:04:44,832 [INFO]   Physical correlation: ch1 <-> ch4
2026-06-15 23:04:44,833 [INFO]   Physical correlation: ch1 <-> ch5
2026-06-15 23:04:44,833 [INFO]   Physical correlation: ch1 <-> ch6
2026-06-15 23:04:44,834 [INFO]   Physical correlation: ch2 <-> ch3
2026-06-15 23:04:44,835 [INFO]   Physical correlation: ch2 <-> ch4
2026-06-15 23:04:44,835 [INFO]   Physical correlation: ch2 <-> ch5
2026-06-15 23:04:44,836 [INFO]   Physical correlation: ch2 <-> ch6
2026-06-15 23:04:44,837 [INFO]   Physical correlation: ch3 <-> ch4
2026-06-15 23:04:44,837 [INFO]   Physical correlation: ch3 <-> ch5
2026-06-15 23:04:44,838 [INFO]   Physical correlation: ch3 <-> ch6
2026-06-15 23:04:44,839 [INFO]   Physical correlation: ch4 <-> ch5
2026-06-15 23:04:44,839 [INFO]   Physical correlation: ch4 <-> ch6
2026-06-15 23:04:44,840 [INFO]   Physical correlation: ch5 <-> ch6
2026-06-15 23:04:44,841 [INFO] Initializing virtual mode correlation histograms...
2026-06-15 23:04:44,842 [INFO]   Within-mode (H3): ch1 <-> ch2
2026-06-15 23:04:44,842 [INFO]   Cross-mode: H3 <-> H4
2026-06-15 23:04:44,843 [INFO]   Cross-mode: H3 <-> H5
2026-06-15 23:04:44,844 [INFO]   Within-mode (H4): ch3 <-> ch4
2026-06-15 23:04:44,844 [INFO]   Cross-mode: H4 <-> H5
2026-06-15 23:04:44,845 [INFO]   Within-mode (H5): ch5 <-> ch6
2026-06-15 23:04:44,847 [INFO] Measurement starting for 10.000min / 0.167h
2026-06-15 23:14:45,098 [INFO] Measurements finished.
2026-06-15 23:14:45,099 [INFO] Collecting measurement data...
2026-06-15 23:14:45,099 [INFO] Collecting physical correlation data for (1,2)
2026-06-15 23:14:45,101 [INFO] Collecting physical correlation data for (1,3)
2026-06-15 23:14:45,103 [INFO] Collecting physical correlation data for (1,4)
2026-06-15 23:14:45,105 [INFO] Collecting physical correlation data for (1,5)
2026-06-15 23:14:45,107 [INFO] Collecting physical correlation data for (1,6)
2026-06-15 23:14:45,109 [INFO] Collecting physical correlation data for (2,3)
2026-06-15 23:14:45,111 [INFO] Collecting physical correlation data for (2,4)
2026-06-15 23:14:45,113 [INFO] Collecting physical correlation data for (2,5)
2026-06-15 23:14:45,115 [INFO] Collecting physical correlation data for (2,6)
2026-06-15 23:14:45,117 [INFO] Collecting physical correlation data for (3,4)
2026-06-15 23:14:45,119 [INFO] Collecting physical correlation data for (3,5)
2026-06-15 23:14:45,121 [INFO] Collecting physical correlation data for (3,6)
2026-06-15 23:14:45,123 [INFO] Collecting physical correlation data for (4,5)
2026-06-15 23:14:45,125 [INFO] Collecting physical correlation data for (4,6)
2026-06-15 23:14:45,127 [INFO] Collecting physical correlation data for (5,6)
2026-06-15 23:14:45,130 [INFO] Collecting virtual correlation data for (H3,H3)
2026-06-15 23:14:45,132 [INFO] Collecting virtual correlation data for (H3,H4)
2026-06-15 23:14:45,134 [INFO] Collecting virtual correlation data for (H3,H5)
2026-06-15 23:14:45,135 [INFO] Collecting virtual correlation data for (H4,H4)
2026-06-15 23:14:45,138 [INFO] Collecting virtual correlation data for (H4,H5)
2026-06-15 23:14:45,140 [INFO] Collecting virtual correlation data for (H5,H5)
2026-06-15 23:14:45,162 [INFO] Starting writing data to file.
2026-06-15 23:14:45,252 [INFO] Saved data.
2026-06-15 23:14:45,370 [INFO] Merging 1 chunks into running total...
2026-06-15 23:14:45,370 [INFO] ============================================================
2026-06-15 23:14:45,371 [INFO] STATUS REPORT | Duration: 10.00 min (0.167 h)
2026-06-15 23:14:45,372 [INFO] ============================================================
2026-06-15 23:14:45,373 [INFO] COUNTRATES (Physical):
2026-06-15 23:14:45,374 [INFO]   Ch 1: 126.4 kHz (total: 75,865,753)
2026-06-15 23:14:45,375 [INFO]   Ch 2: 163.3 kHz (total: 97,976,279)
2026-06-15 23:14:45,375 [INFO]   Ch 3: 82.2 kHz (total: 49,308,378)
2026-06-15 23:14:45,376 [INFO]   Ch 4: 81.8 kHz (total: 49,095,652)
2026-06-15 23:14:45,377 [INFO]   Ch 5: 2.6 kHz (total: 1,554,232)
2026-06-15 23:14:45,377 [INFO]   Ch 6: 2.6 kHz (total: 1,543,836)
2026-06-15 23:14:45,378 [INFO] COUNTRATES (Virtual):
2026-06-15 23:14:45,379 [INFO]   H3: 289.7 kHz (total: 173,842,032)
2026-06-15 23:14:45,380 [INFO]   H4: 164.0 kHz (total: 98,404,030)
2026-06-15 23:14:45,380 [INFO]   H5: 5.2 kHz (total: 3,098,068)
2026-06-15 23:14:45,381 [INFO] ------------------------------------------------------------
2026-06-15 23:14:45,382 [INFO] COINCIDENCES (threshold: 100000)
2026-06-15 23:14:45,382 [INFO] ------------------------------------------------------------
2026-06-15 23:14:45,383 [INFO] Twofold (physical) (Reached Threshold):
2026-06-15 23:14:45,384 [INFO]   (1,2): 728,552 Y
2026-06-15 23:14:45,385 [INFO]   (1,3): 376,683 Y
2026-06-15 23:14:45,385 [INFO]   (1,4): 374,210 Y
2026-06-15 23:14:45,386 [INFO]   (1,5): 12,108 X
2026-06-15 23:14:45,387 [INFO]   (1,6): 11,852 X
2026-06-15 23:14:45,388 [INFO]   (2,3): 479,382 Y
2026-06-15 23:14:45,388 [INFO]   (2,4): 474,863 Y
2026-06-15 23:14:45,389 [INFO]   (2,5): 15,244 X
2026-06-15 23:14:45,390 [INFO]   (2,6): 15,067 X
2026-06-15 23:14:45,390 [INFO]   (3,4): 245,382 Y
2026-06-15 23:14:45,391 [INFO]   (3,5): 8,006 X
2026-06-15 23:14:45,391 [INFO]   (3,6): 7,805 X
2026-06-15 23:14:45,392 [INFO]   (4,5): 7,744 X
2026-06-15 23:14:45,393 [INFO]   (4,6): 7,808 X
2026-06-15 23:14:45,393 [INFO]   (5,6): 232 X
2026-06-15 23:14:45,394 [INFO] ============================================================
2026-06-15 23:14:45,395 [INFO] >>> 9 combination(s) below threshold <<<
2026-06-15 23:14:45,395 [INFO] ============================================================
2026-06-15 23:14:45,474 [INFO] Updated merged data: C:\Users\QUANTUM\OneDrive - ENSTA\!Working files\HBT\HBT Data\Tests_Jun\2026-06-15_20-01-37_g2_heralded_virtual\MERGED\20-01-37_2026-06-15_11.41mW_num0_MERGED.pkl
2026-06-15 23:14:45,512 [INFO] Found 0 connected Time Tagger(s)
2026-06-15 23:14:47,147 [INFO] t:   1 s, Board temperature: 41.1 °C, FPGA temperature: 56.9 °C
2026-06-15 23:14:48,696 [INFO] t:   2 s, Board temperature: 41.1 °C, FPGA temperature: 57.0 °C
2026-06-15 23:14:50,259 [INFO] t:   3 s, Board temperature: 41.1 °C, FPGA temperature: 56.9 °C
2026-06-15 23:14:51,826 [INFO] t:   4 s, Board temperature: 41.1 °C, FPGA temperature: 56.9 °C
2026-06-15 23:14:53,385 [INFO] t:   5 s, Board temperature: 41.0 °C, FPGA temperature: 57.0 °C
2026-06-15 23:14:53,385 [INFO] The Time Tagger is warmed up.
2026-06-15 23:14:53,387 [INFO] Time Tagger initialized.
2026-06-15 23:14:53,388 [INFO] Chunk 2/6 | Elapsed: 20.0 min
2026-06-15 23:14:53,389 [INFO] Initializing experiment on Time Tagger.
2026-06-15 23:14:53,389 [INFO] Deadtime for channel 1: 0 ps
2026-06-15 23:14:53,390 [INFO] Deadtime for channel 2: 0 ps
2026-06-15 23:14:53,391 [INFO] Deadtime for channel 3: 0 ps
2026-06-15 23:14:53,391 [INFO] Deadtime for channel 4: 0 ps
2026-06-15 23:14:53,392 [INFO] Deadtime for channel 5: 0 ps
2026-06-15 23:14:53,393 [INFO] Deadtime for channel 6: 0 ps
2026-06-15 23:14:53,393 [INFO] Delays on channels enabled.
2026-06-15 23:14:53,394 [INFO] Delay for channel 1: requested=0 ps, actual=0 ps
2026-06-15 23:14:53,395 [INFO] Delay for channel 2: requested=-1000 ps, actual=-1000 ps
2026-06-15 23:14:53,395 [INFO] Delay for channel 3: requested=20000 ps, actual=20000 ps
2026-06-15 23:14:53,396 [INFO] Delay for channel 4: requested=16500 ps, actual=16500 ps
2026-06-15 23:14:53,396 [INFO] Delay for channel 5: requested=17800 ps, actual=17800 ps
2026-06-15 23:14:53,397 [INFO] Delay for channel 6: requested=17300 ps, actual=17300 ps
2026-06-15 23:14:53,397 [INFO] Executing synchronized correlation measurement.
2026-06-15 23:14:53,398 [INFO] Delays on channels enabled.
2026-06-15 23:14:53,399 [INFO] Delay for channel 1: requested=0 ps, actual=0 ps.
2026-06-15 23:14:53,399 [INFO] Delay for channel 2: requested=-1000 ps, actual=-1000 ps.
2026-06-15 23:14:53,400 [INFO] Delay for channel 3: requested=20000 ps, actual=20000 ps.
2026-06-15 23:14:53,401 [INFO] Delay for channel 4: requested=16500 ps, actual=16500 ps.
2026-06-15 23:14:53,402 [INFO] Delay for channel 5: requested=17800 ps, actual=17800 ps.
2026-06-15 23:14:53,402 [INFO] Delay for channel 6: requested=17300 ps, actual=17300 ps.
2026-06-15 23:14:53,403 [INFO] Initializing measurement with virtual mode channels for ALL heralding permutations.
2026-06-15 23:14:53,403 [INFO] Automatically generated modes from input: {'H3': [1, 2], 'H4': [3, 4], 'H5': [5, 6]}
2026-06-15 23:14:53,404 [INFO] Setting up virtual channels...
2026-06-15 23:14:53,405 [INFO] Initializing physical channel correlation histograms...
2026-06-15 23:14:53,406 [INFO]   Physical correlation: ch1 <-> ch2
2026-06-15 23:14:53,406 [INFO]   Physical correlation: ch1 <-> ch3
2026-06-15 23:14:53,407 [INFO]   Physical correlation: ch1 <-> ch4
2026-06-15 23:14:53,408 [INFO]   Physical correlation: ch1 <-> ch5
2026-06-15 23:14:53,408 [INFO]   Physical correlation: ch1 <-> ch6
2026-06-15 23:14:53,409 [INFO]   Physical correlation: ch2 <-> ch3
2026-06-15 23:14:53,410 [INFO]   Physical correlation: ch2 <-> ch4
2026-06-15 23:14:53,410 [INFO]   Physical correlation: ch2 <-> ch5
2026-06-15 23:14:53,411 [INFO]   Physical correlation: ch2 <-> ch6
2026-06-15 23:14:53,412 [INFO]   Physical correlation: ch3 <-> ch4
2026-06-15 23:14:53,412 [INFO]   Physical correlation: ch3 <-> ch5
2026-06-15 23:14:53,413 [INFO]   Physical correlation: ch3 <-> ch6
2026-06-15 23:14:53,414 [INFO]   Physical correlation: ch4 <-> ch5
2026-06-15 23:14:53,414 [INFO]   Physical correlation: ch4 <-> ch6
2026-06-15 23:14:53,415 [INFO]   Physical correlation: ch5 <-> ch6
2026-06-15 23:14:53,416 [INFO] Initializing virtual mode correlation histograms...
2026-06-15 23:14:53,417 [INFO]   Within-mode (H3): ch1 <-> ch2
2026-06-15 23:14:53,417 [INFO]   Cross-mode: H3 <-> H4
2026-06-15 23:14:53,418 [INFO]   Cross-mode: H3 <-> H5
2026-06-15 23:14:53,419 [INFO]   Within-mode (H4): ch3 <-> ch4
2026-06-15 23:14:53,419 [INFO]   Cross-mode: H4 <-> H5
2026-06-15 23:14:53,420 [INFO]   Within-mode (H5): ch5 <-> ch6
2026-06-15 23:14:53,422 [INFO] Measurement starting for 10.000min / 0.167h
2026-06-15 23:24:53,679 [INFO] Measurements finished.
2026-06-15 23:24:53,679 [INFO] Collecting measurement data...
2026-06-15 23:24:53,680 [INFO] Collecting physical correlation data for (1,2)
2026-06-15 23:24:53,682 [INFO] Collecting physical correlation data for (1,3)
2026-06-15 23:24:53,684 [INFO] Collecting physical correlation data for (1,4)
2026-06-15 23:24:53,686 [INFO] Collecting physical correlation data for (1,5)
2026-06-15 23:24:53,688 [INFO] Collecting physical correlation data for (1,6)
2026-06-15 23:24:53,690 [INFO] Collecting physical correlation data for (2,3)
2026-06-15 23:24:53,692 [INFO] Collecting physical correlation data for (2,4)
2026-06-15 23:24:53,694 [INFO] Collecting physical correlation data for (2,5)
2026-06-15 23:24:53,696 [INFO] Collecting physical correlation data for (2,6)
2026-06-15 23:24:53,698 [INFO] Collecting physical correlation data for (3,4)
2026-06-15 23:24:53,700 [INFO] Collecting physical correlation data for (3,5)
2026-06-15 23:24:53,703 [INFO] Collecting physical correlation data for (3,6)
2026-06-15 23:24:53,705 [INFO] Collecting physical correlation data for (4,5)
2026-06-15 23:24:53,707 [INFO] Collecting physical correlation data for (4,6)
2026-06-15 23:24:53,709 [INFO] Collecting physical correlation data for (5,6)
2026-06-15 23:24:53,711 [INFO] Collecting virtual correlation data for (H3,H3)
2026-06-15 23:24:53,713 [INFO] Collecting virtual correlation data for (H3,H4)
2026-06-15 23:24:53,715 [INFO] Collecting virtual correlation data for (H3,H5)
2026-06-15 23:24:53,718 [INFO] Collecting virtual correlation data for (H4,H4)
2026-06-15 23:24:53,720 [INFO] Collecting virtual correlation data for (H4,H5)
2026-06-15 23:24:53,722 [INFO] Collecting virtual correlation data for (H5,H5)
2026-06-15 23:24:53,743 [INFO] Starting writing data to file.
2026-06-15 23:24:53,823 [INFO] Saved data.
2026-06-15 23:24:53,927 [INFO] Merging 1 chunks into running total...
2026-06-15 23:24:54,093 [INFO] ============================================================
2026-06-15 23:24:54,094 [INFO] STATUS REPORT | Duration: 20.00 min (0.333 h)
2026-06-15 23:24:54,095 [INFO] ============================================================
2026-06-15 23:24:54,096 [INFO] COUNTRATES (Physical):
2026-06-15 23:24:54,096 [INFO]   Ch 1: 126.4 kHz (total: 151,665,735)
2026-06-15 23:24:54,097 [INFO]   Ch 2: 163.3 kHz (total: 195,974,811)
2026-06-15 23:24:54,097 [INFO]   Ch 3: 82.2 kHz (total: 98,661,126)
2026-06-15 23:24:54,098 [INFO]   Ch 4: 81.9 kHz (total: 98,248,605)
2026-06-15 23:24:54,099 [INFO]   Ch 5: 2.6 kHz (total: 3,111,250)
2026-06-15 23:24:54,099 [INFO]   Ch 6: 2.6 kHz (total: 3,089,479)
2026-06-15 23:24:54,100 [INFO] COUNTRATES (Virtual):
2026-06-15 23:24:54,101 [INFO]   H3: 289.7 kHz (total: 347,640,546)
2026-06-15 23:24:54,101 [INFO]   H4: 164.1 kHz (total: 196,909,731)
2026-06-15 23:24:54,102 [INFO]   H5: 5.2 kHz (total: 6,200,729)
2026-06-15 23:24:54,102 [INFO] ------------------------------------------------------------
2026-06-15 23:24:54,103 [INFO] COINCIDENCES (threshold: 100000)
2026-06-15 23:24:54,103 [INFO] ------------------------------------------------------------
2026-06-15 23:24:54,104 [INFO] Twofold (physical) (Reached Threshold):
2026-06-15 23:24:54,105 [INFO]   (1,2): 1,458,251 Y
2026-06-15 23:24:54,105 [INFO]   (1,3): 753,725 Y
2026-06-15 23:24:54,106 [INFO]   (1,4): 748,843 Y
2026-06-15 23:24:54,106 [INFO]   (1,5): 24,143 X
2026-06-15 23:24:54,107 [INFO]   (1,6): 23,764 X
2026-06-15 23:24:54,108 [INFO]   (2,3): 958,824 Y
2026-06-15 23:24:54,109 [INFO]   (2,4): 950,682 Y
2026-06-15 23:24:54,109 [INFO]   (2,5): 30,476 X
2026-06-15 23:24:54,110 [INFO]   (2,6): 30,358 X
2026-06-15 23:24:54,110 [INFO]   (3,4): 491,835 Y
2026-06-15 23:24:54,111 [INFO]   (3,5): 16,223 X
2026-06-15 23:24:54,111 [INFO]   (3,6): 15,882 X
2026-06-15 23:24:54,112 [INFO]   (4,5): 15,455 X
2026-06-15 23:24:54,113 [INFO]   (4,6): 15,697 X
2026-06-15 23:24:54,113 [INFO]   (5,6): 489 X
2026-06-15 23:24:54,114 [INFO] ============================================================
2026-06-15 23:24:54,114 [INFO] >>> 9 combination(s) below threshold <<<
2026-06-15 23:24:54,115 [INFO] ============================================================
2026-06-15 23:24:54,196 [INFO] Updated merged data: C:\Users\QUANTUM\OneDrive - ENSTA\!Working files\HBT\HBT Data\Tests_Jun\2026-06-15_20-01-37_g2_heralded_virtual\MERGED\20-01-37_2026-06-15_11.41mW_num0_MERGED.pkl
2026-06-15 23:24:54,235 [INFO] Found 0 connected Time Tagger(s)
2026-06-15 23:24:55,859 [INFO] t:   1 s, Board temperature: 40.9 °C, FPGA temperature: 56.9 °C
2026-06-15 23:24:57,421 [INFO] t:   2 s, Board temperature: 40.9 °C, FPGA temperature: 56.9 °C
2026-06-15 23:24:58,991 [INFO] t:   3 s, Board temperature: 40.8 °C, FPGA temperature: 56.8 °C
2026-06-15 23:25:00,550 [INFO] t:   4 s, Board temperature: 40.9 °C, FPGA temperature: 56.8 °C
2026-06-15 23:25:02,099 [INFO] t:   5 s, Board temperature: 40.8 °C, FPGA temperature: 56.8 °C
2026-06-15 23:25:02,100 [INFO] The Time Tagger is warmed up.
2026-06-15 23:25:02,100 [INFO] Time Tagger initialized.
2026-06-15 23:25:02,102 [INFO] Chunk 3/6 | Elapsed: 30.0 min
2026-06-15 23:25:02,102 [INFO] Initializing experiment on Time Tagger.
2026-06-15 23:25:02,103 [INFO] Deadtime for channel 1: 0 ps
2026-06-15 23:25:02,104 [INFO] Deadtime for channel 2: 0 ps
2026-06-15 23:25:02,104 [INFO] Deadtime for channel 3: 0 ps
2026-06-15 23:25:02,105 [INFO] Deadtime for channel 4: 0 ps
2026-06-15 23:25:02,105 [INFO] Deadtime for channel 5: 0 ps
2026-06-15 23:25:02,106 [INFO] Deadtime for channel 6: 0 ps
2026-06-15 23:25:02,107 [INFO] Delays on channels enabled.
2026-06-15 23:25:02,107 [INFO] Delay for channel 1: requested=0 ps, actual=0 ps
2026-06-15 23:25:02,108 [INFO] Delay for channel 2: requested=-1000 ps, actual=-1000 ps
2026-06-15 23:25:02,108 [INFO] Delay for channel 3: requested=20000 ps, actual=20000 ps
2026-06-15 23:25:02,109 [INFO] Delay for channel 4: requested=16500 ps, actual=16500 ps
2026-06-15 23:25:02,110 [INFO] Delay for channel 5: requested=17800 ps, actual=17800 ps
2026-06-15 23:25:02,110 [INFO] Delay for channel 6: requested=17300 ps, actual=17300 ps
2026-06-15 23:25:02,111 [INFO] Executing synchronized correlation measurement.
2026-06-15 23:25:02,111 [INFO] Delays on channels enabled.
2026-06-15 23:25:02,112 [INFO] Delay for channel 1: requested=0 ps, actual=0 ps.
2026-06-15 23:25:02,113 [INFO] Delay for channel 2: requested=-1000 ps, actual=-1000 ps.
2026-06-15 23:25:02,113 [INFO] Delay for channel 3: requested=20000 ps, actual=20000 ps.
2026-06-15 23:25:02,114 [INFO] Delay for channel 4: requested=16500 ps, actual=16500 ps.
2026-06-15 23:25:02,115 [INFO] Delay for channel 5: requested=17800 ps, actual=17800 ps.
2026-06-15 23:25:02,115 [INFO] Delay for channel 6: requested=17300 ps, actual=17300 ps.
2026-06-15 23:25:02,115 [INFO] Initializing measurement with virtual mode channels for ALL heralding permutations.
2026-06-15 23:25:02,116 [INFO] Automatically generated modes from input: {'H3': [1, 2], 'H4': [3, 4], 'H5': [5, 6]}
2026-06-15 23:25:02,117 [INFO] Setting up virtual channels...
2026-06-15 23:25:02,118 [INFO] Initializing physical channel correlation histograms...
2026-06-15 23:25:02,119 [INFO]   Physical correlation: ch1 <-> ch2
2026-06-15 23:25:02,119 [INFO]   Physical correlation: ch1 <-> ch3
2026-06-15 23:25:02,120 [INFO]   Physical correlation: ch1 <-> ch4
2026-06-15 23:25:02,121 [INFO]   Physical correlation: ch1 <-> ch5
2026-06-15 23:25:02,121 [INFO]   Physical correlation: ch1 <-> ch6
2026-06-15 23:25:02,122 [INFO]   Physical correlation: ch2 <-> ch3
2026-06-15 23:25:02,123 [INFO]   Physical correlation: ch2 <-> ch4
2026-06-15 23:25:02,124 [INFO]   Physical correlation: ch2 <-> ch5
2026-06-15 23:25:02,124 [INFO]   Physical correlation: ch2 <-> ch6
2026-06-15 23:25:02,125 [INFO]   Physical correlation: ch3 <-> ch4
2026-06-15 23:25:02,126 [INFO]   Physical correlation: ch3 <-> ch5
2026-06-15 23:25:02,126 [INFO]   Physical correlation: ch3 <-> ch6
2026-06-15 23:25:02,127 [INFO]   Physical correlation: ch4 <-> ch5
2026-06-15 23:25:02,128 [INFO]   Physical correlation: ch4 <-> ch6
2026-06-15 23:25:02,129 [INFO]   Physical correlation: ch5 <-> ch6
2026-06-15 23:25:02,129 [INFO] Initializing virtual mode correlation histograms...
2026-06-15 23:25:02,130 [INFO]   Within-mode (H3): ch1 <-> ch2
2026-06-15 23:25:02,131 [INFO]   Cross-mode: H3 <-> H4
2026-06-15 23:25:02,131 [INFO]   Cross-mode: H3 <-> H5
2026-06-15 23:25:02,132 [INFO]   Within-mode (H4): ch3 <-> ch4
2026-06-15 23:25:02,133 [INFO]   Cross-mode: H4 <-> H5
2026-06-15 23:25:02,133 [INFO]   Within-mode (H5): ch5 <-> ch6
2026-06-15 23:25:02,135 [INFO] Measurement starting for 10.000min / 0.167h
2026-06-15 23:35:02,389 [INFO] Measurements finished.
2026-06-15 23:35:02,389 [INFO] Collecting measurement data...
2026-06-15 23:35:02,390 [INFO] Collecting physical correlation data for (1,2)
2026-06-15 23:35:02,392 [INFO] Collecting physical correlation data for (1,3)
2026-06-15 23:35:02,393 [INFO] Collecting physical correlation data for (1,4)
2026-06-15 23:35:02,395 [INFO] Collecting physical correlation data for (1,5)
2026-06-15 23:35:02,397 [INFO] Collecting physical correlation data for (1,6)
2026-06-15 23:35:02,399 [INFO] Collecting physical correlation data for (2,3)
2026-06-15 23:35:02,401 [INFO] Collecting physical correlation data for (2,4)
2026-06-15 23:35:02,403 [INFO] Collecting physical correlation data for (2,5)
2026-06-15 23:35:02,406 [INFO] Collecting physical correlation data for (2,6)
2026-06-15 23:35:02,408 [INFO] Collecting physical correlation data for (3,4)
2026-06-15 23:35:02,410 [INFO] Collecting physical correlation data for (3,5)
2026-06-15 23:35:02,412 [INFO] Collecting physical correlation data for (3,6)
2026-06-15 23:35:02,414 [INFO] Collecting physical correlation data for (4,5)
2026-06-15 23:35:02,416 [INFO] Collecting physical correlation data for (4,6)
2026-06-15 23:35:02,418 [INFO] Collecting physical correlation data for (5,6)
2026-06-15 23:35:02,420 [INFO] Collecting virtual correlation data for (H3,H3)
2026-06-15 23:35:02,422 [INFO] Collecting virtual correlation data for (H3,H4)
2026-06-15 23:35:02,425 [INFO] Collecting virtual correlation data for (H3,H5)
2026-06-15 23:35:02,427 [INFO] Collecting virtual correlation data for (H4,H4)
2026-06-15 23:35:02,429 [INFO] Collecting virtual correlation data for (H4,H5)
2026-06-15 23:35:02,431 [INFO] Collecting virtual correlation data for (H5,H5)
2026-06-15 23:35:02,451 [INFO] Starting writing data to file.
2026-06-15 23:35:02,539 [INFO] Saved data.
2026-06-15 23:35:02,667 [INFO] Merging 1 chunks into running total...
2026-06-15 23:35:02,832 [INFO] ============================================================
2026-06-15 23:35:02,833 [INFO] STATUS REPORT | Duration: 30.00 min (0.500 h)
2026-06-15 23:35:02,833 [INFO] ============================================================
2026-06-15 23:35:02,834 [INFO] COUNTRATES (Physical):
2026-06-15 23:35:02,835 [INFO]   Ch 1: 126.3 kHz (total: 227,297,316)
2026-06-15 23:35:02,835 [INFO]   Ch 2: 163.3 kHz (total: 293,942,439)
2026-06-15 23:35:02,836 [INFO]   Ch 3: 82.2 kHz (total: 148,006,188)
2026-06-15 23:35:02,837 [INFO]   Ch 4: 81.9 kHz (total: 147,414,030)
2026-06-15 23:35:02,838 [INFO]   Ch 5: 2.6 kHz (total: 4,667,844)
2026-06-15 23:35:02,839 [INFO]   Ch 6: 2.6 kHz (total: 4,632,687)
2026-06-15 23:35:02,839 [INFO] COUNTRATES (Virtual):
2026-06-15 23:35:02,840 [INFO]   H3: 289.6 kHz (total: 521,239,755)
2026-06-15 23:35:02,840 [INFO]   H4: 164.1 kHz (total: 295,420,218)
2026-06-15 23:35:02,841 [INFO]   H5: 5.2 kHz (total: 9,300,531)
2026-06-15 23:35:02,842 [INFO] ------------------------------------------------------------
2026-06-15 23:35:02,842 [INFO] COINCIDENCES (threshold: 100000)
2026-06-15 23:35:02,843 [INFO] ------------------------------------------------------------
2026-06-15 23:35:02,844 [INFO] Twofold (physical) (Reached Threshold):
2026-06-15 23:35:02,844 [INFO]   (1,2): 2,185,101 Y
2026-06-15 23:35:02,845 [INFO]   (1,3): 1,128,860 Y
2026-06-15 23:35:02,846 [INFO]   (1,4): 1,122,087 Y
2026-06-15 23:35:02,847 [INFO]   (1,5): 36,229 X
2026-06-15 23:35:02,847 [INFO]   (1,6): 35,662 X
2026-06-15 23:35:02,848 [INFO]   (2,3): 1,439,376 Y
2026-06-15 23:35:02,848 [INFO]   (2,4): 1,427,181 Y
2026-06-15 23:35:02,849 [INFO]   (2,5): 45,876 X
2026-06-15 23:35:02,849 [INFO]   (2,6): 45,491 X
2026-06-15 23:35:02,850 [INFO]   (3,4): 738,184 Y
2026-06-15 23:35:02,850 [INFO]   (3,5): 24,164 X
2026-06-15 23:35:02,851 [INFO]   (3,6): 23,746 X
2026-06-15 23:35:02,852 [INFO]   (4,5): 23,380 X
2026-06-15 23:35:02,852 [INFO]   (4,6): 23,520 X
2026-06-15 23:35:02,852 [INFO]   (5,6): 761 X
2026-06-15 23:35:02,853 [INFO] ============================================================
2026-06-15 23:35:02,854 [INFO] >>> 9 combination(s) below threshold <<<
2026-06-15 23:35:02,855 [INFO] ============================================================
2026-06-15 23:35:02,935 [INFO] Updated merged data: C:\Users\QUANTUM\OneDrive - ENSTA\!Working files\HBT\HBT Data\Tests_Jun\2026-06-15_20-01-37_g2_heralded_virtual\MERGED\20-01-37_2026-06-15_11.41mW_num0_MERGED.pkl
2026-06-15 23:35:02,975 [INFO] Found 0 connected Time Tagger(s)
2026-06-15 23:35:04,585 [INFO] t:   1 s, Board temperature: 41.0 °C, FPGA temperature: 56.9 °C
2026-06-15 23:35:06,155 [INFO] t:   2 s, Board temperature: 41.1 °C, FPGA temperature: 56.9 °C
2026-06-15 23:35:07,722 [INFO] t:   3 s, Board temperature: 41.1 °C, FPGA temperature: 56.9 °C
2026-06-15 23:35:09,281 [INFO] t:   4 s, Board temperature: 41.0 °C, FPGA temperature: 56.9 °C
2026-06-15 23:35:10,837 [INFO] t:   5 s, Board temperature: 40.9 °C, FPGA temperature: 56.9 °C
2026-06-15 23:35:10,838 [INFO] The Time Tagger is warmed up.
2026-06-15 23:35:10,839 [INFO] Time Tagger initialized.
2026-06-15 23:35:10,840 [INFO] Chunk 4/6 | Elapsed: 40.0 min
2026-06-15 23:35:10,841 [INFO] Initializing experiment on Time Tagger.
2026-06-15 23:35:10,842 [INFO] Deadtime for channel 1: 0 ps
2026-06-15 23:35:10,842 [INFO] Deadtime for channel 2: 0 ps
2026-06-15 23:35:10,844 [INFO] Deadtime for channel 3: 0 ps
2026-06-15 23:35:10,845 [INFO] Deadtime for channel 4: 0 ps
2026-06-15 23:35:10,845 [INFO] Deadtime for channel 5: 0 ps
2026-06-15 23:35:10,846 [INFO] Deadtime for channel 6: 0 ps
2026-06-15 23:35:10,847 [INFO] Delays on channels enabled.
2026-06-15 23:35:10,848 [INFO] Delay for channel 1: requested=0 ps, actual=0 ps
2026-06-15 23:35:10,848 [INFO] Delay for channel 2: requested=-1000 ps, actual=-1000 ps
2026-06-15 23:35:10,849 [INFO] Delay for channel 3: requested=20000 ps, actual=20000 ps
2026-06-15 23:35:10,849 [INFO] Delay for channel 4: requested=16500 ps, actual=16500 ps
2026-06-15 23:35:10,850 [INFO] Delay for channel 5: requested=17800 ps, actual=17800 ps
2026-06-15 23:35:10,851 [INFO] Delay for channel 6: requested=17300 ps, actual=17300 ps
2026-06-15 23:35:10,851 [INFO] Executing synchronized correlation measurement.
2026-06-15 23:35:10,852 [INFO] Delays on channels enabled.
2026-06-15 23:35:10,853 [INFO] Delay for channel 1: requested=0 ps, actual=0 ps.
2026-06-15 23:35:10,854 [INFO] Delay for channel 2: requested=-1000 ps, actual=-1000 ps.
2026-06-15 23:35:10,854 [INFO] Delay for channel 3: requested=20000 ps, actual=20000 ps.
2026-06-15 23:35:10,855 [INFO] Delay for channel 4: requested=16500 ps, actual=16500 ps.
2026-06-15 23:35:10,855 [INFO] Delay for channel 5: requested=17800 ps, actual=17800 ps.
2026-06-15 23:35:10,856 [INFO] Delay for channel 6: requested=17300 ps, actual=17300 ps.
2026-06-15 23:35:10,857 [INFO] Initializing measurement with virtual mode channels for ALL heralding permutations.
2026-06-15 23:35:10,857 [INFO] Automatically generated modes from input: {'H3': [1, 2], 'H4': [3, 4], 'H5': [5, 6]}
2026-06-15 23:35:10,858 [INFO] Setting up virtual channels...
2026-06-15 23:35:10,859 [INFO] Initializing physical channel correlation histograms...
2026-06-15 23:35:10,860 [INFO]   Physical correlation: ch1 <-> ch2
2026-06-15 23:35:10,860 [INFO]   Physical correlation: ch1 <-> ch3
2026-06-15 23:35:10,861 [INFO]   Physical correlation: ch1 <-> ch4
2026-06-15 23:35:10,862 [INFO]   Physical correlation: ch1 <-> ch5
2026-06-15 23:35:10,863 [INFO]   Physical correlation: ch1 <-> ch6
2026-06-15 23:35:10,864 [INFO]   Physical correlation: ch2 <-> ch3
2026-06-15 23:35:10,864 [INFO]   Physical correlation: ch2 <-> ch4
2026-06-15 23:35:10,866 [INFO]   Physical correlation: ch2 <-> ch5
2026-06-15 23:35:10,866 [INFO]   Physical correlation: ch2 <-> ch6
2026-06-15 23:35:10,867 [INFO]   Physical correlation: ch3 <-> ch4
2026-06-15 23:35:10,868 [INFO]   Physical correlation: ch3 <-> ch5
2026-06-15 23:35:10,868 [INFO]   Physical correlation: ch3 <-> ch6
2026-06-15 23:35:10,869 [INFO]   Physical correlation: ch4 <-> ch5
2026-06-15 23:35:10,870 [INFO]   Physical correlation: ch4 <-> ch6
2026-06-15 23:35:10,871 [INFO]   Physical correlation: ch5 <-> ch6
2026-06-15 23:35:10,871 [INFO] Initializing virtual mode correlation histograms...
2026-06-15 23:35:10,872 [INFO]   Within-mode (H3): ch1 <-> ch2
2026-06-15 23:35:10,873 [INFO]   Cross-mode: H3 <-> H4
2026-06-15 23:35:10,874 [INFO]   Cross-mode: H3 <-> H5
2026-06-15 23:35:10,874 [INFO]   Within-mode (H4): ch3 <-> ch4
2026-06-15 23:35:10,875 [INFO]   Cross-mode: H4 <-> H5
2026-06-15 23:35:10,876 [INFO]   Within-mode (H5): ch5 <-> ch6
2026-06-15 23:35:10,878 [INFO] Measurement starting for 10.000min / 0.167h
2026-06-15 23:45:11,115 [INFO] Measurements finished.
2026-06-15 23:45:11,116 [INFO] Collecting measurement data...
2026-06-15 23:45:11,117 [INFO] Collecting physical correlation data for (1,2)
2026-06-15 23:45:11,120 [INFO] Collecting physical correlation data for (1,3)
2026-06-15 23:45:11,122 [INFO] Collecting physical correlation data for (1,4)
2026-06-15 23:45:11,125 [INFO] Collecting physical correlation data for (1,5)
2026-06-15 23:45:11,126 [INFO] Collecting physical correlation data for (1,6)
2026-06-15 23:45:11,129 [INFO] Collecting physical correlation data for (2,3)
2026-06-15 23:45:11,131 [INFO] Collecting physical correlation data for (2,4)
2026-06-15 23:45:11,134 [INFO] Collecting physical correlation data for (2,5)
2026-06-15 23:45:11,137 [INFO] Collecting physical correlation data for (2,6)
2026-06-15 23:45:11,139 [INFO] Collecting physical correlation data for (3,4)
2026-06-15 23:45:11,142 [INFO] Collecting physical correlation data for (3,5)
2026-06-15 23:45:11,144 [INFO] Collecting physical correlation data for (3,6)
2026-06-15 23:45:11,147 [INFO] Collecting physical correlation data for (4,5)
2026-06-15 23:45:11,149 [INFO] Collecting physical correlation data for (4,6)
2026-06-15 23:45:11,151 [INFO] Collecting physical correlation data for (5,6)
2026-06-15 23:45:11,154 [INFO] Collecting virtual correlation data for (H3,H3)
2026-06-15 23:45:11,157 [INFO] Collecting virtual correlation data for (H3,H4)
2026-06-15 23:45:11,159 [INFO] Collecting virtual correlation data for (H3,H5)
2026-06-15 23:45:11,161 [INFO] Collecting virtual correlation data for (H4,H4)
2026-06-15 23:45:11,164 [INFO] Collecting virtual correlation data for (H4,H5)
2026-06-15 23:45:11,166 [INFO] Collecting virtual correlation data for (H5,H5)
2026-06-15 23:45:11,192 [INFO] Starting writing data to file.
2026-06-15 23:45:11,300 [INFO] Saved data.
2026-06-15 23:45:11,440 [INFO] Merging 1 chunks into running total...
2026-06-15 23:45:11,603 [INFO] ============================================================
2026-06-15 23:45:11,605 [INFO] STATUS REPORT | Duration: 40.00 min (0.667 h)
2026-06-15 23:45:11,606 [INFO] ============================================================
2026-06-15 23:45:11,606 [INFO] COUNTRATES (Physical):
2026-06-15 23:45:11,607 [INFO]   Ch 1: 126.3 kHz (total: 303,074,241)
2026-06-15 23:45:11,609 [INFO]   Ch 2: 163.4 kHz (total: 392,116,787)
2026-06-15 23:45:11,609 [INFO]   Ch 3: 82.3 kHz (total: 197,524,702)
2026-06-15 23:45:11,610 [INFO]   Ch 4: 82.0 kHz (total: 196,754,109)
2026-06-15 23:45:11,611 [INFO]   Ch 5: 2.6 kHz (total: 6,230,770)
2026-06-15 23:45:11,612 [INFO]   Ch 6: 2.6 kHz (total: 6,182,200)
2026-06-15 23:45:11,612 [INFO] COUNTRATES (Virtual):
2026-06-15 23:45:11,613 [INFO]   H3: 289.7 kHz (total: 695,191,028)
2026-06-15 23:45:11,613 [INFO]   H4: 164.3 kHz (total: 394,278,811)
2026-06-15 23:45:11,614 [INFO]   H5: 5.2 kHz (total: 12,412,970)
2026-06-15 23:45:11,614 [INFO] ------------------------------------------------------------
2026-06-15 23:45:11,615 [INFO] COINCIDENCES (threshold: 100000)
2026-06-15 23:45:11,616 [INFO] ------------------------------------------------------------
2026-06-15 23:45:11,616 [INFO] Twofold (physical) (Reached Threshold):
2026-06-15 23:45:11,617 [INFO]   (1,2): 2,915,038 Y
2026-06-15 23:45:11,618 [INFO]   (1,3): 1,508,231 Y
2026-06-15 23:45:11,618 [INFO]   (1,4): 1,497,881 Y
2026-06-15 23:45:11,619 [INFO]   (1,5): 48,363 X
2026-06-15 23:45:11,620 [INFO]   (1,6): 47,519 X
2026-06-15 23:45:11,621 [INFO]   (2,3): 1,921,610 Y
2026-06-15 23:45:11,621 [INFO]   (2,4): 1,906,839 Y
2026-06-15 23:45:11,622 [INFO]   (2,5): 61,236 X
2026-06-15 23:45:11,623 [INFO]   (2,6): 60,880 X
2026-06-15 23:45:11,623 [INFO]   (3,4): 986,509 Y
2026-06-15 23:45:11,624 [INFO]   (3,5): 32,197 X
2026-06-15 23:45:11,624 [INFO]   (3,6): 31,558 X
2026-06-15 23:45:11,625 [INFO]   (4,5): 31,278 X
2026-06-15 23:45:11,625 [INFO]   (4,6): 31,358 X
2026-06-15 23:45:11,625 [INFO]   (5,6): 1,019 X
2026-06-15 23:45:11,625 [INFO] ============================================================
2026-06-15 23:45:11,626 [INFO] >>> 9 combination(s) below threshold <<<
2026-06-15 23:45:11,627 [INFO] ============================================================
2026-06-15 23:45:11,708 [INFO] Updated merged data: C:\Users\QUANTUM\OneDrive - ENSTA\!Working files\HBT\HBT Data\Tests_Jun\2026-06-15_20-01-37_g2_heralded_virtual\MERGED\20-01-37_2026-06-15_11.41mW_num0_MERGED.pkl
2026-06-15 23:45:11,748 [INFO] Found 0 connected Time Tagger(s)
2026-06-15 23:45:13,389 [INFO] t:   1 s, Board temperature: 41.1 °C, FPGA temperature: 57.0 °C
2026-06-15 23:45:14,943 [INFO] t:   2 s, Board temperature: 41.1 °C, FPGA temperature: 57.1 °C
2026-06-15 23:45:16,506 [INFO] t:   3 s, Board temperature: 41.0 °C, FPGA temperature: 56.9 °C
2026-06-15 23:45:18,061 [INFO] t:   4 s, Board temperature: 41.0 °C, FPGA temperature: 56.9 °C
2026-06-15 23:45:19,609 [INFO] t:   5 s, Board temperature: 41.1 °C, FPGA temperature: 56.8 °C
2026-06-15 23:45:19,609 [INFO] The Time Tagger is warmed up.
2026-06-15 23:45:19,610 [INFO] Time Tagger initialized.
2026-06-15 23:45:19,612 [INFO] Chunk 5/6 | Elapsed: 50.0 min
2026-06-15 23:45:19,613 [INFO] Initializing experiment on Time Tagger.
2026-06-15 23:45:19,614 [INFO] Deadtime for channel 1: 0 ps
2026-06-15 23:45:19,614 [INFO] Deadtime for channel 2: 0 ps
2026-06-15 23:45:19,615 [INFO] Deadtime for channel 3: 0 ps
2026-06-15 23:45:19,616 [INFO] Deadtime for channel 4: 0 ps
2026-06-15 23:45:19,616 [INFO] Deadtime for channel 5: 0 ps
2026-06-15 23:45:19,618 [INFO] Deadtime for channel 6: 0 ps
2026-06-15 23:45:19,618 [INFO] Delays on channels enabled.
2026-06-15 23:45:19,619 [INFO] Delay for channel 1: requested=0 ps, actual=0 ps
2026-06-15 23:45:19,620 [INFO] Delay for channel 2: requested=-1000 ps, actual=-1000 ps
2026-06-15 23:45:19,620 [INFO] Delay for channel 3: requested=20000 ps, actual=20000 ps
2026-06-15 23:45:19,621 [INFO] Delay for channel 4: requested=16500 ps, actual=16500 ps
2026-06-15 23:45:19,622 [INFO] Delay for channel 5: requested=17800 ps, actual=17800 ps
2026-06-15 23:45:19,623 [INFO] Delay for channel 6: requested=17300 ps, actual=17300 ps
2026-06-15 23:45:19,624 [INFO] Executing synchronized correlation measurement.
2026-06-15 23:45:19,624 [INFO] Delays on channels enabled.
2026-06-15 23:45:19,625 [INFO] Delay for channel 1: requested=0 ps, actual=0 ps.
2026-06-15 23:45:19,626 [INFO] Delay for channel 2: requested=-1000 ps, actual=-1000 ps.
2026-06-15 23:45:19,626 [INFO] Delay for channel 3: requested=20000 ps, actual=20000 ps.
2026-06-15 23:45:19,627 [INFO] Delay for channel 4: requested=16500 ps, actual=16500 ps.
2026-06-15 23:45:19,627 [INFO] Delay for channel 5: requested=17800 ps, actual=17800 ps.
2026-06-15 23:45:19,628 [INFO] Delay for channel 6: requested=17300 ps, actual=17300 ps.
2026-06-15 23:45:19,629 [INFO] Initializing measurement with virtual mode channels for ALL heralding permutations.
2026-06-15 23:45:19,629 [INFO] Automatically generated modes from input: {'H3': [1, 2], 'H4': [3, 4], 'H5': [5, 6]}
2026-06-15 23:45:19,630 [INFO] Setting up virtual channels...
2026-06-15 23:45:19,631 [INFO] Initializing physical channel correlation histograms...
2026-06-15 23:45:19,632 [INFO]   Physical correlation: ch1 <-> ch2
2026-06-15 23:45:19,632 [INFO]   Physical correlation: ch1 <-> ch3
2026-06-15 23:45:19,633 [INFO]   Physical correlation: ch1 <-> ch4
2026-06-15 23:45:19,634 [INFO]   Physical correlation: ch1 <-> ch5
2026-06-15 23:45:19,635 [INFO]   Physical correlation: ch1 <-> ch6
2026-06-15 23:45:19,635 [INFO]   Physical correlation: ch2 <-> ch3
2026-06-15 23:45:19,636 [INFO]   Physical correlation: ch2 <-> ch4
2026-06-15 23:45:19,637 [INFO]   Physical correlation: ch2 <-> ch5
2026-06-15 23:45:19,637 [INFO]   Physical correlation: ch2 <-> ch6
2026-06-15 23:45:19,638 [INFO]   Physical correlation: ch3 <-> ch4
2026-06-15 23:45:19,639 [INFO]   Physical correlation: ch3 <-> ch5
2026-06-15 23:45:19,639 [INFO]   Physical correlation: ch3 <-> ch6
2026-06-15 23:45:19,640 [INFO]   Physical correlation: ch4 <-> ch5
2026-06-15 23:45:19,641 [INFO]   Physical correlation: ch4 <-> ch6
2026-06-15 23:45:19,641 [INFO]   Physical correlation: ch5 <-> ch6
2026-06-15 23:45:19,642 [INFO] Initializing virtual mode correlation histograms...
2026-06-15 23:45:19,643 [INFO]   Within-mode (H3): ch1 <-> ch2
2026-06-15 23:45:19,643 [INFO]   Cross-mode: H3 <-> H4
2026-06-15 23:45:19,644 [INFO]   Cross-mode: H3 <-> H5
2026-06-15 23:45:19,645 [INFO]   Within-mode (H4): ch3 <-> ch4
2026-06-15 23:45:19,645 [INFO]   Cross-mode: H4 <-> H5
2026-06-15 23:45:19,646 [INFO]   Within-mode (H5): ch5 <-> ch6
2026-06-15 23:45:19,648 [INFO] Measurement starting for 10.000min / 0.167h
2026-06-15 23:55:19,892 [INFO] Measurements finished.
2026-06-15 23:55:19,893 [INFO] Collecting measurement data...
2026-06-15 23:55:19,893 [INFO] Collecting physical correlation data for (1,2)
2026-06-15 23:55:19,896 [INFO] Collecting physical correlation data for (1,3)
2026-06-15 23:55:19,898 [INFO] Collecting physical correlation data for (1,4)
2026-06-15 23:55:19,900 [INFO] Collecting physical correlation data for (1,5)
2026-06-15 23:55:19,902 [INFO] Collecting physical correlation data for (1,6)
2026-06-15 23:55:19,905 [INFO] Collecting physical correlation data for (2,3)
2026-06-15 23:55:19,907 [INFO] Collecting physical correlation data for (2,4)
2026-06-15 23:55:19,909 [INFO] Collecting physical correlation data for (2,5)
2026-06-15 23:55:19,912 [INFO] Collecting physical correlation data for (2,6)
2026-06-15 23:55:19,914 [INFO] Collecting physical correlation data for (3,4)
2026-06-15 23:55:19,917 [INFO] Collecting physical correlation data for (3,5)
2026-06-15 23:55:19,919 [INFO] Collecting physical correlation data for (3,6)
2026-06-15 23:55:19,922 [INFO] Collecting physical correlation data for (4,5)
2026-06-15 23:55:19,924 [INFO] Collecting physical correlation data for (4,6)
2026-06-15 23:55:19,926 [INFO] Collecting physical correlation data for (5,6)
2026-06-15 23:55:19,928 [INFO] Collecting virtual correlation data for (H3,H3)
2026-06-15 23:55:19,931 [INFO] Collecting virtual correlation data for (H3,H4)
2026-06-15 23:55:19,934 [INFO] Collecting virtual correlation data for (H3,H5)
2026-06-15 23:55:19,936 [INFO] Collecting virtual correlation data for (H4,H4)
2026-06-15 23:55:19,939 [INFO] Collecting virtual correlation data for (H4,H5)
2026-06-15 23:55:19,941 [INFO] Collecting virtual correlation data for (H5,H5)
2026-06-15 23:55:19,961 [INFO] Starting writing data to file.
2026-06-15 23:55:20,048 [INFO] Saved data.
2026-06-15 23:55:20,171 [INFO] Merging 1 chunks into running total...
2026-06-15 23:55:20,347 [INFO] ============================================================
2026-06-15 23:55:20,348 [INFO] STATUS REPORT | Duration: 50.00 min (0.833 h)
2026-06-15 23:55:20,348 [INFO] ============================================================
2026-06-15 23:55:20,349 [INFO] COUNTRATES (Physical):
2026-06-15 23:55:20,350 [INFO]   Ch 1: 126.2 kHz (total: 378,608,421)
2026-06-15 23:55:20,350 [INFO]   Ch 2: 163.4 kHz (total: 490,098,022)
2026-06-15 23:55:20,351 [INFO]   Ch 3: 82.3 kHz (total: 246,926,756)
2026-06-15 23:55:20,352 [INFO]   Ch 4: 82.0 kHz (total: 246,027,496)
2026-06-15 23:55:20,353 [INFO]   Ch 5: 2.6 kHz (total: 7,791,473)
2026-06-15 23:55:20,354 [INFO]   Ch 6: 2.6 kHz (total: 7,732,072)
2026-06-15 23:55:20,355 [INFO] COUNTRATES (Virtual):
2026-06-15 23:55:20,356 [INFO]   H3: 289.6 kHz (total: 868,706,443)
2026-06-15 23:55:20,357 [INFO]   H4: 164.3 kHz (total: 492,954,252)
2026-06-15 23:55:20,357 [INFO]   H5: 5.2 kHz (total: 15,523,545)
2026-06-15 23:55:20,358 [INFO] ------------------------------------------------------------
2026-06-15 23:55:20,359 [INFO] COINCIDENCES (threshold: 100000)
2026-06-15 23:55:20,359 [INFO] ------------------------------------------------------------
2026-06-15 23:55:20,360 [INFO] Twofold (physical) (Reached Threshold):
2026-06-15 23:55:20,360 [INFO]   (1,2): 3,643,108 Y
2026-06-15 23:55:20,361 [INFO]   (1,3): 1,884,469 Y
2026-06-15 23:55:20,361 [INFO]   (1,4): 1,872,763 Y
2026-06-15 23:55:20,362 [INFO]   (1,5): 60,376 X
2026-06-15 23:55:20,363 [INFO]   (1,6): 59,632 X
2026-06-15 23:55:20,363 [INFO]   (2,3): 2,402,724 Y
2026-06-15 23:55:20,364 [INFO]   (2,4): 2,384,883 Y
2026-06-15 23:55:20,364 [INFO]   (2,5): 76,731 X
2026-06-15 23:55:20,365 [INFO]   (2,6): 76,128 X
2026-06-15 23:55:20,365 [INFO]   (3,4): 1,233,253 Y
2026-06-15 23:55:20,366 [INFO]   (3,5): 40,213 X
2026-06-15 23:55:20,367 [INFO]   (3,6): 39,489 X
2026-06-15 23:55:20,367 [INFO]   (4,5): 39,117 X
2026-06-15 23:55:20,368 [INFO]   (4,6): 39,202 X
2026-06-15 23:55:20,368 [INFO]   (5,6): 1,299 X
2026-06-15 23:55:20,369 [INFO] ============================================================
2026-06-15 23:55:20,370 [INFO] >>> 9 combination(s) below threshold <<<
2026-06-15 23:55:20,370 [INFO] ============================================================
2026-06-15 23:55:20,452 [INFO] Updated merged data: C:\Users\QUANTUM\OneDrive - ENSTA\!Working files\HBT\HBT Data\Tests_Jun\2026-06-15_20-01-37_g2_heralded_virtual\MERGED\20-01-37_2026-06-15_11.41mW_num0_MERGED.pkl
2026-06-15 23:55:20,490 [INFO] Found 0 connected Time Tagger(s)
2026-06-15 23:55:22,079 [INFO] t:   1 s, Board temperature: 40.9 °C, FPGA temperature: 56.8 °C
2026-06-15 23:55:23,628 [INFO] t:   2 s, Board temperature: 41.0 °C, FPGA temperature: 56.8 °C
2026-06-15 23:55:25,181 [INFO] t:   3 s, Board temperature: 41.0 °C, FPGA temperature: 56.9 °C
2026-06-15 23:55:26,738 [INFO] t:   4 s, Board temperature: 41.0 °C, FPGA temperature: 56.8 °C
2026-06-15 23:55:28,301 [INFO] t:   5 s, Board temperature: 41.1 °C, FPGA temperature: 56.9 °C
2026-06-15 23:55:28,301 [INFO] The Time Tagger is warmed up.
2026-06-15 23:55:28,302 [INFO] Time Tagger initialized.
2026-06-15 23:55:28,304 [INFO] Chunk 6/6 | Elapsed: 60.0 min
2026-06-15 23:55:28,304 [INFO] Initializing experiment on Time Tagger.
2026-06-15 23:55:28,305 [INFO] Deadtime for channel 1: 0 ps
2026-06-15 23:55:28,306 [INFO] Deadtime for channel 2: 0 ps
2026-06-15 23:55:28,307 [INFO] Deadtime for channel 3: 0 ps
2026-06-15 23:55:28,308 [INFO] Deadtime for channel 4: 0 ps
2026-06-15 23:55:28,308 [INFO] Deadtime for channel 5: 0 ps
2026-06-15 23:55:28,309 [INFO] Deadtime for channel 6: 0 ps
2026-06-15 23:55:28,309 [INFO] Delays on channels enabled.
2026-06-15 23:55:28,310 [INFO] Delay for channel 1: requested=0 ps, actual=0 ps
2026-06-15 23:55:28,311 [INFO] Delay for channel 2: requested=-1000 ps, actual=-1000 ps
2026-06-15 23:55:28,312 [INFO] Delay for channel 3: requested=20000 ps, actual=20000 ps
2026-06-15 23:55:28,312 [INFO] Delay for channel 4: requested=16500 ps, actual=16500 ps
2026-06-15 23:55:28,313 [INFO] Delay for channel 5: requested=17800 ps, actual=17800 ps
2026-06-15 23:55:28,314 [INFO] Delay for channel 6: requested=17300 ps, actual=17300 ps
2026-06-15 23:55:28,314 [INFO] Executing synchronized correlation measurement.
2026-06-15 23:55:28,315 [INFO] Delays on channels enabled.
2026-06-15 23:55:28,315 [INFO] Delay for channel 1: requested=0 ps, actual=0 ps.
2026-06-15 23:55:28,316 [INFO] Delay for channel 2: requested=-1000 ps, actual=-1000 ps.
2026-06-15 23:55:28,316 [INFO] Delay for channel 3: requested=20000 ps, actual=20000 ps.
2026-06-15 23:55:28,317 [INFO] Delay for channel 4: requested=16500 ps, actual=16500 ps.
2026-06-15 23:55:28,318 [INFO] Delay for channel 5: requested=17800 ps, actual=17800 ps.
2026-06-15 23:55:28,318 [INFO] Delay for channel 6: requested=17300 ps, actual=17300 ps.
2026-06-15 23:55:28,319 [INFO] Initializing measurement with virtual mode channels for ALL heralding permutations.
2026-06-15 23:55:28,320 [INFO] Automatically generated modes from input: {'H3': [1, 2], 'H4': [3, 4], 'H5': [5, 6]}
2026-06-15 23:55:28,320 [INFO] Setting up virtual channels...
2026-06-15 23:55:28,321 [INFO] Initializing physical channel correlation histograms...
2026-06-15 23:55:28,322 [INFO]   Physical correlation: ch1 <-> ch2
2026-06-15 23:55:28,323 [INFO]   Physical correlation: ch1 <-> ch3
2026-06-15 23:55:28,323 [INFO]   Physical correlation: ch1 <-> ch4
2026-06-15 23:55:28,324 [INFO]   Physical correlation: ch1 <-> ch5
2026-06-15 23:55:28,325 [INFO]   Physical correlation: ch1 <-> ch6
2026-06-15 23:55:28,325 [INFO]   Physical correlation: ch2 <-> ch3
2026-06-15 23:55:28,326 [INFO]   Physical correlation: ch2 <-> ch4
2026-06-15 23:55:28,327 [INFO]   Physical correlation: ch2 <-> ch5
2026-06-15 23:55:28,327 [INFO]   Physical correlation: ch2 <-> ch6
2026-06-15 23:55:28,328 [INFO]   Physical correlation: ch3 <-> ch4
2026-06-15 23:55:28,329 [INFO]   Physical correlation: ch3 <-> ch5
2026-06-15 23:55:28,329 [INFO]   Physical correlation: ch3 <-> ch6
2026-06-15 23:55:28,330 [INFO]   Physical correlation: ch4 <-> ch5
2026-06-15 23:55:28,331 [INFO]   Physical correlation: ch4 <-> ch6
2026-06-15 23:55:28,331 [INFO]   Physical correlation: ch5 <-> ch6
2026-06-15 23:55:28,332 [INFO] Initializing virtual mode correlation histograms...
2026-06-15 23:55:28,333 [INFO]   Within-mode (H3): ch1 <-> ch2
2026-06-15 23:55:28,333 [INFO]   Cross-mode: H3 <-> H4
2026-06-15 23:55:28,334 [INFO]   Cross-mode: H3 <-> H5
2026-06-15 23:55:28,335 [INFO]   Within-mode (H4): ch3 <-> ch4
2026-06-15 23:55:28,335 [INFO]   Cross-mode: H4 <-> H5
2026-06-15 23:55:28,336 [INFO]   Within-mode (H5): ch5 <-> ch6
2026-06-15 23:55:28,338 [INFO] Measurement starting for 10.000min / 0.167h
2026-06-16 00:05:29,037 [INFO] Measurements finished.
2026-06-16 00:05:29,037 [INFO] Collecting measurement data...
2026-06-16 00:05:29,038 [INFO] Collecting physical correlation data for (1,2)
2026-06-16 00:05:29,041 [INFO] Collecting physical correlation data for (1,3)
2026-06-16 00:05:29,042 [INFO] Collecting physical correlation data for (1,4)
2026-06-16 00:05:29,044 [INFO] Collecting physical correlation data for (1,5)
2026-06-16 00:05:29,046 [INFO] Collecting physical correlation data for (1,6)
2026-06-16 00:05:29,048 [INFO] Collecting physical correlation data for (2,3)
2026-06-16 00:05:29,051 [INFO] Collecting physical correlation data for (2,4)
2026-06-16 00:05:29,053 [INFO] Collecting physical correlation data for (2,5)
2026-06-16 00:05:29,055 [INFO] Collecting physical correlation data for (2,6)
2026-06-16 00:05:29,058 [INFO] Collecting physical correlation data for (3,4)
2026-06-16 00:05:29,060 [INFO] Collecting physical correlation data for (3,5)
2026-06-16 00:05:29,062 [INFO] Collecting physical correlation data for (3,6)
2026-06-16 00:05:29,064 [INFO] Collecting physical correlation data for (4,5)
2026-06-16 00:05:29,066 [INFO] Collecting physical correlation data for (4,6)
2026-06-16 00:05:29,069 [INFO] Collecting physical correlation data for (5,6)
2026-06-16 00:05:29,071 [INFO] Collecting virtual correlation data for (H3,H3)
2026-06-16 00:05:29,073 [INFO] Collecting virtual correlation data for (H3,H4)
2026-06-16 00:05:29,075 [INFO] Collecting virtual correlation data for (H3,H5)
2026-06-16 00:05:29,078 [INFO] Collecting virtual correlation data for (H4,H4)
2026-06-16 00:05:29,079 [INFO] Collecting virtual correlation data for (H4,H5)
2026-06-16 00:05:29,081 [INFO] Collecting virtual correlation data for (H5,H5)
2026-06-16 00:05:29,111 [INFO] Starting writing data to file.
2026-06-16 00:05:29,190 [INFO] Saved data.
2026-06-16 00:05:29,318 [INFO] Merging 1 chunks into running total...
2026-06-16 00:05:29,523 [INFO] ============================================================
2026-06-16 00:05:29,523 [INFO] STATUS REPORT | Duration: 60.00 min (1.000 h)
2026-06-16 00:05:29,524 [INFO] ============================================================
2026-06-16 00:05:29,525 [INFO] COUNTRATES (Physical):
2026-06-16 00:05:29,526 [INFO]   Ch 1: 126.0 kHz (total: 453,765,907)
2026-06-16 00:05:29,527 [INFO]   Ch 2: 163.3 kHz (total: 587,728,888)
2026-06-16 00:05:29,528 [INFO]   Ch 3: 82.2 kHz (total: 296,088,533)
2026-06-16 00:05:29,529 [INFO]   Ch 4: 82.0 kHz (total: 295,068,064)
2026-06-16 00:05:29,529 [INFO]   Ch 5: 2.6 kHz (total: 9,342,627)
2026-06-16 00:05:29,530 [INFO]   Ch 6: 2.6 kHz (total: 9,268,243)
2026-06-16 00:05:29,531 [INFO] COUNTRATES (Virtual):
2026-06-16 00:05:29,532 [INFO]   H3: 289.3 kHz (total: 1,041,494,795)
2026-06-16 00:05:29,532 [INFO]   H4: 164.2 kHz (total: 591,156,597)
2026-06-16 00:05:29,533 [INFO]   H5: 5.2 kHz (total: 18,610,870)
2026-06-16 00:05:29,534 [INFO] ------------------------------------------------------------
2026-06-16 00:05:29,535 [INFO] COINCIDENCES (threshold: 100000)
2026-06-16 00:05:29,536 [INFO] ------------------------------------------------------------
2026-06-16 00:05:29,537 [INFO] Twofold (physical) (Reached Threshold):
2026-06-16 00:05:29,538 [INFO]   (1,2): 4,362,201 Y
2026-06-16 00:05:29,539 [INFO]   (1,3): 2,257,718 Y
2026-06-16 00:05:29,539 [INFO]   (1,4): 2,243,550 Y
2026-06-16 00:05:29,540 [INFO]   (1,5): 72,298 X
2026-06-16 00:05:29,541 [INFO]   (1,6): 71,332 X
2026-06-16 00:05:29,542 [INFO]   (2,3): 2,878,824 Y
2026-06-16 00:05:29,543 [INFO]   (2,4): 2,859,404 Y
2026-06-16 00:05:29,544 [INFO]   (2,5): 92,069 X
2026-06-16 00:05:29,545 [INFO]   (2,6): 91,120 X
2026-06-16 00:05:29,546 [INFO]   (3,4): 1,478,369 Y
2026-06-16 00:05:29,547 [INFO]   (3,5): 48,025 X
2026-06-16 00:05:29,547 [INFO]   (3,6): 47,240 X
2026-06-16 00:05:29,548 [INFO]   (4,5): 46,866 X
2026-06-16 00:05:29,549 [INFO]   (4,6): 46,858 X
2026-06-16 00:05:29,550 [INFO]   (5,6): 1,527 X
2026-06-16 00:05:29,550 [INFO] ============================================================
2026-06-16 00:05:29,551 [INFO] >>> 9 combination(s) below threshold <<<
2026-06-16 00:05:29,552 [INFO] ============================================================
2026-06-16 00:05:29,647 [INFO] Updated merged data: C:\Users\QUANTUM\OneDrive - ENSTA\!Working files\HBT\HBT Data\Tests_Jun\2026-06-15_20-01-37_g2_heralded_virtual\MERGED\20-01-37_2026-06-15_11.41mW_num0_MERGED.pkl
2026-06-16 00:05:29,735 [INFO] Final merged data saved to: C:\Users\QUANTUM\OneDrive - ENSTA\!Working files\HBT\HBT Data\Tests_Jun\2026-06-15_20-01-37_g2_heralded_virtual\MERGED\20-01-37_2026-06-15_11.41mW_num0_MERGED.pkl
2026-06-16 00:05:29,736 [INFO] Total merged duration: 60.00 min
2026-06-16 00:05:29,737 [INFO] Measurement completed in 60.90 min
2026-06-16 00:05:30,584 [INFO] Stage Position: 34.0
2026-06-16 00:05:30,584 [INFO] Starting chunked acquisition (max 6 chunks / 60.0 min)
2026-06-16 00:05:30,586 [INFO] Chunk duration: 10 min
2026-06-16 00:05:30,586 [INFO] Threshold: 100000 counts, checking every 1 chunks
2026-06-16 00:05:30,651 [INFO] Found 0 connected Time Tagger(s)
2026-06-16 00:05:32,273 [INFO] t:   1 s, Board temperature: 41.0 °C, FPGA temperature: 56.9 °C
2026-06-16 00:05:33,847 [INFO] t:   2 s, Board temperature: 40.9 °C, FPGA temperature: 56.9 °C
2026-06-16 00:05:35,421 [INFO] t:   3 s, Board temperature: 41.0 °C, FPGA temperature: 56.8 °C
2026-06-16 00:05:36,971 [INFO] t:   4 s, Board temperature: 40.9 °C, FPGA temperature: 56.8 °C
2026-06-16 00:05:38,529 [INFO] t:   5 s, Board temperature: 40.9 °C, FPGA temperature: 56.8 °C
2026-06-16 00:05:38,529 [INFO] The Time Tagger is warmed up.
2026-06-16 00:05:38,530 [INFO] Time Tagger initialized.
2026-06-16 00:05:38,532 [INFO] Chunk 1/6 | Elapsed: 10.0 min
2026-06-16 00:05:38,532 [INFO] Initializing experiment on Time Tagger.
2026-06-16 00:05:38,533 [INFO] Deadtime for channel 1: 0 ps
2026-06-16 00:05:38,534 [INFO] Deadtime for channel 2: 0 ps
2026-06-16 00:05:38,534 [INFO] Deadtime for channel 3: 0 ps
2026-06-16 00:05:38,535 [INFO] Deadtime for channel 4: 0 ps
2026-06-16 00:05:38,535 [INFO] Deadtime for channel 5: 0 ps
2026-06-16 00:05:38,536 [INFO] Deadtime for channel 6: 0 ps
2026-06-16 00:05:38,537 [INFO] Delays on channels enabled.
2026-06-16 00:05:38,537 [INFO] Delay for channel 1: requested=0 ps, actual=0 ps
2026-06-16 00:05:38,538 [INFO] Delay for channel 2: requested=-1000 ps, actual=-1000 ps
2026-06-16 00:05:38,538 [INFO] Delay for channel 3: requested=20000 ps, actual=20000 ps
2026-06-16 00:05:38,539 [INFO] Delay for channel 4: requested=16500 ps, actual=16500 ps
2026-06-16 00:05:38,540 [INFO] Delay for channel 5: requested=17800 ps, actual=17800 ps
2026-06-16 00:05:38,540 [INFO] Delay for channel 6: requested=17300 ps, actual=17300 ps
2026-06-16 00:05:38,541 [INFO] Executing synchronized correlation measurement.
2026-06-16 00:05:38,541 [INFO] Delays on channels enabled.
2026-06-16 00:05:38,542 [INFO] Delay for channel 1: requested=0 ps, actual=0 ps.
2026-06-16 00:05:38,542 [INFO] Delay for channel 2: requested=-1000 ps, actual=-1000 ps.
2026-06-16 00:05:38,543 [INFO] Delay for channel 3: requested=20000 ps, actual=20000 ps.
2026-06-16 00:05:38,544 [INFO] Delay for channel 4: requested=16500 ps, actual=16500 ps.
2026-06-16 00:05:38,544 [INFO] Delay for channel 5: requested=17800 ps, actual=17800 ps.
2026-06-16 00:05:38,545 [INFO] Delay for channel 6: requested=17300 ps, actual=17300 ps.
2026-06-16 00:05:38,546 [INFO] Initializing measurement with virtual mode channels for ALL heralding permutations.
2026-06-16 00:05:38,546 [INFO] Automatically generated modes from input: {'H3': [1, 2], 'H4': [3, 4], 'H5': [5, 6]}
2026-06-16 00:05:38,547 [INFO] Setting up virtual channels...
2026-06-16 00:05:38,548 [INFO] Initializing physical channel correlation histograms...
2026-06-16 00:05:38,549 [INFO]   Physical correlation: ch1 <-> ch2
2026-06-16 00:05:38,549 [INFO]   Physical correlation: ch1 <-> ch3
2026-06-16 00:05:38,550 [INFO]   Physical correlation: ch1 <-> ch4
2026-06-16 00:05:38,551 [INFO]   Physical correlation: ch1 <-> ch5
2026-06-16 00:05:38,551 [INFO]   Physical correlation: ch1 <-> ch6
2026-06-16 00:05:38,552 [INFO]   Physical correlation: ch2 <-> ch3
2026-06-16 00:05:38,553 [INFO]   Physical correlation: ch2 <-> ch4
2026-06-16 00:05:38,553 [INFO]   Physical correlation: ch2 <-> ch5
2026-06-16 00:05:38,554 [INFO]   Physical correlation: ch2 <-> ch6
2026-06-16 00:05:38,555 [INFO]   Physical correlation: ch3 <-> ch4
2026-06-16 00:05:38,555 [INFO]   Physical correlation: ch3 <-> ch5
2026-06-16 00:05:38,556 [INFO]   Physical correlation: ch3 <-> ch6
2026-06-16 00:05:38,557 [INFO]   Physical correlation: ch4 <-> ch5
2026-06-16 00:05:38,557 [INFO]   Physical correlation: ch4 <-> ch6
2026-06-16 00:05:38,558 [INFO]   Physical correlation: ch5 <-> ch6
2026-06-16 00:05:38,559 [INFO] Initializing virtual mode correlation histograms...
2026-06-16 00:05:38,559 [INFO]   Within-mode (H3): ch1 <-> ch2
2026-06-16 00:05:38,560 [INFO]   Cross-mode: H3 <-> H4
2026-06-16 00:05:38,561 [INFO]   Cross-mode: H3 <-> H5
2026-06-16 00:05:38,562 [INFO]   Within-mode (H4): ch3 <-> ch4
2026-06-16 00:05:38,562 [INFO]   Cross-mode: H4 <-> H5
2026-06-16 00:05:38,563 [INFO]   Within-mode (H5): ch5 <-> ch6
2026-06-16 00:05:38,565 [INFO] Measurement starting for 10.000min / 0.167h
2026-06-16 00:15:38,847 [INFO] Measurements finished.
2026-06-16 00:15:38,849 [INFO] Collecting measurement data...
2026-06-16 00:15:38,850 [INFO] Collecting physical correlation data for (1,2)
2026-06-16 00:15:38,852 [INFO] Collecting physical correlation data for (1,3)
2026-06-16 00:15:38,856 [INFO] Collecting physical correlation data for (1,4)
2026-06-16 00:15:38,859 [INFO] Collecting physical correlation data for (1,5)
2026-06-16 00:15:38,860 [INFO] Collecting physical correlation data for (1,6)
2026-06-16 00:15:38,863 [INFO] Collecting physical correlation data for (2,3)
2026-06-16 00:15:38,867 [INFO] Collecting physical correlation data for (2,4)
2026-06-16 00:15:38,870 [INFO] Collecting physical correlation data for (2,5)
2026-06-16 00:15:38,872 [INFO] Collecting physical correlation data for (2,6)
2026-06-16 00:15:38,875 [INFO] Collecting physical correlation data for (3,4)
2026-06-16 00:15:38,878 [INFO] Collecting physical correlation data for (3,5)
2026-06-16 00:15:38,882 [INFO] Collecting physical correlation data for (3,6)
2026-06-16 00:15:38,885 [INFO] Collecting physical correlation data for (4,5)
2026-06-16 00:15:38,887 [INFO] Collecting physical correlation data for (4,6)
2026-06-16 00:15:38,890 [INFO] Collecting physical correlation data for (5,6)
2026-06-16 00:15:38,892 [INFO] Collecting virtual correlation data for (H3,H3)
2026-06-16 00:15:38,895 [INFO] Collecting virtual correlation data for (H3,H4)
2026-06-16 00:15:38,897 [INFO] Collecting virtual correlation data for (H3,H5)
2026-06-16 00:15:38,899 [INFO] Collecting virtual correlation data for (H4,H4)
2026-06-16 00:15:38,901 [INFO] Collecting virtual correlation data for (H4,H5)
2026-06-16 00:15:38,903 [INFO] Collecting virtual correlation data for (H5,H5)
2026-06-16 00:15:38,921 [INFO] Starting writing data to file.
2026-06-16 00:15:39,002 [INFO] Saved data.
2026-06-16 00:15:39,119 [INFO] Merging 1 chunks into running total...
2026-06-16 00:15:39,120 [INFO] ============================================================
2026-06-16 00:15:39,121 [INFO] STATUS REPORT | Duration: 10.00 min (0.167 h)
2026-06-16 00:15:39,121 [INFO] ============================================================
2026-06-16 00:15:39,122 [INFO] COUNTRATES (Physical):
2026-06-16 00:15:39,123 [INFO]   Ch 1: 70.7 kHz (total: 42,397,728)
2026-06-16 00:15:39,124 [INFO]   Ch 2: 92.8 kHz (total: 55,656,141)
2026-06-16 00:15:39,124 [INFO]   Ch 3: 38.5 kHz (total: 23,110,444)
2026-06-16 00:15:39,125 [INFO]   Ch 4: 38.7 kHz (total: 23,202,981)
2026-06-16 00:15:39,126 [INFO]   Ch 5: 1.0 kHz (total: 609,700)
2026-06-16 00:15:39,126 [INFO]   Ch 6: 1.0 kHz (total: 598,026)
2026-06-16 00:15:39,127 [INFO] COUNTRATES (Virtual):
2026-06-16 00:15:39,128 [INFO]   H3: 163.4 kHz (total: 98,053,869)
2026-06-16 00:15:39,128 [INFO]   H4: 77.2 kHz (total: 46,313,425)
2026-06-16 00:15:39,129 [INFO]   H5: 2.0 kHz (total: 1,207,726)
2026-06-16 00:15:39,129 [INFO] ------------------------------------------------------------
2026-06-16 00:15:39,130 [INFO] COINCIDENCES (threshold: 100000)
2026-06-16 00:15:39,131 [INFO] ------------------------------------------------------------
2026-06-16 00:15:39,131 [INFO] Twofold (physical) (Reached Threshold):
2026-06-16 00:15:39,132 [INFO]   (1,2): 231,227 Y
2026-06-16 00:15:39,132 [INFO]   (1,3): 98,524 X
2026-06-16 00:15:39,133 [INFO]   (1,4): 98,171 X
2026-06-16 00:15:39,134 [INFO]   (1,5): 2,615 X
2026-06-16 00:15:39,134 [INFO]   (1,6): 2,565 X
2026-06-16 00:15:39,135 [INFO]   (2,3): 126,737 Y
2026-06-16 00:15:39,136 [INFO]   (2,4): 126,848 Y
2026-06-16 00:15:39,136 [INFO]   (2,5): 3,451 X
2026-06-16 00:15:39,137 [INFO]   (2,6): 3,321 X
2026-06-16 00:15:39,138 [INFO]   (3,4): 53,885 X
2026-06-16 00:15:39,138 [INFO]   (3,5): 1,443 X
2026-06-16 00:15:39,139 [INFO]   (3,6): 1,517 X
2026-06-16 00:15:39,140 [INFO]   (4,5): 1,443 X
2026-06-16 00:15:39,141 [INFO]   (4,6): 1,455 X
2026-06-16 00:15:39,141 [INFO]   (5,6): 36 X
2026-06-16 00:15:39,142 [INFO] ============================================================
2026-06-16 00:15:39,143 [INFO] >>> 12 combination(s) below threshold <<<
2026-06-16 00:15:39,143 [INFO] ============================================================
2026-06-16 00:15:39,222 [INFO] Updated merged data: C:\Users\QUANTUM\OneDrive - ENSTA\!Working files\HBT\HBT Data\Tests_Jun\2026-06-15_20-01-37_g2_heralded_virtual\MERGED\20-01-37_2026-06-15_9.41mW_num0_MERGED.pkl
2026-06-16 00:15:39,264 [INFO] Found 0 connected Time Tagger(s)
2026-06-16 00:15:40,881 [INFO] t:   1 s, Board temperature: 40.6 °C, FPGA temperature: 56.4 °C
2026-06-16 00:15:42,440 [INFO] t:   2 s, Board temperature: 40.6 °C, FPGA temperature: 56.3 °C
2026-06-16 00:15:44,012 [INFO] t:   3 s, Board temperature: 40.5 °C, FPGA temperature: 56.4 °C
2026-06-16 00:15:45,571 [INFO] t:   4 s, Board temperature: 40.6 °C, FPGA temperature: 56.4 °C
2026-06-16 00:15:47,129 [INFO] t:   5 s, Board temperature: 40.6 °C, FPGA temperature: 56.4 °C
2026-06-16 00:15:47,129 [INFO] The Time Tagger is warmed up.
2026-06-16 00:15:47,130 [INFO] Time Tagger initialized.
2026-06-16 00:15:47,131 [INFO] Chunk 2/6 | Elapsed: 20.0 min
2026-06-16 00:15:47,132 [INFO] Initializing experiment on Time Tagger.
2026-06-16 00:15:47,133 [INFO] Deadtime for channel 1: 0 ps
2026-06-16 00:15:47,133 [INFO] Deadtime for channel 2: 0 ps
2026-06-16 00:15:47,134 [INFO] Deadtime for channel 3: 0 ps
2026-06-16 00:15:47,135 [INFO] Deadtime for channel 4: 0 ps
2026-06-16 00:15:47,136 [INFO] Deadtime for channel 5: 0 ps
2026-06-16 00:15:47,136 [INFO] Deadtime for channel 6: 0 ps
2026-06-16 00:15:47,137 [INFO] Delays on channels enabled.
2026-06-16 00:15:47,137 [INFO] Delay for channel 1: requested=0 ps, actual=0 ps
2026-06-16 00:15:47,138 [INFO] Delay for channel 2: requested=-1000 ps, actual=-1000 ps
2026-06-16 00:15:47,138 [INFO] Delay for channel 3: requested=20000 ps, actual=20000 ps
2026-06-16 00:15:47,139 [INFO] Delay for channel 4: requested=16500 ps, actual=16500 ps
2026-06-16 00:15:47,140 [INFO] Delay for channel 5: requested=17800 ps, actual=17800 ps
2026-06-16 00:15:47,140 [INFO] Delay for channel 6: requested=17300 ps, actual=17300 ps
2026-06-16 00:15:47,141 [INFO] Executing synchronized correlation measurement.
2026-06-16 00:15:47,142 [INFO] Delays on channels enabled.
2026-06-16 00:15:47,142 [INFO] Delay for channel 1: requested=0 ps, actual=0 ps.
2026-06-16 00:15:47,143 [INFO] Delay for channel 2: requested=-1000 ps, actual=-1000 ps.
2026-06-16 00:15:47,143 [INFO] Delay for channel 3: requested=20000 ps, actual=20000 ps.
2026-06-16 00:15:47,144 [INFO] Delay for channel 4: requested=16500 ps, actual=16500 ps.
2026-06-16 00:15:47,145 [INFO] Delay for channel 5: requested=17800 ps, actual=17800 ps.
2026-06-16 00:15:47,145 [INFO] Delay for channel 6: requested=17300 ps, actual=17300 ps.
2026-06-16 00:15:47,146 [INFO] Initializing measurement with virtual mode channels for ALL heralding permutations.
2026-06-16 00:15:47,146 [INFO] Automatically generated modes from input: {'H3': [1, 2], 'H4': [3, 4], 'H5': [5, 6]}
2026-06-16 00:15:47,147 [INFO] Setting up virtual channels...
2026-06-16 00:15:47,148 [INFO] Initializing physical channel correlation histograms...
2026-06-16 00:15:47,149 [INFO]   Physical correlation: ch1 <-> ch2
2026-06-16 00:15:47,150 [INFO]   Physical correlation: ch1 <-> ch3
2026-06-16 00:15:47,150 [INFO]   Physical correlation: ch1 <-> ch4
2026-06-16 00:15:47,151 [INFO]   Physical correlation: ch1 <-> ch5
2026-06-16 00:15:47,152 [INFO]   Physical correlation: ch1 <-> ch6
2026-06-16 00:15:47,152 [INFO]   Physical correlation: ch2 <-> ch3
2026-06-16 00:15:47,153 [INFO]   Physical correlation: ch2 <-> ch4
2026-06-16 00:15:47,154 [INFO]   Physical correlation: ch2 <-> ch5
2026-06-16 00:15:47,154 [INFO]   Physical correlation: ch2 <-> ch6
2026-06-16 00:15:47,155 [INFO]   Physical correlation: ch3 <-> ch4
2026-06-16 00:15:47,156 [INFO]   Physical correlation: ch3 <-> ch5
2026-06-16 00:15:47,157 [INFO]   Physical correlation: ch3 <-> ch6
2026-06-16 00:15:47,157 [INFO]   Physical correlation: ch4 <-> ch5
2026-06-16 00:15:47,158 [INFO]   Physical correlation: ch4 <-> ch6
2026-06-16 00:15:47,158 [INFO]   Physical correlation: ch5 <-> ch6
2026-06-16 00:15:47,159 [INFO] Initializing virtual mode correlation histograms...
2026-06-16 00:15:47,160 [INFO]   Within-mode (H3): ch1 <-> ch2
2026-06-16 00:15:47,161 [INFO]   Cross-mode: H3 <-> H4
2026-06-16 00:15:47,162 [INFO]   Cross-mode: H3 <-> H5
2026-06-16 00:15:47,162 [INFO]   Within-mode (H4): ch3 <-> ch4
2026-06-16 00:15:47,163 [INFO]   Cross-mode: H4 <-> H5
2026-06-16 00:15:47,164 [INFO]   Within-mode (H5): ch5 <-> ch6
2026-06-16 00:15:47,166 [INFO] Measurement starting for 10.000min / 0.167h
2026-06-16 00:25:47,442 [INFO] Measurements finished.
2026-06-16 00:25:47,443 [INFO] Collecting measurement data...
2026-06-16 00:25:47,444 [INFO] Collecting physical correlation data for (1,2)
2026-06-16 00:25:47,446 [INFO] Collecting physical correlation data for (1,3)
2026-06-16 00:25:47,448 [INFO] Collecting physical correlation data for (1,4)
2026-06-16 00:25:47,450 [INFO] Collecting physical correlation data for (1,5)
2026-06-16 00:25:47,451 [INFO] Collecting physical correlation data for (1,6)
2026-06-16 00:25:47,453 [INFO] Collecting physical correlation data for (2,3)
2026-06-16 00:25:47,455 [INFO] Collecting physical correlation data for (2,4)
2026-06-16 00:25:47,457 [INFO] Collecting physical correlation data for (2,5)
2026-06-16 00:25:47,459 [INFO] Collecting physical correlation data for (2,6)
2026-06-16 00:25:47,461 [INFO] Collecting physical correlation data for (3,4)
2026-06-16 00:25:47,464 [INFO] Collecting physical correlation data for (3,5)
2026-06-16 00:25:47,466 [INFO] Collecting physical correlation data for (3,6)
2026-06-16 00:25:47,468 [INFO] Collecting physical correlation data for (4,5)
2026-06-16 00:25:47,470 [INFO] Collecting physical correlation data for (4,6)
2026-06-16 00:25:47,473 [INFO] Collecting physical correlation data for (5,6)
2026-06-16 00:25:47,475 [INFO] Collecting virtual correlation data for (H3,H3)
2026-06-16 00:25:47,477 [INFO] Collecting virtual correlation data for (H3,H4)
2026-06-16 00:25:47,479 [INFO] Collecting virtual correlation data for (H3,H5)
2026-06-16 00:25:47,481 [INFO] Collecting virtual correlation data for (H4,H4)
2026-06-16 00:25:47,484 [INFO] Collecting virtual correlation data for (H4,H5)
2026-06-16 00:25:47,486 [INFO] Collecting virtual correlation data for (H5,H5)
2026-06-16 00:25:47,506 [INFO] Starting writing data to file.
2026-06-16 00:25:47,595 [INFO] Saved data.
2026-06-16 00:25:47,699 [INFO] Merging 1 chunks into running total...
2026-06-16 00:25:47,866 [INFO] ============================================================
2026-06-16 00:25:47,867 [INFO] STATUS REPORT | Duration: 20.00 min (0.333 h)
2026-06-16 00:25:47,868 [INFO] ============================================================
2026-06-16 00:25:47,868 [INFO] COUNTRATES (Physical):
2026-06-16 00:25:47,869 [INFO]   Ch 1: 70.5 kHz (total: 84,610,727)
2026-06-16 00:25:47,870 [INFO]   Ch 2: 92.6 kHz (total: 111,136,175)
2026-06-16 00:25:47,871 [INFO]   Ch 3: 38.4 kHz (total: 46,127,799)
2026-06-16 00:25:47,871 [INFO]   Ch 4: 38.6 kHz (total: 46,315,145)
2026-06-16 00:25:47,872 [INFO]   Ch 5: 1.0 kHz (total: 1,216,977)
2026-06-16 00:25:47,873 [INFO]   Ch 6: 1.0 kHz (total: 1,193,894)
2026-06-16 00:25:47,874 [INFO] COUNTRATES (Virtual):
2026-06-16 00:25:47,874 [INFO]   H3: 163.1 kHz (total: 195,746,902)
2026-06-16 00:25:47,875 [INFO]   H4: 77.0 kHz (total: 92,442,944)
2026-06-16 00:25:47,876 [INFO]   H5: 2.0 kHz (total: 2,410,871)
2026-06-16 00:25:47,877 [INFO] ------------------------------------------------------------
2026-06-16 00:25:47,877 [INFO] COINCIDENCES (threshold: 100000)
2026-06-16 00:25:47,878 [INFO] ------------------------------------------------------------
2026-06-16 00:25:47,878 [INFO] Twofold (physical) (Reached Threshold):
2026-06-16 00:25:47,879 [INFO]   (1,2): 460,218 Y
2026-06-16 00:25:47,879 [INFO]   (1,3): 195,797 Y
2026-06-16 00:25:47,880 [INFO]   (1,4): 195,895 Y
2026-06-16 00:25:47,881 [INFO]   (1,5): 5,191 X
2026-06-16 00:25:47,881 [INFO]   (1,6): 5,127 X
2026-06-16 00:25:47,882 [INFO]   (2,3): 252,657 Y
2026-06-16 00:25:47,882 [INFO]   (2,4): 252,712 Y
2026-06-16 00:25:47,883 [INFO]   (2,5): 6,790 X
2026-06-16 00:25:47,884 [INFO]   (2,6): 6,672 X
2026-06-16 00:25:47,884 [INFO]   (3,4): 107,336 Y
2026-06-16 00:25:47,885 [INFO]   (3,5): 2,916 X
2026-06-16 00:25:47,886 [INFO]   (3,6): 2,950 X
2026-06-16 00:25:47,886 [INFO]   (4,5): 2,909 X
2026-06-16 00:25:47,887 [INFO]   (4,6): 2,820 X
2026-06-16 00:25:47,887 [INFO]   (5,6): 67 X
2026-06-16 00:25:47,888 [INFO] ============================================================
2026-06-16 00:25:47,888 [INFO] >>> 9 combination(s) below threshold <<<
2026-06-16 00:25:47,889 [INFO] ============================================================
2026-06-16 00:25:47,973 [INFO] Updated merged data: C:\Users\QUANTUM\OneDrive - ENSTA\!Working files\HBT\HBT Data\Tests_Jun\2026-06-15_20-01-37_g2_heralded_virtual\MERGED\20-01-37_2026-06-15_9.41mW_num0_MERGED.pkl
2026-06-16 00:25:48,013 [INFO] Found 0 connected Time Tagger(s)
2026-06-16 00:25:49,616 [INFO] t:   1 s, Board temperature: 41.1 °C, FPGA temperature: 57.2 °C
2026-06-16 00:25:51,179 [INFO] t:   2 s, Board temperature: 41.1 °C, FPGA temperature: 57.1 °C
2026-06-16 00:25:52,739 [INFO] t:   3 s, Board temperature: 41.1 °C, FPGA temperature: 57.2 °C
2026-06-16 00:25:54,297 [INFO] t:   4 s, Board temperature: 41.2 °C, FPGA temperature: 57.1 °C
2026-06-16 00:25:55,857 [INFO] t:   5 s, Board temperature: 41.2 °C, FPGA temperature: 57.1 °C
2026-06-16 00:25:55,857 [INFO] The Time Tagger is warmed up.
2026-06-16 00:25:55,858 [INFO] Time Tagger initialized.
2026-06-16 00:25:55,859 [INFO] Chunk 3/6 | Elapsed: 30.0 min
2026-06-16 00:25:55,860 [INFO] Initializing experiment on Time Tagger.
2026-06-16 00:25:55,861 [INFO] Deadtime for channel 1: 0 ps
2026-06-16 00:25:55,861 [INFO] Deadtime for channel 2: 0 ps
2026-06-16 00:25:55,862 [INFO] Deadtime for channel 3: 0 ps
2026-06-16 00:25:55,863 [INFO] Deadtime for channel 4: 0 ps
2026-06-16 00:25:55,863 [INFO] Deadtime for channel 5: 0 ps
2026-06-16 00:25:55,864 [INFO] Deadtime for channel 6: 0 ps
2026-06-16 00:25:55,865 [INFO] Delays on channels enabled.
2026-06-16 00:25:55,865 [INFO] Delay for channel 1: requested=0 ps, actual=0 ps
2026-06-16 00:25:55,866 [INFO] Delay for channel 2: requested=-1000 ps, actual=-1000 ps
2026-06-16 00:25:55,867 [INFO] Delay for channel 3: requested=20000 ps, actual=20000 ps
2026-06-16 00:25:55,867 [INFO] Delay for channel 4: requested=16500 ps, actual=16500 ps
2026-06-16 00:25:55,868 [INFO] Delay for channel 5: requested=17800 ps, actual=17800 ps
2026-06-16 00:25:55,869 [INFO] Delay for channel 6: requested=17300 ps, actual=17300 ps
2026-06-16 00:25:55,869 [INFO] Executing synchronized correlation measurement.
2026-06-16 00:25:55,870 [INFO] Delays on channels enabled.
2026-06-16 00:25:55,870 [INFO] Delay for channel 1: requested=0 ps, actual=0 ps.
2026-06-16 00:25:55,871 [INFO] Delay for channel 2: requested=-1000 ps, actual=-1000 ps.
2026-06-16 00:25:55,871 [INFO] Delay for channel 3: requested=20000 ps, actual=20000 ps.
2026-06-16 00:25:55,872 [INFO] Delay for channel 4: requested=16500 ps, actual=16500 ps.
2026-06-16 00:25:55,873 [INFO] Delay for channel 5: requested=17800 ps, actual=17800 ps.
2026-06-16 00:25:55,873 [INFO] Delay for channel 6: requested=17300 ps, actual=17300 ps.
2026-06-16 00:25:55,874 [INFO] Initializing measurement with virtual mode channels for ALL heralding permutations.
2026-06-16 00:25:55,875 [INFO] Automatically generated modes from input: {'H3': [1, 2], 'H4': [3, 4], 'H5': [5, 6]}
2026-06-16 00:25:55,875 [INFO] Setting up virtual channels...
2026-06-16 00:25:55,876 [INFO] Initializing physical channel correlation histograms...
2026-06-16 00:25:55,877 [INFO]   Physical correlation: ch1 <-> ch2
2026-06-16 00:25:55,878 [INFO]   Physical correlation: ch1 <-> ch3
2026-06-16 00:25:55,878 [INFO]   Physical correlation: ch1 <-> ch4
2026-06-16 00:25:55,879 [INFO]   Physical correlation: ch1 <-> ch5
2026-06-16 00:25:55,880 [INFO]   Physical correlation: ch1 <-> ch6
2026-06-16 00:25:55,880 [INFO]   Physical correlation: ch2 <-> ch3
2026-06-16 00:25:55,881 [INFO]   Physical correlation: ch2 <-> ch4
2026-06-16 00:25:55,882 [INFO]   Physical correlation: ch2 <-> ch5
2026-06-16 00:25:55,882 [INFO]   Physical correlation: ch2 <-> ch6
2026-06-16 00:25:55,883 [INFO]   Physical correlation: ch3 <-> ch4
2026-06-16 00:25:55,884 [INFO]   Physical correlation: ch3 <-> ch5
2026-06-16 00:25:55,884 [INFO]   Physical correlation: ch3 <-> ch6
2026-06-16 00:25:55,885 [INFO]   Physical correlation: ch4 <-> ch5
2026-06-16 00:25:55,886 [INFO]   Physical correlation: ch4 <-> ch6
2026-06-16 00:25:55,886 [INFO]   Physical correlation: ch5 <-> ch6
2026-06-16 00:25:55,887 [INFO] Initializing virtual mode correlation histograms...
2026-06-16 00:25:55,888 [INFO]   Within-mode (H3): ch1 <-> ch2
2026-06-16 00:25:55,888 [INFO]   Cross-mode: H3 <-> H4
2026-06-16 00:25:55,889 [INFO]   Cross-mode: H3 <-> H5
2026-06-16 00:25:55,890 [INFO]   Within-mode (H4): ch3 <-> ch4
2026-06-16 00:25:55,890 [INFO]   Cross-mode: H4 <-> H5
2026-06-16 00:25:55,891 [INFO]   Within-mode (H5): ch5 <-> ch6
2026-06-16 00:25:55,892 [INFO] Measurement starting for 10.000min / 0.167h
2026-06-16 00:35:56,171 [INFO] Measurements finished.
2026-06-16 00:35:56,172 [INFO] Collecting measurement data...
2026-06-16 00:35:56,173 [INFO] Collecting physical correlation data for (1,2)
2026-06-16 00:35:56,177 [INFO] Collecting physical correlation data for (1,3)
2026-06-16 00:35:56,180 [INFO] Collecting physical correlation data for (1,4)
2026-06-16 00:35:56,184 [INFO] Collecting physical correlation data for (1,5)
2026-06-16 00:35:56,188 [INFO] Collecting physical correlation data for (1,6)
2026-06-16 00:35:56,192 [INFO] Collecting physical correlation data for (2,3)
2026-06-16 00:35:56,195 [INFO] Collecting physical correlation data for (2,4)
2026-06-16 00:35:56,199 [INFO] Collecting physical correlation data for (2,5)
2026-06-16 00:35:56,203 [INFO] Collecting physical correlation data for (2,6)
2026-06-16 00:35:56,207 [INFO] Collecting physical correlation data for (3,4)
2026-06-16 00:35:56,211 [INFO] Collecting physical correlation data for (3,5)
2026-06-16 00:35:56,215 [INFO] Collecting physical correlation data for (3,6)
2026-06-16 00:35:56,219 [INFO] Collecting physical correlation data for (4,5)
2026-06-16 00:35:56,221 [INFO] Collecting physical correlation data for (4,6)
2026-06-16 00:35:56,225 [INFO] Collecting physical correlation data for (5,6)
2026-06-16 00:35:56,227 [INFO] Collecting virtual correlation data for (H3,H3)
2026-06-16 00:35:56,230 [INFO] Collecting virtual correlation data for (H3,H4)
2026-06-16 00:35:56,233 [INFO] Collecting virtual correlation data for (H3,H5)
2026-06-16 00:35:56,235 [INFO] Collecting virtual correlation data for (H4,H4)
2026-06-16 00:35:56,238 [INFO] Collecting virtual correlation data for (H4,H5)
2026-06-16 00:35:56,240 [INFO] Collecting virtual correlation data for (H5,H5)
2026-06-16 00:35:56,260 [INFO] Starting writing data to file.
2026-06-16 00:35:56,348 [INFO] Saved data.
2026-06-16 00:35:56,473 [INFO] Merging 1 chunks into running total...
2026-06-16 00:35:56,633 [INFO] ============================================================
2026-06-16 00:35:56,634 [INFO] STATUS REPORT | Duration: 30.00 min (0.500 h)
2026-06-16 00:35:56,635 [INFO] ============================================================
2026-06-16 00:35:56,636 [INFO] COUNTRATES (Physical):
2026-06-16 00:35:56,637 [INFO]   Ch 1: 70.3 kHz (total: 126,621,721)
2026-06-16 00:35:56,638 [INFO]   Ch 2: 92.5 kHz (total: 166,473,821)
2026-06-16 00:35:56,639 [INFO]   Ch 3: 38.4 kHz (total: 69,059,269)
2026-06-16 00:35:56,640 [INFO]   Ch 4: 38.5 kHz (total: 69,352,889)
2026-06-16 00:35:56,641 [INFO]   Ch 5: 1.0 kHz (total: 1,822,047)
2026-06-16 00:35:56,642 [INFO]   Ch 6: 1.0 kHz (total: 1,787,071)
2026-06-16 00:35:56,643 [INFO] COUNTRATES (Virtual):
2026-06-16 00:35:56,643 [INFO]   H3: 162.8 kHz (total: 293,095,542)
2026-06-16 00:35:56,644 [INFO]   H4: 76.9 kHz (total: 138,412,158)
2026-06-16 00:35:56,645 [INFO]   H5: 2.0 kHz (total: 3,609,118)
2026-06-16 00:35:56,645 [INFO] ------------------------------------------------------------
2026-06-16 00:35:56,646 [INFO] COINCIDENCES (threshold: 100000)
2026-06-16 00:35:56,646 [INFO] ------------------------------------------------------------
2026-06-16 00:35:56,647 [INFO] Twofold (physical) (Reached Threshold):
2026-06-16 00:35:56,648 [INFO]   (1,2): 688,635 Y
2026-06-16 00:35:56,649 [INFO]   (1,3): 291,744 Y
2026-06-16 00:35:56,649 [INFO]   (1,4): 292,612 Y
2026-06-16 00:35:56,649 [INFO]   (1,5): 7,839 X
2026-06-16 00:35:56,650 [INFO]   (1,6): 7,710 X
2026-06-16 00:35:56,651 [INFO]   (2,3): 378,112 Y
2026-06-16 00:35:56,651 [INFO]   (2,4): 378,197 Y
2026-06-16 00:35:56,652 [INFO]   (2,5): 10,102 X
2026-06-16 00:35:56,653 [INFO]   (2,6): 9,987 X
2026-06-16 00:35:56,654 [INFO]   (3,4): 160,484 Y
2026-06-16 00:35:56,654 [INFO]   (3,5): 4,282 X
2026-06-16 00:35:56,655 [INFO]   (3,6): 4,385 X
2026-06-16 00:35:56,656 [INFO]   (4,5): 4,301 X
2026-06-16 00:35:56,656 [INFO]   (4,6): 4,185 X
2026-06-16 00:35:56,657 [INFO]   (5,6): 121 X
2026-06-16 00:35:56,657 [INFO] ============================================================
2026-06-16 00:35:56,658 [INFO] >>> 9 combination(s) below threshold <<<
2026-06-16 00:35:56,658 [INFO] ============================================================
2026-06-16 00:35:56,740 [INFO] Updated merged data: C:\Users\QUANTUM\OneDrive - ENSTA\!Working files\HBT\HBT Data\Tests_Jun\2026-06-15_20-01-37_g2_heralded_virtual\MERGED\20-01-37_2026-06-15_9.41mW_num0_MERGED.pkl
2026-06-16 00:35:56,780 [INFO] Found 0 connected Time Tagger(s)
2026-06-16 00:35:58,397 [INFO] t:   1 s, Board temperature: 41.0 °C, FPGA temperature: 56.9 °C
2026-06-16 00:35:59,966 [INFO] t:   2 s, Board temperature: 41.2 °C, FPGA temperature: 57.0 °C
2026-06-16 00:36:01,521 [INFO] t:   3 s, Board temperature: 41.1 °C, FPGA temperature: 56.9 °C
2026-06-16 00:36:03,086 [INFO] t:   4 s, Board temperature: 41.2 °C, FPGA temperature: 56.9 °C
2026-06-16 00:36:04,646 [INFO] t:   5 s, Board temperature: 41.1 °C, FPGA temperature: 57.0 °C
2026-06-16 00:36:04,646 [INFO] The Time Tagger is warmed up.
2026-06-16 00:36:04,648 [INFO] Time Tagger initialized.
2026-06-16 00:36:04,648 [INFO] Chunk 4/6 | Elapsed: 40.0 min
2026-06-16 00:36:04,649 [INFO] Initializing experiment on Time Tagger.
2026-06-16 00:36:04,650 [INFO] Deadtime for channel 1: 0 ps
2026-06-16 00:36:04,651 [INFO] Deadtime for channel 2: 0 ps
2026-06-16 00:36:04,651 [INFO] Deadtime for channel 3: 0 ps
2026-06-16 00:36:04,652 [INFO] Deadtime for channel 4: 0 ps
2026-06-16 00:36:04,653 [INFO] Deadtime for channel 5: 0 ps
2026-06-16 00:36:04,653 [INFO] Deadtime for channel 6: 0 ps
2026-06-16 00:36:04,654 [INFO] Delays on channels enabled.
2026-06-16 00:36:04,654 [INFO] Delay for channel 1: requested=0 ps, actual=0 ps
2026-06-16 00:36:04,655 [INFO] Delay for channel 2: requested=-1000 ps, actual=-1000 ps
2026-06-16 00:36:04,656 [INFO] Delay for channel 3: requested=20000 ps, actual=20000 ps
2026-06-16 00:36:04,656 [INFO] Delay for channel 4: requested=16500 ps, actual=16500 ps
2026-06-16 00:36:04,657 [INFO] Delay for channel 5: requested=17800 ps, actual=17800 ps
2026-06-16 00:36:04,657 [INFO] Delay for channel 6: requested=17300 ps, actual=17300 ps
2026-06-16 00:36:04,658 [INFO] Executing synchronized correlation measurement.
2026-06-16 00:36:04,659 [INFO] Delays on channels enabled.
2026-06-16 00:36:04,659 [INFO] Delay for channel 1: requested=0 ps, actual=0 ps.
2026-06-16 00:36:04,660 [INFO] Delay for channel 2: requested=-1000 ps, actual=-1000 ps.
2026-06-16 00:36:04,661 [INFO] Delay for channel 3: requested=20000 ps, actual=20000 ps.
2026-06-16 00:36:04,661 [INFO] Delay for channel 4: requested=16500 ps, actual=16500 ps.
2026-06-16 00:36:04,662 [INFO] Delay for channel 5: requested=17800 ps, actual=17800 ps.
2026-06-16 00:36:04,662 [INFO] Delay for channel 6: requested=17300 ps, actual=17300 ps.
2026-06-16 00:36:04,663 [INFO] Initializing measurement with virtual mode channels for ALL heralding permutations.
2026-06-16 00:36:04,663 [INFO] Automatically generated modes from input: {'H3': [1, 2], 'H4': [3, 4], 'H5': [5, 6]}
2026-06-16 00:36:04,664 [INFO] Setting up virtual channels...
2026-06-16 00:36:04,665 [INFO] Initializing physical channel correlation histograms...
2026-06-16 00:36:04,666 [INFO]   Physical correlation: ch1 <-> ch2
2026-06-16 00:36:04,667 [INFO]   Physical correlation: ch1 <-> ch3
2026-06-16 00:36:04,667 [INFO]   Physical correlation: ch1 <-> ch4
2026-06-16 00:36:04,668 [INFO]   Physical correlation: ch1 <-> ch5
2026-06-16 00:36:04,669 [INFO]   Physical correlation: ch1 <-> ch6
2026-06-16 00:36:04,669 [INFO]   Physical correlation: ch2 <-> ch3
2026-06-16 00:36:04,670 [INFO]   Physical correlation: ch2 <-> ch4
2026-06-16 00:36:04,671 [INFO]   Physical correlation: ch2 <-> ch5
2026-06-16 00:36:04,671 [INFO]   Physical correlation: ch2 <-> ch6
2026-06-16 00:36:04,672 [INFO]   Physical correlation: ch3 <-> ch4
2026-06-16 00:36:04,673 [INFO]   Physical correlation: ch3 <-> ch5
2026-06-16 00:36:04,673 [INFO]   Physical correlation: ch3 <-> ch6
2026-06-16 00:36:04,674 [INFO]   Physical correlation: ch4 <-> ch5
2026-06-16 00:36:04,675 [INFO]   Physical correlation: ch4 <-> ch6
2026-06-16 00:36:04,675 [INFO]   Physical correlation: ch5 <-> ch6
2026-06-16 00:36:04,676 [INFO] Initializing virtual mode correlation histograms...
2026-06-16 00:36:04,677 [INFO]   Within-mode (H3): ch1 <-> ch2
2026-06-16 00:36:04,677 [INFO]   Cross-mode: H3 <-> H4
2026-06-16 00:36:04,678 [INFO]   Cross-mode: H3 <-> H5
2026-06-16 00:36:04,679 [INFO]   Within-mode (H4): ch3 <-> ch4
2026-06-16 00:36:04,679 [INFO]   Cross-mode: H4 <-> H5
2026-06-16 00:36:04,680 [INFO]   Within-mode (H5): ch5 <-> ch6
2026-06-16 00:36:04,682 [INFO] Measurement starting for 10.000min / 0.167h
2026-06-16 00:46:04,964 [INFO] Measurements finished.
2026-06-16 00:46:04,965 [INFO] Collecting measurement data...
2026-06-16 00:46:04,967 [INFO] Collecting physical correlation data for (1,2)
2026-06-16 00:46:04,970 [INFO] Collecting physical correlation data for (1,3)
2026-06-16 00:46:04,973 [INFO] Collecting physical correlation data for (1,4)
2026-06-16 00:46:04,976 [INFO] Collecting physical correlation data for (1,5)
2026-06-16 00:46:04,979 [INFO] Collecting physical correlation data for (1,6)
2026-06-16 00:46:04,982 [INFO] Collecting physical correlation data for (2,3)
2026-06-16 00:46:04,985 [INFO] Collecting physical correlation data for (2,4)
2026-06-16 00:46:04,988 [INFO] Collecting physical correlation data for (2,5)
2026-06-16 00:46:04,991 [INFO] Collecting physical correlation data for (2,6)
2026-06-16 00:46:04,994 [INFO] Collecting physical correlation data for (3,4)
2026-06-16 00:46:04,998 [INFO] Collecting physical correlation data for (3,5)
2026-06-16 00:46:05,001 [INFO] Collecting physical correlation data for (3,6)
2026-06-16 00:46:05,005 [INFO] Collecting physical correlation data for (4,5)
2026-06-16 00:46:05,008 [INFO] Collecting physical correlation data for (4,6)
2026-06-16 00:46:05,010 [INFO] Collecting physical correlation data for (5,6)
2026-06-16 00:46:05,012 [INFO] Collecting virtual correlation data for (H3,H3)
2026-06-16 00:46:05,014 [INFO] Collecting virtual correlation data for (H3,H4)
2026-06-16 00:46:05,016 [INFO] Collecting virtual correlation data for (H3,H5)
2026-06-16 00:46:05,018 [INFO] Collecting virtual correlation data for (H4,H4)
2026-06-16 00:46:05,020 [INFO] Collecting virtual correlation data for (H4,H5)
2026-06-16 00:46:05,024 [INFO] Collecting virtual correlation data for (H5,H5)
2026-06-16 00:46:05,042 [INFO] Starting writing data to file.
2026-06-16 00:46:05,121 [INFO] Saved data.
2026-06-16 00:46:05,245 [INFO] Merging 1 chunks into running total...
2026-06-16 00:46:05,409 [INFO] ============================================================
2026-06-16 00:46:05,410 [INFO] STATUS REPORT | Duration: 40.00 min (0.667 h)
2026-06-16 00:46:05,411 [INFO] ============================================================
2026-06-16 00:46:05,411 [INFO] COUNTRATES (Physical):
2026-06-16 00:46:05,412 [INFO]   Ch 1: 70.3 kHz (total: 168,607,335)
2026-06-16 00:46:05,413 [INFO]   Ch 2: 92.4 kHz (total: 221,768,209)
2026-06-16 00:46:05,413 [INFO]   Ch 3: 38.3 kHz (total: 91,975,634)
2026-06-16 00:46:05,414 [INFO]   Ch 4: 38.5 kHz (total: 92,371,031)
2026-06-16 00:46:05,415 [INFO]   Ch 5: 1.0 kHz (total: 2,426,360)
2026-06-16 00:46:05,416 [INFO]   Ch 6: 1.0 kHz (total: 2,378,675)
2026-06-16 00:46:05,416 [INFO] COUNTRATES (Virtual):
2026-06-16 00:46:05,417 [INFO]   H3: 162.7 kHz (total: 390,375,544)
2026-06-16 00:46:05,418 [INFO]   H4: 76.8 kHz (total: 184,346,665)
2026-06-16 00:46:05,418 [INFO]   H5: 2.0 kHz (total: 4,805,035)
2026-06-16 00:46:05,419 [INFO] ------------------------------------------------------------
2026-06-16 00:46:05,419 [INFO] COINCIDENCES (threshold: 100000)
2026-06-16 00:46:05,420 [INFO] ------------------------------------------------------------
2026-06-16 00:46:05,420 [INFO] Twofold (physical) (Reached Threshold):
2026-06-16 00:46:05,421 [INFO]   (1,2): 916,343 Y
2026-06-16 00:46:05,421 [INFO]   (1,3): 388,443 Y
2026-06-16 00:46:05,422 [INFO]   (1,4): 389,118 Y
2026-06-16 00:46:05,423 [INFO]   (1,5): 10,481 X
2026-06-16 00:46:05,424 [INFO]   (1,6): 10,324 X
2026-06-16 00:46:05,424 [INFO]   (2,3): 503,035 Y
2026-06-16 00:46:05,425 [INFO]   (2,4): 502,784 Y
2026-06-16 00:46:05,426 [INFO]   (2,5): 13,433 X
2026-06-16 00:46:05,427 [INFO]   (2,6): 13,264 X
2026-06-16 00:46:05,427 [INFO]   (3,4): 213,480 Y
2026-06-16 00:46:05,428 [INFO]   (3,5): 5,713 X
2026-06-16 00:46:05,429 [INFO]   (3,6): 5,877 X
2026-06-16 00:46:05,429 [INFO]   (4,5): 5,764 X
2026-06-16 00:46:05,430 [INFO]   (4,6): 5,608 X
2026-06-16 00:46:05,430 [INFO]   (5,6): 157 X
2026-06-16 00:46:05,430 [INFO] ============================================================
2026-06-16 00:46:05,431 [INFO] >>> 9 combination(s) below threshold <<<
2026-06-16 00:46:05,432 [INFO] ============================================================
2026-06-16 00:46:05,514 [INFO] Updated merged data: C:\Users\QUANTUM\OneDrive - ENSTA\!Working files\HBT\HBT Data\Tests_Jun\2026-06-15_20-01-37_g2_heralded_virtual\MERGED\20-01-37_2026-06-15_9.41mW_num0_MERGED.pkl
2026-06-16 00:46:05,554 [INFO] Found 0 connected Time Tagger(s)
2026-06-16 00:46:07,169 [INFO] t:   1 s, Board temperature: 41.0 °C, FPGA temperature: 56.9 °C
2026-06-16 00:46:08,730 [INFO] t:   2 s, Board temperature: 41.0 °C, FPGA temperature: 56.8 °C
2026-06-16 00:46:10,303 [INFO] t:   3 s, Board temperature: 41.1 °C, FPGA temperature: 56.8 °C
2026-06-16 00:46:11,867 [INFO] t:   4 s, Board temperature: 41.1 °C, FPGA temperature: 56.8 °C
2026-06-16 00:46:13,427 [INFO] t:   5 s, Board temperature: 41.2 °C, FPGA temperature: 56.8 °C
2026-06-16 00:46:13,427 [INFO] The Time Tagger is warmed up.
2026-06-16 00:46:13,428 [INFO] Time Tagger initialized.
2026-06-16 00:46:13,429 [INFO] Chunk 5/6 | Elapsed: 50.0 min
2026-06-16 00:46:13,430 [INFO] Initializing experiment on Time Tagger.
2026-06-16 00:46:13,431 [INFO] Deadtime for channel 1: 0 ps
2026-06-16 00:46:13,431 [INFO] Deadtime for channel 2: 0 ps
2026-06-16 00:46:13,432 [INFO] Deadtime for channel 3: 0 ps
2026-06-16 00:46:13,433 [INFO] Deadtime for channel 4: 0 ps
2026-06-16 00:46:13,433 [INFO] Deadtime for channel 5: 0 ps
2026-06-16 00:46:13,434 [INFO] Deadtime for channel 6: 0 ps
2026-06-16 00:46:13,435 [INFO] Delays on channels enabled.
2026-06-16 00:46:13,436 [INFO] Delay for channel 1: requested=0 ps, actual=0 ps
2026-06-16 00:46:13,436 [INFO] Delay for channel 2: requested=-1000 ps, actual=-1000 ps
2026-06-16 00:46:13,437 [INFO] Delay for channel 3: requested=20000 ps, actual=20000 ps
2026-06-16 00:46:13,437 [INFO] Delay for channel 4: requested=16500 ps, actual=16500 ps
2026-06-16 00:46:13,438 [INFO] Delay for channel 5: requested=17800 ps, actual=17800 ps
2026-06-16 00:46:13,439 [INFO] Delay for channel 6: requested=17300 ps, actual=17300 ps
2026-06-16 00:46:13,439 [INFO] Executing synchronized correlation measurement.
2026-06-16 00:46:13,440 [INFO] Delays on channels enabled.
2026-06-16 00:46:13,441 [INFO] Delay for channel 1: requested=0 ps, actual=0 ps.
2026-06-16 00:46:13,441 [INFO] Delay for channel 2: requested=-1000 ps, actual=-1000 ps.
2026-06-16 00:46:13,442 [INFO] Delay for channel 3: requested=20000 ps, actual=20000 ps.
2026-06-16 00:46:13,442 [INFO] Delay for channel 4: requested=16500 ps, actual=16500 ps.
2026-06-16 00:46:13,443 [INFO] Delay for channel 5: requested=17800 ps, actual=17800 ps.
2026-06-16 00:46:13,443 [INFO] Delay for channel 6: requested=17300 ps, actual=17300 ps.
2026-06-16 00:46:13,444 [INFO] Initializing measurement with virtual mode channels for ALL heralding permutations.
2026-06-16 00:46:13,445 [INFO] Automatically generated modes from input: {'H3': [1, 2], 'H4': [3, 4], 'H5': [5, 6]}
2026-06-16 00:46:13,445 [INFO] Setting up virtual channels...
2026-06-16 00:46:13,446 [INFO] Initializing physical channel correlation histograms...
2026-06-16 00:46:13,447 [INFO]   Physical correlation: ch1 <-> ch2
2026-06-16 00:46:13,448 [INFO]   Physical correlation: ch1 <-> ch3
2026-06-16 00:46:13,449 [INFO]   Physical correlation: ch1 <-> ch4
2026-06-16 00:46:13,449 [INFO]   Physical correlation: ch1 <-> ch5
2026-06-16 00:46:13,450 [INFO]   Physical correlation: ch1 <-> ch6
2026-06-16 00:46:13,451 [INFO]   Physical correlation: ch2 <-> ch3
2026-06-16 00:46:13,451 [INFO]   Physical correlation: ch2 <-> ch4
2026-06-16 00:46:13,452 [INFO]   Physical correlation: ch2 <-> ch5
2026-06-16 00:46:13,453 [INFO]   Physical correlation: ch2 <-> ch6
2026-06-16 00:46:13,454 [INFO]   Physical correlation: ch3 <-> ch4
2026-06-16 00:46:13,454 [INFO]   Physical correlation: ch3 <-> ch5
2026-06-16 00:46:13,455 [INFO]   Physical correlation: ch3 <-> ch6
2026-06-16 00:46:13,456 [INFO]   Physical correlation: ch4 <-> ch5
2026-06-16 00:46:13,456 [INFO]   Physical correlation: ch4 <-> ch6
2026-06-16 00:46:13,457 [INFO]   Physical correlation: ch5 <-> ch6
2026-06-16 00:46:13,458 [INFO] Initializing virtual mode correlation histograms...
2026-06-16 00:46:13,459 [INFO]   Within-mode (H3): ch1 <-> ch2
2026-06-16 00:46:13,459 [INFO]   Cross-mode: H3 <-> H4
2026-06-16 00:46:13,460 [INFO]   Cross-mode: H3 <-> H5
2026-06-16 00:46:13,461 [INFO]   Within-mode (H4): ch3 <-> ch4
2026-06-16 00:46:13,461 [INFO]   Cross-mode: H4 <-> H5
2026-06-16 00:46:13,462 [INFO]   Within-mode (H5): ch5 <-> ch6
2026-06-16 00:46:13,464 [INFO] Measurement starting for 10.000min / 0.167h
2026-06-16 00:56:13,746 [INFO] Measurements finished.
2026-06-16 00:56:13,747 [INFO] Collecting measurement data...
2026-06-16 00:56:13,748 [INFO] Collecting physical correlation data for (1,2)
2026-06-16 00:56:13,751 [INFO] Collecting physical correlation data for (1,3)
2026-06-16 00:56:13,753 [INFO] Collecting physical correlation data for (1,4)
2026-06-16 00:56:13,755 [INFO] Collecting physical correlation data for (1,5)
2026-06-16 00:56:13,757 [INFO] Collecting physical correlation data for (1,6)
2026-06-16 00:56:13,759 [INFO] Collecting physical correlation data for (2,3)
2026-06-16 00:56:13,761 [INFO] Collecting physical correlation data for (2,4)
2026-06-16 00:56:13,764 [INFO] Collecting physical correlation data for (2,5)
2026-06-16 00:56:13,766 [INFO] Collecting physical correlation data for (2,6)
2026-06-16 00:56:13,767 [INFO] Collecting physical correlation data for (3,4)
2026-06-16 00:56:13,769 [INFO] Collecting physical correlation data for (3,5)
2026-06-16 00:56:13,772 [INFO] Collecting physical correlation data for (3,6)
2026-06-16 00:56:13,774 [INFO] Collecting physical correlation data for (4,5)
2026-06-16 00:56:13,776 [INFO] Collecting physical correlation data for (4,6)
2026-06-16 00:56:13,778 [INFO] Collecting physical correlation data for (5,6)
2026-06-16 00:56:13,780 [INFO] Collecting virtual correlation data for (H3,H3)
2026-06-16 00:56:13,782 [INFO] Collecting virtual correlation data for (H3,H4)
2026-06-16 00:56:13,784 [INFO] Collecting virtual correlation data for (H3,H5)
2026-06-16 00:56:13,786 [INFO] Collecting virtual correlation data for (H4,H4)
2026-06-16 00:56:13,788 [INFO] Collecting virtual correlation data for (H4,H5)
2026-06-16 00:56:13,790 [INFO] Collecting virtual correlation data for (H5,H5)
2026-06-16 00:56:13,810 [INFO] Starting writing data to file.
2026-06-16 00:56:13,891 [INFO] Saved data.
2026-06-16 00:56:14,023 [INFO] Merging 1 chunks into running total...
2026-06-16 00:56:14,185 [INFO] ============================================================
2026-06-16 00:56:14,186 [INFO] STATUS REPORT | Duration: 50.00 min (0.833 h)
2026-06-16 00:56:14,187 [INFO] ============================================================
2026-06-16 00:56:14,188 [INFO] COUNTRATES (Physical):
2026-06-16 00:56:14,189 [INFO]   Ch 1: 70.2 kHz (total: 210,556,592)
2026-06-16 00:56:14,190 [INFO]   Ch 2: 92.3 kHz (total: 277,028,092)
2026-06-16 00:56:14,190 [INFO]   Ch 3: 38.3 kHz (total: 114,863,697)
2026-06-16 00:56:14,191 [INFO]   Ch 4: 38.5 kHz (total: 115,367,760)
2026-06-16 00:56:14,192 [INFO]   Ch 5: 1.0 kHz (total: 3,030,049)
2026-06-16 00:56:14,192 [INFO]   Ch 6: 1.0 kHz (total: 2,970,201)
2026-06-16 00:56:14,192 [INFO] COUNTRATES (Virtual):
2026-06-16 00:56:14,193 [INFO]   H3: 162.5 kHz (total: 487,584,684)
2026-06-16 00:56:14,193 [INFO]   H4: 76.7 kHz (total: 230,231,457)
2026-06-16 00:56:14,194 [INFO]   H5: 2.0 kHz (total: 6,000,250)
2026-06-16 00:56:14,195 [INFO] ------------------------------------------------------------
2026-06-16 00:56:14,195 [INFO] COINCIDENCES (threshold: 100000)
2026-06-16 00:56:14,196 [INFO] ------------------------------------------------------------
2026-06-16 00:56:14,197 [INFO] Twofold (physical) (Reached Threshold):
2026-06-16 00:56:14,197 [INFO]   (1,2): 1,143,235 Y
2026-06-16 00:56:14,198 [INFO]   (1,3): 484,976 Y
2026-06-16 00:56:14,199 [INFO]   (1,4): 485,220 Y
2026-06-16 00:56:14,199 [INFO]   (1,5): 13,084 X
2026-06-16 00:56:14,200 [INFO]   (1,6): 12,806 X
2026-06-16 00:56:14,200 [INFO]   (2,3): 627,763 Y
2026-06-16 00:56:14,201 [INFO]   (2,4): 627,918 Y
2026-06-16 00:56:14,201 [INFO]   (2,5): 16,653 X
2026-06-16 00:56:14,202 [INFO]   (2,6): 16,516 X
2026-06-16 00:56:14,202 [INFO]   (3,4): 266,207 Y
2026-06-16 00:56:14,203 [INFO]   (3,5): 7,107 X
2026-06-16 00:56:14,204 [INFO]   (3,6): 7,318 X
2026-06-16 00:56:14,204 [INFO]   (4,5): 7,164 X
2026-06-16 00:56:14,205 [INFO]   (4,6): 7,022 X
2026-06-16 00:56:14,205 [INFO]   (5,6): 198 X
2026-06-16 00:56:14,206 [INFO] ============================================================
2026-06-16 00:56:14,207 [INFO] >>> 9 combination(s) below threshold <<<
2026-06-16 00:56:14,207 [INFO] ============================================================
2026-06-16 00:56:14,288 [INFO] Updated merged data: C:\Users\QUANTUM\OneDrive - ENSTA\!Working files\HBT\HBT Data\Tests_Jun\2026-06-15_20-01-37_g2_heralded_virtual\MERGED\20-01-37_2026-06-15_9.41mW_num0_MERGED.pkl
2026-06-16 00:56:14,327 [INFO] Found 0 connected Time Tagger(s)
2026-06-16 00:56:15,925 [INFO] t:   1 s, Board temperature: 40.9 °C, FPGA temperature: 56.8 °C
2026-06-16 00:56:17,490 [INFO] t:   2 s, Board temperature: 40.9 °C, FPGA temperature: 56.8 °C
2026-06-16 00:56:19,058 [INFO] t:   3 s, Board temperature: 40.8 °C, FPGA temperature: 56.8 °C
2026-06-16 00:56:20,613 [INFO] t:   4 s, Board temperature: 40.9 °C, FPGA temperature: 56.8 °C
2026-06-16 00:56:22,175 [INFO] t:   5 s, Board temperature: 40.9 °C, FPGA temperature: 56.8 °C
2026-06-16 00:56:22,175 [INFO] The Time Tagger is warmed up.
2026-06-16 00:56:22,176 [INFO] Time Tagger initialized.
2026-06-16 00:56:22,177 [INFO] Chunk 6/6 | Elapsed: 60.0 min
2026-06-16 00:56:22,178 [INFO] Initializing experiment on Time Tagger.
2026-06-16 00:56:22,179 [INFO] Deadtime for channel 1: 0 ps
2026-06-16 00:56:22,179 [INFO] Deadtime for channel 2: 0 ps
2026-06-16 00:56:22,180 [INFO] Deadtime for channel 3: 0 ps
2026-06-16 00:56:22,181 [INFO] Deadtime for channel 4: 0 ps
2026-06-16 00:56:22,181 [INFO] Deadtime for channel 5: 0 ps
2026-06-16 00:56:22,182 [INFO] Deadtime for channel 6: 0 ps
2026-06-16 00:56:22,183 [INFO] Delays on channels enabled.
2026-06-16 00:56:22,183 [INFO] Delay for channel 1: requested=0 ps, actual=0 ps
2026-06-16 00:56:22,184 [INFO] Delay for channel 2: requested=-1000 ps, actual=-1000 ps
2026-06-16 00:56:22,184 [INFO] Delay for channel 3: requested=20000 ps, actual=20000 ps
2026-06-16 00:56:22,185 [INFO] Delay for channel 4: requested=16500 ps, actual=16500 ps
2026-06-16 00:56:22,186 [INFO] Delay for channel 5: requested=17800 ps, actual=17800 ps
2026-06-16 00:56:22,186 [INFO] Delay for channel 6: requested=17300 ps, actual=17300 ps
2026-06-16 00:56:22,187 [INFO] Executing synchronized correlation measurement.
2026-06-16 00:56:22,187 [INFO] Delays on channels enabled.
2026-06-16 00:56:22,188 [INFO] Delay for channel 1: requested=0 ps, actual=0 ps.
2026-06-16 00:56:22,189 [INFO] Delay for channel 2: requested=-1000 ps, actual=-1000 ps.
2026-06-16 00:56:22,189 [INFO] Delay for channel 3: requested=20000 ps, actual=20000 ps.
2026-06-16 00:56:22,190 [INFO] Delay for channel 4: requested=16500 ps, actual=16500 ps.
2026-06-16 00:56:22,190 [INFO] Delay for channel 5: requested=17800 ps, actual=17800 ps.
2026-06-16 00:56:22,191 [INFO] Delay for channel 6: requested=17300 ps, actual=17300 ps.
2026-06-16 00:56:22,192 [INFO] Initializing measurement with virtual mode channels for ALL heralding permutations.
2026-06-16 00:56:22,192 [INFO] Automatically generated modes from input: {'H3': [1, 2], 'H4': [3, 4], 'H5': [5, 6]}
2026-06-16 00:56:22,193 [INFO] Setting up virtual channels...
2026-06-16 00:56:22,194 [INFO] Initializing physical channel correlation histograms...
2026-06-16 00:56:22,194 [INFO]   Physical correlation: ch1 <-> ch2
2026-06-16 00:56:22,195 [INFO]   Physical correlation: ch1 <-> ch3
2026-06-16 00:56:22,196 [INFO]   Physical correlation: ch1 <-> ch4
2026-06-16 00:56:22,197 [INFO]   Physical correlation: ch1 <-> ch5
2026-06-16 00:56:22,197 [INFO]   Physical correlation: ch1 <-> ch6
2026-06-16 00:56:22,198 [INFO]   Physical correlation: ch2 <-> ch3
2026-06-16 00:56:22,199 [INFO]   Physical correlation: ch2 <-> ch4
2026-06-16 00:56:22,199 [INFO]   Physical correlation: ch2 <-> ch5
2026-06-16 00:56:22,200 [INFO]   Physical correlation: ch2 <-> ch6
2026-06-16 00:56:22,201 [INFO]   Physical correlation: ch3 <-> ch4
2026-06-16 00:56:22,201 [INFO]   Physical correlation: ch3 <-> ch5
2026-06-16 00:56:22,202 [INFO]   Physical correlation: ch3 <-> ch6
2026-06-16 00:56:22,203 [INFO]   Physical correlation: ch4 <-> ch5
2026-06-16 00:56:22,203 [INFO]   Physical correlation: ch4 <-> ch6
2026-06-16 00:56:22,204 [INFO]   Physical correlation: ch5 <-> ch6
2026-06-16 00:56:22,205 [INFO] Initializing virtual mode correlation histograms...
2026-06-16 00:56:22,205 [INFO]   Within-mode (H3): ch1 <-> ch2
2026-06-16 00:56:22,206 [INFO]   Cross-mode: H3 <-> H4
2026-06-16 00:56:22,207 [INFO]   Cross-mode: H3 <-> H5
2026-06-16 00:56:22,207 [INFO]   Within-mode (H4): ch3 <-> ch4
2026-06-16 00:56:22,208 [INFO]   Cross-mode: H4 <-> H5
2026-06-16 00:56:22,209 [INFO]   Within-mode (H5): ch5 <-> ch6
2026-06-16 00:56:22,211 [INFO] Measurement starting for 10.000min / 0.167h
2026-06-16 01:06:22,496 [INFO] Measurements finished.
2026-06-16 01:06:22,497 [INFO] Collecting measurement data...
2026-06-16 01:06:22,498 [INFO] Collecting physical correlation data for (1,2)
2026-06-16 01:06:22,501 [INFO] Collecting physical correlation data for (1,3)
2026-06-16 01:06:22,504 [INFO] Collecting physical correlation data for (1,4)
2026-06-16 01:06:22,507 [INFO] Collecting physical correlation data for (1,5)
2026-06-16 01:06:22,510 [INFO] Collecting physical correlation data for (1,6)
2026-06-16 01:06:22,513 [INFO] Collecting physical correlation data for (2,3)
2026-06-16 01:06:22,516 [INFO] Collecting physical correlation data for (2,4)
2026-06-16 01:06:22,519 [INFO] Collecting physical correlation data for (2,5)
2026-06-16 01:06:22,523 [INFO] Collecting physical correlation data for (2,6)
2026-06-16 01:06:22,526 [INFO] Collecting physical correlation data for (3,4)
2026-06-16 01:06:22,529 [INFO] Collecting physical correlation data for (3,5)
2026-06-16 01:06:22,532 [INFO] Collecting physical correlation data for (3,6)
2026-06-16 01:06:22,535 [INFO] Collecting physical correlation data for (4,5)
2026-06-16 01:06:22,538 [INFO] Collecting physical correlation data for (4,6)
2026-06-16 01:06:22,542 [INFO] Collecting physical correlation data for (5,6)
2026-06-16 01:06:22,545 [INFO] Collecting virtual correlation data for (H3,H3)
2026-06-16 01:06:22,548 [INFO] Collecting virtual correlation data for (H3,H4)
2026-06-16 01:06:22,551 [INFO] Collecting virtual correlation data for (H3,H5)
2026-06-16 01:06:22,554 [INFO] Collecting virtual correlation data for (H4,H4)
2026-06-16 01:06:22,557 [INFO] Collecting virtual correlation data for (H4,H5)
2026-06-16 01:06:22,560 [INFO] Collecting virtual correlation data for (H5,H5)
2026-06-16 01:06:22,585 [INFO] Starting writing data to file.
2026-06-16 01:06:22,666 [INFO] Saved data.
2026-06-16 01:06:22,793 [INFO] Merging 1 chunks into running total...
2026-06-16 01:06:22,956 [INFO] ============================================================
2026-06-16 01:06:22,957 [INFO] STATUS REPORT | Duration: 60.00 min (1.000 h)
2026-06-16 01:06:22,958 [INFO] ============================================================
2026-06-16 01:06:22,959 [INFO] COUNTRATES (Physical):
2026-06-16 01:06:22,959 [INFO]   Ch 1: 70.2 kHz (total: 252,635,824)
2026-06-16 01:06:22,960 [INFO]   Ch 2: 92.3 kHz (total: 332,381,740)
2026-06-16 01:06:22,960 [INFO]   Ch 3: 38.3 kHz (total: 137,810,651)
2026-06-16 01:06:22,961 [INFO]   Ch 4: 38.5 kHz (total: 138,425,582)
2026-06-16 01:06:22,962 [INFO]   Ch 5: 1.0 kHz (total: 3,636,364)
2026-06-16 01:06:22,962 [INFO]   Ch 6: 1.0 kHz (total: 3,562,797)
2026-06-16 01:06:22,963 [INFO] COUNTRATES (Virtual):
2026-06-16 01:06:22,964 [INFO]   H3: 162.5 kHz (total: 585,017,564)
2026-06-16 01:06:22,964 [INFO]   H4: 76.7 kHz (total: 276,236,233)
2026-06-16 01:06:22,965 [INFO]   H5: 2.0 kHz (total: 7,199,161)
2026-06-16 01:06:22,966 [INFO] ------------------------------------------------------------
2026-06-16 01:06:22,966 [INFO] COINCIDENCES (threshold: 100000)
2026-06-16 01:06:22,967 [INFO] ------------------------------------------------------------
2026-06-16 01:06:22,968 [INFO] Twofold (physical) (Reached Threshold):
2026-06-16 01:06:22,968 [INFO]   (1,2): 1,371,846 Y
2026-06-16 01:06:22,969 [INFO]   (1,3): 582,427 Y
2026-06-16 01:06:22,970 [INFO]   (1,4): 582,704 Y
2026-06-16 01:06:22,970 [INFO]   (1,5): 15,734 X
2026-06-16 01:06:22,971 [INFO]   (1,6): 15,228 X
2026-06-16 01:06:22,971 [INFO]   (2,3): 753,749 Y
2026-06-16 01:06:22,972 [INFO]   (2,4): 753,967 Y
2026-06-16 01:06:22,973 [INFO]   (2,5): 20,058 X
2026-06-16 01:06:22,973 [INFO]   (2,6): 19,836 X
2026-06-16 01:06:22,974 [INFO]   (3,4): 319,234 Y
2026-06-16 01:06:22,974 [INFO]   (3,5): 8,573 X
2026-06-16 01:06:22,975 [INFO]   (3,6): 8,660 X
2026-06-16 01:06:22,975 [INFO]   (4,5): 8,558 X
2026-06-16 01:06:22,976 [INFO]   (4,6): 8,405 X
2026-06-16 01:06:22,977 [INFO]   (5,6): 230 X
2026-06-16 01:06:22,977 [INFO] ============================================================
2026-06-16 01:06:22,978 [INFO] >>> 9 combination(s) below threshold <<<
2026-06-16 01:06:22,978 [INFO] ============================================================
2026-06-16 01:06:23,060 [INFO] Updated merged data: C:\Users\QUANTUM\OneDrive - ENSTA\!Working files\HBT\HBT Data\Tests_Jun\2026-06-15_20-01-37_g2_heralded_virtual\MERGED\20-01-37_2026-06-15_9.41mW_num0_MERGED.pkl
2026-06-16 01:06:23,140 [INFO] Final merged data saved to: C:\Users\QUANTUM\OneDrive - ENSTA\!Working files\HBT\HBT Data\Tests_Jun\2026-06-15_20-01-37_g2_heralded_virtual\MERGED\20-01-37_2026-06-15_9.41mW_num0_MERGED.pkl
2026-06-16 01:06:23,141 [INFO] Total merged duration: 60.00 min
2026-06-16 01:06:23,142 [INFO] Measurement completed in 60.89 min
2026-06-16 01:06:23,989 [INFO] Stage Position: 35.0
2026-06-16 01:06:23,990 [INFO] Starting chunked acquisition (max 6 chunks / 60.0 min)
2026-06-16 01:06:23,992 [INFO] Chunk duration: 10 min
2026-06-16 01:06:23,993 [INFO] Threshold: 100000 counts, checking every 1 chunks
2026-06-16 01:06:24,065 [INFO] Found 0 connected Time Tagger(s)
2026-06-16 01:06:25,685 [INFO] t:   1 s, Board temperature: 40.9 °C, FPGA temperature: 56.9 °C
2026-06-16 01:06:27,247 [INFO] t:   2 s, Board temperature: 40.9 °C, FPGA temperature: 56.9 °C
2026-06-16 01:06:28,824 [INFO] t:   3 s, Board temperature: 41.1 °C, FPGA temperature: 56.8 °C
2026-06-16 01:06:30,406 [INFO] t:   4 s, Board temperature: 41.0 °C, FPGA temperature: 56.8 °C
2026-06-16 01:06:31,988 [INFO] t:   5 s, Board temperature: 41.0 °C, FPGA temperature: 56.8 °C
2026-06-16 01:06:31,988 [INFO] The Time Tagger is warmed up.
2026-06-16 01:06:31,989 [INFO] Time Tagger initialized.
2026-06-16 01:06:31,990 [INFO] Chunk 1/6 | Elapsed: 10.0 min
2026-06-16 01:06:31,991 [INFO] Initializing experiment on Time Tagger.
2026-06-16 01:06:31,991 [INFO] Deadtime for channel 1: 0 ps
2026-06-16 01:06:31,992 [INFO] Deadtime for channel 2: 0 ps
2026-06-16 01:06:31,993 [INFO] Deadtime for channel 3: 0 ps
2026-06-16 01:06:31,993 [INFO] Deadtime for channel 4: 0 ps
2026-06-16 01:06:31,994 [INFO] Deadtime for channel 5: 0 ps
2026-06-16 01:06:31,995 [INFO] Deadtime for channel 6: 0 ps
2026-06-16 01:06:31,995 [INFO] Delays on channels enabled.
2026-06-16 01:06:31,996 [INFO] Delay for channel 1: requested=0 ps, actual=0 ps
2026-06-16 01:06:31,996 [INFO] Delay for channel 2: requested=-1000 ps, actual=-1000 ps
2026-06-16 01:06:31,997 [INFO] Delay for channel 3: requested=20000 ps, actual=20000 ps
2026-06-16 01:06:31,998 [INFO] Delay for channel 4: requested=16500 ps, actual=16500 ps
2026-06-16 01:06:31,999 [INFO] Delay for channel 5: requested=17800 ps, actual=17800 ps
2026-06-16 01:06:31,999 [INFO] Delay for channel 6: requested=17300 ps, actual=17300 ps
2026-06-16 01:06:32,000 [INFO] Executing synchronized correlation measurement.
2026-06-16 01:06:32,001 [INFO] Delays on channels enabled.
2026-06-16 01:06:32,001 [INFO] Delay for channel 1: requested=0 ps, actual=0 ps.
2026-06-16 01:06:32,002 [INFO] Delay for channel 2: requested=-1000 ps, actual=-1000 ps.
2026-06-16 01:06:32,002 [INFO] Delay for channel 3: requested=20000 ps, actual=20000 ps.
2026-06-16 01:06:32,003 [INFO] Delay for channel 4: requested=16500 ps, actual=16500 ps.
2026-06-16 01:06:32,004 [INFO] Delay for channel 5: requested=17800 ps, actual=17800 ps.
2026-06-16 01:06:32,004 [INFO] Delay for channel 6: requested=17300 ps, actual=17300 ps.
2026-06-16 01:06:32,005 [INFO] Initializing measurement with virtual mode channels for ALL heralding permutations.
2026-06-16 01:06:32,005 [INFO] Automatically generated modes from input: {'H3': [1, 2], 'H4': [3, 4], 'H5': [5, 6]}
2026-06-16 01:06:32,006 [INFO] Setting up virtual channels...
2026-06-16 01:06:32,007 [INFO] Initializing physical channel correlation histograms...
2026-06-16 01:06:32,008 [INFO]   Physical correlation: ch1 <-> ch2
2026-06-16 01:06:32,008 [INFO]   Physical correlation: ch1 <-> ch3
2026-06-16 01:06:32,009 [INFO]   Physical correlation: ch1 <-> ch4
2026-06-16 01:06:32,010 [INFO]   Physical correlation: ch1 <-> ch5
2026-06-16 01:06:32,011 [INFO]   Physical correlation: ch1 <-> ch6
2026-06-16 01:06:32,012 [INFO]   Physical correlation: ch2 <-> ch3
2026-06-16 01:06:32,012 [INFO]   Physical correlation: ch2 <-> ch4
2026-06-16 01:06:32,013 [INFO]   Physical correlation: ch2 <-> ch5
2026-06-16 01:06:32,014 [INFO]   Physical correlation: ch2 <-> ch6
2026-06-16 01:06:32,014 [INFO]   Physical correlation: ch3 <-> ch4
2026-06-16 01:06:32,015 [INFO]   Physical correlation: ch3 <-> ch5
2026-06-16 01:06:32,016 [INFO]   Physical correlation: ch3 <-> ch6
2026-06-16 01:06:32,016 [INFO]   Physical correlation: ch4 <-> ch5
2026-06-16 01:06:32,017 [INFO]   Physical correlation: ch4 <-> ch6
2026-06-16 01:06:32,018 [INFO]   Physical correlation: ch5 <-> ch6
2026-06-16 01:06:32,018 [INFO] Initializing virtual mode correlation histograms...
2026-06-16 01:06:32,019 [INFO]   Within-mode (H3): ch1 <-> ch2
2026-06-16 01:06:32,020 [INFO]   Cross-mode: H3 <-> H4
2026-06-16 01:06:32,020 [INFO]   Cross-mode: H3 <-> H5
2026-06-16 01:06:32,021 [INFO]   Within-mode (H4): ch3 <-> ch4
2026-06-16 01:06:32,022 [INFO]   Cross-mode: H4 <-> H5
2026-06-16 01:06:32,022 [INFO]   Within-mode (H5): ch5 <-> ch6
2026-06-16 01:06:32,024 [INFO] Measurement starting for 10.000min / 0.167h
2026-06-16 01:16:32,314 [INFO] Measurements finished.
2026-06-16 01:16:32,316 [INFO] Collecting measurement data...
2026-06-16 01:16:32,317 [INFO] Collecting physical correlation data for (1,2)
2026-06-16 01:16:32,321 [INFO] Collecting physical correlation data for (1,3)
2026-06-16 01:16:32,326 [INFO] Collecting physical correlation data for (1,4)
2026-06-16 01:16:32,329 [INFO] Collecting physical correlation data for (1,5)
2026-06-16 01:16:32,331 [INFO] Collecting physical correlation data for (1,6)
2026-06-16 01:16:32,333 [INFO] Collecting physical correlation data for (2,3)
2026-06-16 01:16:32,335 [INFO] Collecting physical correlation data for (2,4)
2026-06-16 01:16:32,337 [INFO] Collecting physical correlation data for (2,5)
2026-06-16 01:16:32,339 [INFO] Collecting physical correlation data for (2,6)
2026-06-16 01:16:32,341 [INFO] Collecting physical correlation data for (3,4)
2026-06-16 01:16:32,343 [INFO] Collecting physical correlation data for (3,5)
2026-06-16 01:16:32,345 [INFO] Collecting physical correlation data for (3,6)
2026-06-16 01:16:32,347 [INFO] Collecting physical correlation data for (4,5)
2026-06-16 01:16:32,349 [INFO] Collecting physical correlation data for (4,6)
2026-06-16 01:16:32,351 [INFO] Collecting physical correlation data for (5,6)
2026-06-16 01:16:32,352 [INFO] Collecting virtual correlation data for (H3,H3)
2026-06-16 01:16:32,354 [INFO] Collecting virtual correlation data for (H3,H4)
2026-06-16 01:16:32,355 [INFO] Collecting virtual correlation data for (H3,H5)
2026-06-16 01:16:32,358 [INFO] Collecting virtual correlation data for (H4,H4)
2026-06-16 01:16:32,358 [INFO] Collecting virtual correlation data for (H4,H5)
2026-06-16 01:16:32,361 [INFO] Collecting virtual correlation data for (H5,H5)
2026-06-16 01:16:32,380 [INFO] Starting writing data to file.
2026-06-16 01:16:32,468 [INFO] Saved data.
2026-06-16 01:16:32,585 [INFO] Merging 1 chunks into running total...
2026-06-16 01:16:32,586 [INFO] ============================================================
2026-06-16 01:16:32,587 [INFO] STATUS REPORT | Duration: 10.00 min (0.167 h)
2026-06-16 01:16:32,588 [INFO] ============================================================
2026-06-16 01:16:32,588 [INFO] COUNTRATES (Physical):
2026-06-16 01:16:32,589 [INFO]   Ch 1: 37.3 kHz (total: 22,367,298)
2026-06-16 01:16:32,590 [INFO]   Ch 2: 50.1 kHz (total: 30,055,571)
2026-06-16 01:16:32,591 [INFO]   Ch 3: 17.1 kHz (total: 10,252,086)
2026-06-16 01:16:32,592 [INFO]   Ch 4: 17.4 kHz (total: 10,444,382)
2026-06-16 01:16:32,593 [INFO]   Ch 5: 0.4 kHz (total: 223,891)
2026-06-16 01:16:32,593 [INFO]   Ch 6: 0.4 kHz (total: 213,727)
2026-06-16 01:16:32,594 [INFO] COUNTRATES (Virtual):
2026-06-16 01:16:32,595 [INFO]   H3: 87.4 kHz (total: 52,422,869)
2026-06-16 01:16:32,596 [INFO]   H4: 34.5 kHz (total: 20,696,468)
2026-06-16 01:16:32,597 [INFO]   H5: 0.7 kHz (total: 437,618)
2026-06-16 01:16:32,598 [INFO] ------------------------------------------------------------
2026-06-16 01:16:32,598 [INFO] COINCIDENCES (threshold: 100000)
2026-06-16 01:16:32,600 [INFO] ------------------------------------------------------------
2026-06-16 01:16:32,600 [INFO] Twofold (physical) (Reached Threshold):
2026-06-16 01:16:32,601 [INFO]   (1,2): 65,914 X
2026-06-16 01:16:32,602 [INFO]   (1,3): 22,719 X
2026-06-16 01:16:32,603 [INFO]   (1,4): 23,110 X
2026-06-16 01:16:32,604 [INFO]   (1,5): 465 X
2026-06-16 01:16:32,605 [INFO]   (1,6): 487 X
2026-06-16 01:16:32,606 [INFO]   (2,3): 30,146 X
2026-06-16 01:16:32,607 [INFO]   (2,4): 30,389 X
2026-06-16 01:16:32,607 [INFO]   (2,5): 693 X
2026-06-16 01:16:32,608 [INFO]   (2,6): 670 X
2026-06-16 01:16:32,609 [INFO]   (3,4): 10,519 X
2026-06-16 01:16:32,610 [INFO]   (3,5): 240 X
2026-06-16 01:16:32,610 [INFO]   (3,6): 211 X
2026-06-16 01:16:32,611 [INFO]   (4,5): 223 X
2026-06-16 01:16:32,612 [INFO]   (4,6): 217 X
2026-06-16 01:16:32,612 [INFO]   (5,6): 4 X
2026-06-16 01:16:32,613 [INFO] ============================================================
2026-06-16 01:16:32,613 [INFO] >>> 15 combination(s) below threshold <<<
2026-06-16 01:16:32,615 [INFO] ============================================================
2026-06-16 01:16:32,696 [INFO] Updated merged data: C:\Users\QUANTUM\OneDrive - ENSTA\!Working files\HBT\HBT Data\Tests_Jun\2026-06-15_20-01-37_g2_heralded_virtual\MERGED\20-01-37_2026-06-15_7.61mW_num0_MERGED.pkl
2026-06-16 01:16:32,734 [INFO] Found 0 connected Time Tagger(s)
2026-06-16 01:16:34,363 [INFO] t:   1 s, Board temperature: 40.9 °C, FPGA temperature: 57.0 °C
2026-06-16 01:16:35,933 [INFO] t:   2 s, Board temperature: 40.9 °C, FPGA temperature: 57.0 °C
2026-06-16 01:16:37,491 [INFO] t:   3 s, Board temperature: 40.9 °C, FPGA temperature: 56.9 °C
2026-06-16 01:16:39,043 [INFO] t:   4 s, Board temperature: 41.0 °C, FPGA temperature: 56.9 °C
2026-06-16 01:16:40,590 [INFO] t:   5 s, Board temperature: 41.0 °C, FPGA temperature: 56.8 °C
2026-06-16 01:16:40,591 [INFO] The Time Tagger is warmed up.
2026-06-16 01:16:40,592 [INFO] Time Tagger initialized.
2026-06-16 01:16:40,593 [INFO] Chunk 2/6 | Elapsed: 20.0 min
2026-06-16 01:16:40,594 [INFO] Initializing experiment on Time Tagger.
2026-06-16 01:16:40,594 [INFO] Deadtime for channel 1: 0 ps
2026-06-16 01:16:40,595 [INFO] Deadtime for channel 2: 0 ps
2026-06-16 01:16:40,595 [INFO] Deadtime for channel 3: 0 ps
2026-06-16 01:16:40,596 [INFO] Deadtime for channel 4: 0 ps
2026-06-16 01:16:40,597 [INFO] Deadtime for channel 5: 0 ps
2026-06-16 01:16:40,598 [INFO] Deadtime for channel 6: 0 ps
2026-06-16 01:16:40,598 [INFO] Delays on channels enabled.
2026-06-16 01:16:40,599 [INFO] Delay for channel 1: requested=0 ps, actual=0 ps
2026-06-16 01:16:40,600 [INFO] Delay for channel 2: requested=-1000 ps, actual=-1000 ps
2026-06-16 01:16:40,600 [INFO] Delay for channel 3: requested=20000 ps, actual=20000 ps
2026-06-16 01:16:40,601 [INFO] Delay for channel 4: requested=16500 ps, actual=16500 ps
2026-06-16 01:16:40,602 [INFO] Delay for channel 5: requested=17800 ps, actual=17800 ps
2026-06-16 01:16:40,602 [INFO] Delay for channel 6: requested=17300 ps, actual=17300 ps
2026-06-16 01:16:40,603 [INFO] Executing synchronized correlation measurement.
2026-06-16 01:16:40,603 [INFO] Delays on channels enabled.
2026-06-16 01:16:40,604 [INFO] Delay for channel 1: requested=0 ps, actual=0 ps.
2026-06-16 01:16:40,605 [INFO] Delay for channel 2: requested=-1000 ps, actual=-1000 ps.
2026-06-16 01:16:40,605 [INFO] Delay for channel 3: requested=20000 ps, actual=20000 ps.
2026-06-16 01:16:40,606 [INFO] Delay for channel 4: requested=16500 ps, actual=16500 ps.
2026-06-16 01:16:40,607 [INFO] Delay for channel 5: requested=17800 ps, actual=17800 ps.
2026-06-16 01:16:40,607 [INFO] Delay for channel 6: requested=17300 ps, actual=17300 ps.
2026-06-16 01:16:40,608 [INFO] Initializing measurement with virtual mode channels for ALL heralding permutations.
2026-06-16 01:16:40,609 [INFO] Automatically generated modes from input: {'H3': [1, 2], 'H4': [3, 4], 'H5': [5, 6]}
2026-06-16 01:16:40,609 [INFO] Setting up virtual channels...
2026-06-16 01:16:40,610 [INFO] Initializing physical channel correlation histograms...
2026-06-16 01:16:40,611 [INFO]   Physical correlation: ch1 <-> ch2
2026-06-16 01:16:40,612 [INFO]   Physical correlation: ch1 <-> ch3
2026-06-16 01:16:40,612 [INFO]   Physical correlation: ch1 <-> ch4
2026-06-16 01:16:40,613 [INFO]   Physical correlation: ch1 <-> ch5
2026-06-16 01:16:40,614 [INFO]   Physical correlation: ch1 <-> ch6
2026-06-16 01:16:40,614 [INFO]   Physical correlation: ch2 <-> ch3
2026-06-16 01:16:40,615 [INFO]   Physical correlation: ch2 <-> ch4
2026-06-16 01:16:40,616 [INFO]   Physical correlation: ch2 <-> ch5
2026-06-16 01:16:40,616 [INFO]   Physical correlation: ch2 <-> ch6
2026-06-16 01:16:40,617 [INFO]   Physical correlation: ch3 <-> ch4
2026-06-16 01:16:40,618 [INFO]   Physical correlation: ch3 <-> ch5
2026-06-16 01:16:40,618 [INFO]   Physical correlation: ch3 <-> ch6
2026-06-16 01:16:40,619 [INFO]   Physical correlation: ch4 <-> ch5
2026-06-16 01:16:40,620 [INFO]   Physical correlation: ch4 <-> ch6
2026-06-16 01:16:40,620 [INFO]   Physical correlation: ch5 <-> ch6
2026-06-16 01:16:40,621 [INFO] Initializing virtual mode correlation histograms...
2026-06-16 01:16:40,622 [INFO]   Within-mode (H3): ch1 <-> ch2
2026-06-16 01:16:40,623 [INFO]   Cross-mode: H3 <-> H4
2026-06-16 01:16:40,623 [INFO]   Cross-mode: H3 <-> H5
2026-06-16 01:16:40,624 [INFO]   Within-mode (H4): ch3 <-> ch4
2026-06-16 01:16:40,625 [INFO]   Cross-mode: H4 <-> H5
2026-06-16 01:16:40,625 [INFO]   Within-mode (H5): ch5 <-> ch6
2026-06-16 01:16:40,627 [INFO] Measurement starting for 10.000min / 0.167h
2026-06-16 01:26:40,925 [INFO] Measurements finished.
2026-06-16 01:26:40,926 [INFO] Collecting measurement data...
2026-06-16 01:26:40,928 [INFO] Collecting physical correlation data for (1,2)
2026-06-16 01:26:40,933 [INFO] Collecting physical correlation data for (1,3)
2026-06-16 01:26:40,938 [INFO] Collecting physical correlation data for (1,4)
2026-06-16 01:26:40,943 [INFO] Collecting physical correlation data for (1,5)
2026-06-16 01:26:40,948 [INFO] Collecting physical correlation data for (1,6)
2026-06-16 01:26:40,952 [INFO] Collecting physical correlation data for (2,3)
2026-06-16 01:26:40,956 [INFO] Collecting physical correlation data for (2,4)
2026-06-16 01:26:40,961 [INFO] Collecting physical correlation data for (2,5)
2026-06-16 01:26:40,965 [INFO] Collecting physical correlation data for (2,6)
2026-06-16 01:26:40,969 [INFO] Collecting physical correlation data for (3,4)
2026-06-16 01:26:40,972 [INFO] Collecting physical correlation data for (3,5)
2026-06-16 01:26:40,976 [INFO] Collecting physical correlation data for (3,6)
2026-06-16 01:26:40,978 [INFO] Collecting physical correlation data for (4,5)
2026-06-16 01:26:40,981 [INFO] Collecting physical correlation data for (4,6)
2026-06-16 01:26:40,983 [INFO] Collecting physical correlation data for (5,6)
2026-06-16 01:26:40,986 [INFO] Collecting virtual correlation data for (H3,H3)
2026-06-16 01:26:40,988 [INFO] Collecting virtual correlation data for (H3,H4)
2026-06-16 01:26:40,990 [INFO] Collecting virtual correlation data for (H3,H5)
2026-06-16 01:26:40,992 [INFO] Collecting virtual correlation data for (H4,H4)
2026-06-16 01:26:40,994 [INFO] Collecting virtual correlation data for (H4,H5)
2026-06-16 01:26:40,996 [INFO] Collecting virtual correlation data for (H5,H5)
2026-06-16 01:26:41,015 [INFO] Starting writing data to file.
2026-06-16 01:26:41,096 [INFO] Saved data.
2026-06-16 01:26:41,198 [INFO] Merging 1 chunks into running total...
2026-06-16 01:26:41,357 [INFO] ============================================================
2026-06-16 01:26:41,358 [INFO] STATUS REPORT | Duration: 20.00 min (0.333 h)
2026-06-16 01:26:41,359 [INFO] ============================================================
2026-06-16 01:26:41,360 [INFO] COUNTRATES (Physical):
2026-06-16 01:26:41,360 [INFO]   Ch 1: 37.4 kHz (total: 44,865,392)
2026-06-16 01:26:41,361 [INFO]   Ch 2: 50.2 kHz (total: 60,248,682)
2026-06-16 01:26:41,361 [INFO]   Ch 3: 17.1 kHz (total: 20,573,975)
2026-06-16 01:26:41,362 [INFO]   Ch 4: 17.5 kHz (total: 20,962,695)
2026-06-16 01:26:41,362 [INFO]   Ch 5: 0.4 kHz (total: 449,529)
2026-06-16 01:26:41,363 [INFO]   Ch 6: 0.4 kHz (total: 429,950)
2026-06-16 01:26:41,364 [INFO] COUNTRATES (Virtual):
2026-06-16 01:26:41,364 [INFO]   H3: 87.6 kHz (total: 105,114,074)
2026-06-16 01:26:41,365 [INFO]   H4: 34.6 kHz (total: 41,536,670)
2026-06-16 01:26:41,366 [INFO]   H5: 0.7 kHz (total: 879,479)
2026-06-16 01:26:41,366 [INFO] ------------------------------------------------------------
2026-06-16 01:26:41,367 [INFO] COINCIDENCES (threshold: 100000)
2026-06-16 01:26:41,368 [INFO] ------------------------------------------------------------
2026-06-16 01:26:41,369 [INFO] Twofold (physical) (Reached Threshold):
2026-06-16 01:26:41,369 [INFO]   (1,2): 132,083 Y
2026-06-16 01:26:41,370 [INFO]   (1,3): 45,535 X
2026-06-16 01:26:41,370 [INFO]   (1,4): 46,527 X
2026-06-16 01:26:41,371 [INFO]   (1,5): 995 X
2026-06-16 01:26:41,372 [INFO]   (1,6): 982 X
2026-06-16 01:26:41,372 [INFO]   (2,3): 60,957 X
2026-06-16 01:26:41,373 [INFO]   (2,4): 61,456 X
2026-06-16 01:26:41,374 [INFO]   (2,5): 1,349 X
2026-06-16 01:26:41,374 [INFO]   (2,6): 1,347 X
2026-06-16 01:26:41,375 [INFO]   (3,4): 21,370 X
2026-06-16 01:26:41,376 [INFO]   (3,5): 482 X
2026-06-16 01:26:41,376 [INFO]   (3,6): 422 X
2026-06-16 01:26:41,377 [INFO]   (4,5): 436 X
2026-06-16 01:26:41,378 [INFO]   (4,6): 456 X
2026-06-16 01:26:41,379 [INFO]   (5,6): 9 X
2026-06-16 01:26:41,379 [INFO] ============================================================
2026-06-16 01:26:41,380 [INFO] >>> 14 combination(s) below threshold <<<
2026-06-16 01:26:41,380 [INFO] ============================================================
2026-06-16 01:26:41,466 [INFO] Updated merged data: C:\Users\QUANTUM\OneDrive - ENSTA\!Working files\HBT\HBT Data\Tests_Jun\2026-06-15_20-01-37_g2_heralded_virtual\MERGED\20-01-37_2026-06-15_7.61mW_num0_MERGED.pkl
2026-06-16 01:26:41,508 [INFO] Found 0 connected Time Tagger(s)
2026-06-16 01:26:43,151 [INFO] t:   1 s, Board temperature: 40.8 °C, FPGA temperature: 56.6 °C
2026-06-16 01:26:44,705 [INFO] t:   2 s, Board temperature: 40.8 °C, FPGA temperature: 56.6 °C
2026-06-16 01:26:46,262 [INFO] t:   3 s, Board temperature: 40.8 °C, FPGA temperature: 56.6 °C
2026-06-16 01:26:47,806 [INFO] t:   4 s, Board temperature: 40.8 °C, FPGA temperature: 56.6 °C
2026-06-16 01:26:49,354 [INFO] t:   5 s, Board temperature: 40.7 °C, FPGA temperature: 56.6 °C
2026-06-16 01:26:49,354 [INFO] The Time Tagger is warmed up.
2026-06-16 01:26:49,356 [INFO] Time Tagger initialized.
2026-06-16 01:26:49,357 [INFO] Chunk 3/6 | Elapsed: 30.0 min
2026-06-16 01:26:49,357 [INFO] Initializing experiment on Time Tagger.
2026-06-16 01:26:49,358 [INFO] Deadtime for channel 1: 0 ps
2026-06-16 01:26:49,359 [INFO] Deadtime for channel 2: 0 ps
2026-06-16 01:26:49,359 [INFO] Deadtime for channel 3: 0 ps
2026-06-16 01:26:49,360 [INFO] Deadtime for channel 4: 0 ps
2026-06-16 01:26:49,360 [INFO] Deadtime for channel 5: 0 ps
2026-06-16 01:26:49,361 [INFO] Deadtime for channel 6: 0 ps
2026-06-16 01:26:49,362 [INFO] Delays on channels enabled.
2026-06-16 01:26:49,362 [INFO] Delay for channel 1: requested=0 ps, actual=0 ps
2026-06-16 01:26:49,363 [INFO] Delay for channel 2: requested=-1000 ps, actual=-1000 ps
2026-06-16 01:26:49,364 [INFO] Delay for channel 3: requested=20000 ps, actual=20000 ps
2026-06-16 01:26:49,364 [INFO] Delay for channel 4: requested=16500 ps, actual=16500 ps
2026-06-16 01:26:49,365 [INFO] Delay for channel 5: requested=17800 ps, actual=17800 ps
2026-06-16 01:26:49,365 [INFO] Delay for channel 6: requested=17300 ps, actual=17300 ps
2026-06-16 01:26:49,366 [INFO] Executing synchronized correlation measurement.
2026-06-16 01:26:49,367 [INFO] Delays on channels enabled.
2026-06-16 01:26:49,367 [INFO] Delay for channel 1: requested=0 ps, actual=0 ps.
2026-06-16 01:26:49,368 [INFO] Delay for channel 2: requested=-1000 ps, actual=-1000 ps.
2026-06-16 01:26:49,368 [INFO] Delay for channel 3: requested=20000 ps, actual=20000 ps.
2026-06-16 01:26:49,369 [INFO] Delay for channel 4: requested=16500 ps, actual=16500 ps.
2026-06-16 01:26:49,370 [INFO] Delay for channel 5: requested=17800 ps, actual=17800 ps.
2026-06-16 01:26:49,370 [INFO] Delay for channel 6: requested=17300 ps, actual=17300 ps.
2026-06-16 01:26:49,371 [INFO] Initializing measurement with virtual mode channels for ALL heralding permutations.
2026-06-16 01:26:49,372 [INFO] Automatically generated modes from input: {'H3': [1, 2], 'H4': [3, 4], 'H5': [5, 6]}
2026-06-16 01:26:49,372 [INFO] Setting up virtual channels...
2026-06-16 01:26:49,373 [INFO] Initializing physical channel correlation histograms...
2026-06-16 01:26:49,374 [INFO]   Physical correlation: ch1 <-> ch2
2026-06-16 01:26:49,374 [INFO]   Physical correlation: ch1 <-> ch3
2026-06-16 01:26:49,375 [INFO]   Physical correlation: ch1 <-> ch4
2026-06-16 01:26:49,376 [INFO]   Physical correlation: ch1 <-> ch5
2026-06-16 01:26:49,376 [INFO]   Physical correlation: ch1 <-> ch6
2026-06-16 01:26:49,377 [INFO]   Physical correlation: ch2 <-> ch3
2026-06-16 01:26:49,378 [INFO]   Physical correlation: ch2 <-> ch4
2026-06-16 01:26:49,378 [INFO]   Physical correlation: ch2 <-> ch5
2026-06-16 01:26:49,379 [INFO]   Physical correlation: ch2 <-> ch6
2026-06-16 01:26:49,380 [INFO]   Physical correlation: ch3 <-> ch4
2026-06-16 01:26:49,380 [INFO]   Physical correlation: ch3 <-> ch5
2026-06-16 01:26:49,381 [INFO]   Physical correlation: ch3 <-> ch6
2026-06-16 01:26:49,382 [INFO]   Physical correlation: ch4 <-> ch5
2026-06-16 01:26:49,382 [INFO]   Physical correlation: ch4 <-> ch6
2026-06-16 01:26:49,383 [INFO]   Physical correlation: ch5 <-> ch6
2026-06-16 01:26:49,384 [INFO] Initializing virtual mode correlation histograms...
2026-06-16 01:26:49,385 [INFO]   Within-mode (H3): ch1 <-> ch2
2026-06-16 01:26:49,385 [INFO]   Cross-mode: H3 <-> H4
2026-06-16 01:26:49,386 [INFO]   Cross-mode: H3 <-> H5
2026-06-16 01:26:49,387 [INFO]   Within-mode (H4): ch3 <-> ch4
2026-06-16 01:26:49,387 [INFO]   Cross-mode: H4 <-> H5
2026-06-16 01:26:49,388 [INFO]   Within-mode (H5): ch5 <-> ch6
2026-06-16 01:26:49,389 [INFO] Measurement starting for 10.000min / 0.167h
2026-06-16 01:36:49,677 [INFO] Measurements finished.
2026-06-16 01:36:49,679 [INFO] Collecting measurement data...
2026-06-16 01:36:49,680 [INFO] Collecting physical correlation data for (1,2)
2026-06-16 01:36:49,684 [INFO] Collecting physical correlation data for (1,3)
2026-06-16 01:36:49,690 [INFO] Collecting physical correlation data for (1,4)
2026-06-16 01:36:49,695 [INFO] Collecting physical correlation data for (1,5)
2026-06-16 01:36:49,700 [INFO] Collecting physical correlation data for (1,6)
2026-06-16 01:36:49,702 [INFO] Collecting physical correlation data for (2,3)
2026-06-16 01:36:49,704 [INFO] Collecting physical correlation data for (2,4)
2026-06-16 01:36:49,706 [INFO] Collecting physical correlation data for (2,5)
2026-06-16 01:36:49,708 [INFO] Collecting physical correlation data for (2,6)
2026-06-16 01:36:49,711 [INFO] Collecting physical correlation data for (3,4)
2026-06-16 01:36:49,712 [INFO] Collecting physical correlation data for (3,5)
2026-06-16 01:36:49,715 [INFO] Collecting physical correlation data for (3,6)
2026-06-16 01:36:49,717 [INFO] Collecting physical correlation data for (4,5)
2026-06-16 01:36:49,719 [INFO] Collecting physical correlation data for (4,6)
2026-06-16 01:36:49,721 [INFO] Collecting physical correlation data for (5,6)
2026-06-16 01:36:49,723 [INFO] Collecting virtual correlation data for (H3,H3)
2026-06-16 01:36:49,726 [INFO] Collecting virtual correlation data for (H3,H4)
2026-06-16 01:36:49,728 [INFO] Collecting virtual correlation data for (H3,H5)
2026-06-16 01:36:49,730 [INFO] Collecting virtual correlation data for (H4,H4)
2026-06-16 01:36:49,732 [INFO] Collecting virtual correlation data for (H4,H5)
2026-06-16 01:36:49,734 [INFO] Collecting virtual correlation data for (H5,H5)
2026-06-16 01:36:49,752 [INFO] Starting writing data to file.
2026-06-16 01:36:49,839 [INFO] Saved data.
2026-06-16 01:36:49,962 [INFO] Merging 1 chunks into running total...
2026-06-16 01:36:50,127 [INFO] ============================================================
2026-06-16 01:36:50,128 [INFO] STATUS REPORT | Duration: 30.00 min (0.500 h)
2026-06-16 01:36:50,129 [INFO] ============================================================
2026-06-16 01:36:50,129 [INFO] COUNTRATES (Physical):
2026-06-16 01:36:50,130 [INFO]   Ch 1: 37.4 kHz (total: 67,303,691)
2026-06-16 01:36:50,131 [INFO]   Ch 2: 50.2 kHz (total: 90,438,854)
2026-06-16 01:36:50,132 [INFO]   Ch 3: 17.2 kHz (total: 30,887,021)
2026-06-16 01:36:50,133 [INFO]   Ch 4: 17.5 kHz (total: 31,482,142)
2026-06-16 01:36:50,134 [INFO]   Ch 5: 0.4 kHz (total: 674,630)
2026-06-16 01:36:50,134 [INFO]   Ch 6: 0.4 kHz (total: 645,263)
2026-06-16 01:36:50,135 [INFO] COUNTRATES (Virtual):
2026-06-16 01:36:50,136 [INFO]   H3: 87.6 kHz (total: 157,742,545)
2026-06-16 01:36:50,136 [INFO]   H4: 34.6 kHz (total: 62,369,163)
2026-06-16 01:36:50,137 [INFO]   H5: 0.7 kHz (total: 1,319,893)
2026-06-16 01:36:50,138 [INFO] ------------------------------------------------------------
2026-06-16 01:36:50,139 [INFO] COINCIDENCES (threshold: 100000)
2026-06-16 01:36:50,139 [INFO] ------------------------------------------------------------
2026-06-16 01:36:50,140 [INFO] Twofold (physical) (Reached Threshold):
2026-06-16 01:36:50,140 [INFO]   (1,2): 198,217 Y
2026-06-16 01:36:50,141 [INFO]   (1,3): 68,445 X
2026-06-16 01:36:50,142 [INFO]   (1,4): 69,639 X
2026-06-16 01:36:50,142 [INFO]   (1,5): 1,508 X
2026-06-16 01:36:50,143 [INFO]   (1,6): 1,475 X
2026-06-16 01:36:50,144 [INFO]   (2,3): 91,277 X
2026-06-16 01:36:50,144 [INFO]   (2,4): 92,517 X
2026-06-16 01:36:50,145 [INFO]   (2,5): 1,997 X
2026-06-16 01:36:50,145 [INFO]   (2,6): 1,981 X
2026-06-16 01:36:50,146 [INFO]   (3,4): 32,115 X
2026-06-16 01:36:50,147 [INFO]   (3,5): 709 X
2026-06-16 01:36:50,147 [INFO]   (3,6): 662 X
2026-06-16 01:36:50,148 [INFO]   (4,5): 670 X
2026-06-16 01:36:50,148 [INFO]   (4,6): 710 X
2026-06-16 01:36:50,149 [INFO]   (5,6): 11 X
2026-06-16 01:36:50,150 [INFO] ============================================================
2026-06-16 01:36:50,150 [INFO] >>> 14 combination(s) below threshold <<<
2026-06-16 01:36:50,151 [INFO] ============================================================
2026-06-16 01:36:50,232 [INFO] Updated merged data: C:\Users\QUANTUM\OneDrive - ENSTA\!Working files\HBT\HBT Data\Tests_Jun\2026-06-15_20-01-37_g2_heralded_virtual\MERGED\20-01-37_2026-06-15_7.61mW_num0_MERGED.pkl
2026-06-16 01:36:50,271 [INFO] Found 0 connected Time Tagger(s)
2026-06-16 01:36:51,892 [INFO] t:   1 s, Board temperature: 40.9 °C, FPGA temperature: 56.9 °C
2026-06-16 01:36:53,461 [INFO] t:   2 s, Board temperature: 41.0 °C, FPGA temperature: 56.8 °C
2026-06-16 01:36:55,016 [INFO] t:   3 s, Board temperature: 40.9 °C, FPGA temperature: 56.8 °C
2026-06-16 01:36:56,562 [INFO] t:   4 s, Board temperature: 40.9 °C, FPGA temperature: 56.9 °C
2026-06-16 01:36:58,112 [INFO] t:   5 s, Board temperature: 41.0 °C, FPGA temperature: 56.9 °C
2026-06-16 01:36:58,113 [INFO] The Time Tagger is warmed up.
2026-06-16 01:36:58,114 [INFO] Time Tagger initialized.
2026-06-16 01:36:58,115 [INFO] Chunk 4/6 | Elapsed: 40.0 min
2026-06-16 01:36:58,116 [INFO] Initializing experiment on Time Tagger.
2026-06-16 01:36:58,116 [INFO] Deadtime for channel 1: 0 ps
2026-06-16 01:36:58,117 [INFO] Deadtime for channel 2: 0 ps
2026-06-16 01:36:58,118 [INFO] Deadtime for channel 3: 0 ps
2026-06-16 01:36:58,118 [INFO] Deadtime for channel 4: 0 ps
2026-06-16 01:36:58,119 [INFO] Deadtime for channel 5: 0 ps
2026-06-16 01:36:58,119 [INFO] Deadtime for channel 6: 0 ps
2026-06-16 01:36:58,120 [INFO] Delays on channels enabled.
2026-06-16 01:36:58,120 [INFO] Delay for channel 1: requested=0 ps, actual=0 ps
2026-06-16 01:36:58,121 [INFO] Delay for channel 2: requested=-1000 ps, actual=-1000 ps
2026-06-16 01:36:58,122 [INFO] Delay for channel 3: requested=20000 ps, actual=20000 ps
2026-06-16 01:36:58,122 [INFO] Delay for channel 4: requested=16500 ps, actual=16500 ps
2026-06-16 01:36:58,123 [INFO] Delay for channel 5: requested=17800 ps, actual=17800 ps
2026-06-16 01:36:58,124 [INFO] Delay for channel 6: requested=17300 ps, actual=17300 ps
2026-06-16 01:36:58,124 [INFO] Executing synchronized correlation measurement.
2026-06-16 01:36:58,125 [INFO] Delays on channels enabled.
2026-06-16 01:36:58,125 [INFO] Delay for channel 1: requested=0 ps, actual=0 ps.
2026-06-16 01:36:58,126 [INFO] Delay for channel 2: requested=-1000 ps, actual=-1000 ps.
2026-06-16 01:36:58,127 [INFO] Delay for channel 3: requested=20000 ps, actual=20000 ps.
2026-06-16 01:36:58,127 [INFO] Delay for channel 4: requested=16500 ps, actual=16500 ps.
2026-06-16 01:36:58,128 [INFO] Delay for channel 5: requested=17800 ps, actual=17800 ps.
2026-06-16 01:36:58,129 [INFO] Delay for channel 6: requested=17300 ps, actual=17300 ps.
2026-06-16 01:36:58,129 [INFO] Initializing measurement with virtual mode channels for ALL heralding permutations.
2026-06-16 01:36:58,130 [INFO] Automatically generated modes from input: {'H3': [1, 2], 'H4': [3, 4], 'H5': [5, 6]}
2026-06-16 01:36:58,130 [INFO] Setting up virtual channels...
2026-06-16 01:36:58,131 [INFO] Initializing physical channel correlation histograms...
2026-06-16 01:36:58,132 [INFO]   Physical correlation: ch1 <-> ch2
2026-06-16 01:36:58,133 [INFO]   Physical correlation: ch1 <-> ch3
2026-06-16 01:36:58,133 [INFO]   Physical correlation: ch1 <-> ch4
2026-06-16 01:36:58,134 [INFO]   Physical correlation: ch1 <-> ch5
2026-06-16 01:36:58,135 [INFO]   Physical correlation: ch1 <-> ch6
2026-06-16 01:36:58,135 [INFO]   Physical correlation: ch2 <-> ch3
2026-06-16 01:36:58,136 [INFO]   Physical correlation: ch2 <-> ch4
2026-06-16 01:36:58,137 [INFO]   Physical correlation: ch2 <-> ch5
2026-06-16 01:36:58,137 [INFO]   Physical correlation: ch2 <-> ch6
2026-06-16 01:36:58,138 [INFO]   Physical correlation: ch3 <-> ch4
2026-06-16 01:36:58,139 [INFO]   Physical correlation: ch3 <-> ch5
2026-06-16 01:36:58,139 [INFO]   Physical correlation: ch3 <-> ch6
2026-06-16 01:36:58,140 [INFO]   Physical correlation: ch4 <-> ch5
2026-06-16 01:36:58,141 [INFO]   Physical correlation: ch4 <-> ch6
2026-06-16 01:36:58,141 [INFO]   Physical correlation: ch5 <-> ch6
2026-06-16 01:36:58,142 [INFO] Initializing virtual mode correlation histograms...
2026-06-16 01:36:58,143 [INFO]   Within-mode (H3): ch1 <-> ch2
2026-06-16 01:36:58,144 [INFO]   Cross-mode: H3 <-> H4
2026-06-16 01:36:58,144 [INFO]   Cross-mode: H3 <-> H5
2026-06-16 01:36:58,145 [INFO]   Within-mode (H4): ch3 <-> ch4
2026-06-16 01:36:58,146 [INFO]   Cross-mode: H4 <-> H5
2026-06-16 01:36:58,146 [INFO]   Within-mode (H5): ch5 <-> ch6
2026-06-16 01:36:58,148 [INFO] Measurement starting for 10.000min / 0.167h
2026-06-16 01:46:58,435 [INFO] Measurements finished.
2026-06-16 01:46:58,435 [INFO] Collecting measurement data...
2026-06-16 01:46:58,436 [INFO] Collecting physical correlation data for (1,2)
2026-06-16 01:46:58,438 [INFO] Collecting physical correlation data for (1,3)
2026-06-16 01:46:58,440 [INFO] Collecting physical correlation data for (1,4)
2026-06-16 01:46:58,442 [INFO] Collecting physical correlation data for (1,5)
2026-06-16 01:46:58,444 [INFO] Collecting physical correlation data for (1,6)
2026-06-16 01:46:58,446 [INFO] Collecting physical correlation data for (2,3)
2026-06-16 01:46:58,447 [INFO] Collecting physical correlation data for (2,4)
2026-06-16 01:46:58,450 [INFO] Collecting physical correlation data for (2,5)
2026-06-16 01:46:58,451 [INFO] Collecting physical correlation data for (2,6)
2026-06-16 01:46:58,453 [INFO] Collecting physical correlation data for (3,4)
2026-06-16 01:46:58,455 [INFO] Collecting physical correlation data for (3,5)
2026-06-16 01:46:58,457 [INFO] Collecting physical correlation data for (3,6)
2026-06-16 01:46:58,459 [INFO] Collecting physical correlation data for (4,5)
2026-06-16 01:46:58,461 [INFO] Collecting physical correlation data for (4,6)
2026-06-16 01:46:58,463 [INFO] Collecting physical correlation data for (5,6)
2026-06-16 01:46:58,465 [INFO] Collecting virtual correlation data for (H3,H3)
2026-06-16 01:46:58,467 [INFO] Collecting virtual correlation data for (H3,H4)
2026-06-16 01:46:58,469 [INFO] Collecting virtual correlation data for (H3,H5)
2026-06-16 01:46:58,471 [INFO] Collecting virtual correlation data for (H4,H4)
2026-06-16 01:46:58,473 [INFO] Collecting virtual correlation data for (H4,H5)
2026-06-16 01:46:58,475 [INFO] Collecting virtual correlation data for (H5,H5)
2026-06-16 01:46:58,494 [INFO] Starting writing data to file.
2026-06-16 01:46:58,574 [INFO] Saved data.
2026-06-16 01:46:58,696 [INFO] Merging 1 chunks into running total...
2026-06-16 01:46:58,858 [INFO] ============================================================
2026-06-16 01:46:58,859 [INFO] STATUS REPORT | Duration: 40.00 min (0.667 h)
2026-06-16 01:46:58,860 [INFO] ============================================================
2026-06-16 01:46:58,860 [INFO] COUNTRATES (Physical):
2026-06-16 01:46:58,861 [INFO]   Ch 1: 37.4 kHz (total: 89,728,129)
2026-06-16 01:46:58,862 [INFO]   Ch 2: 50.2 kHz (total: 120,588,427)
2026-06-16 01:46:58,862 [INFO]   Ch 3: 17.2 kHz (total: 41,179,799)
2026-06-16 01:46:58,863 [INFO]   Ch 4: 17.5 kHz (total: 41,980,815)
2026-06-16 01:46:58,864 [INFO]   Ch 5: 0.4 kHz (total: 899,632)
2026-06-16 01:46:58,864 [INFO]   Ch 6: 0.4 kHz (total: 859,070)
2026-06-16 01:46:58,865 [INFO] COUNTRATES (Virtual):
2026-06-16 01:46:58,866 [INFO]   H3: 87.6 kHz (total: 210,316,556)
2026-06-16 01:46:58,866 [INFO]   H4: 34.7 kHz (total: 83,160,614)
2026-06-16 01:46:58,867 [INFO]   H5: 0.7 kHz (total: 1,758,702)
2026-06-16 01:46:58,868 [INFO] ------------------------------------------------------------
2026-06-16 01:46:58,868 [INFO] COINCIDENCES (threshold: 100000)
2026-06-16 01:46:58,869 [INFO] ------------------------------------------------------------
2026-06-16 01:46:58,870 [INFO] Twofold (physical) (Reached Threshold):
2026-06-16 01:46:58,870 [INFO]   (1,2): 263,500 Y
2026-06-16 01:46:58,871 [INFO]   (1,3): 91,199 X
2026-06-16 01:46:58,872 [INFO]   (1,4): 92,825 X
2026-06-16 01:46:58,872 [INFO]   (1,5): 1,993 X
2026-06-16 01:46:58,873 [INFO]   (1,6): 1,993 X
2026-06-16 01:46:58,874 [INFO]   (2,3): 121,406 Y
2026-06-16 01:46:58,874 [INFO]   (2,4): 123,029 Y
2026-06-16 01:46:58,875 [INFO]   (2,5): 2,616 X
2026-06-16 01:46:58,875 [INFO]   (2,6): 2,623 X
2026-06-16 01:46:58,876 [INFO]   (3,4): 42,676 X
2026-06-16 01:46:58,877 [INFO]   (3,5): 922 X
2026-06-16 01:46:58,878 [INFO]   (3,6): 895 X
2026-06-16 01:46:58,878 [INFO]   (4,5): 874 X
2026-06-16 01:46:58,879 [INFO]   (4,6): 919 X
2026-06-16 01:46:58,879 [INFO]   (5,6): 16 X
2026-06-16 01:46:58,880 [INFO] ============================================================
2026-06-16 01:46:58,881 [INFO] >>> 12 combination(s) below threshold <<<
2026-06-16 01:46:58,881 [INFO] ============================================================
2026-06-16 01:46:58,962 [INFO] Updated merged data: C:\Users\QUANTUM\OneDrive - ENSTA\!Working files\HBT\HBT Data\Tests_Jun\2026-06-15_20-01-37_g2_heralded_virtual\MERGED\20-01-37_2026-06-15_7.61mW_num0_MERGED.pkl
2026-06-16 01:46:59,002 [INFO] Found 0 connected Time Tagger(s)
2026-06-16 01:47:00,609 [INFO] t:   1 s, Board temperature: 40.8 °C, FPGA temperature: 56.6 °C
2026-06-16 01:47:02,172 [INFO] t:   2 s, Board temperature: 40.8 °C, FPGA temperature: 56.6 °C
2026-06-16 01:47:03,715 [INFO] t:   3 s, Board temperature: 40.9 °C, FPGA temperature: 56.6 °C
2026-06-16 01:47:05,269 [INFO] t:   4 s, Board temperature: 40.9 °C, FPGA temperature: 56.6 °C
2026-06-16 01:47:06,820 [INFO] t:   5 s, Board temperature: 40.8 °C, FPGA temperature: 56.7 °C
2026-06-16 01:47:06,820 [INFO] The Time Tagger is warmed up.
2026-06-16 01:47:06,821 [INFO] Time Tagger initialized.
2026-06-16 01:47:06,822 [INFO] Chunk 5/6 | Elapsed: 50.0 min
2026-06-16 01:47:06,823 [INFO] Initializing experiment on Time Tagger.
2026-06-16 01:47:06,824 [INFO] Deadtime for channel 1: 0 ps
2026-06-16 01:47:06,825 [INFO] Deadtime for channel 2: 0 ps
2026-06-16 01:47:06,825 [INFO] Deadtime for channel 3: 0 ps
2026-06-16 01:47:06,826 [INFO] Deadtime for channel 4: 0 ps
2026-06-16 01:47:06,827 [INFO] Deadtime for channel 5: 0 ps
2026-06-16 01:47:06,827 [INFO] Deadtime for channel 6: 0 ps
2026-06-16 01:47:06,828 [INFO] Delays on channels enabled.
2026-06-16 01:47:06,828 [INFO] Delay for channel 1: requested=0 ps, actual=0 ps
2026-06-16 01:47:06,829 [INFO] Delay for channel 2: requested=-1000 ps, actual=-1000 ps
2026-06-16 01:47:06,830 [INFO] Delay for channel 3: requested=20000 ps, actual=20000 ps
2026-06-16 01:47:06,830 [INFO] Delay for channel 4: requested=16500 ps, actual=16500 ps
2026-06-16 01:47:06,831 [INFO] Delay for channel 5: requested=17800 ps, actual=17800 ps
2026-06-16 01:47:06,831 [INFO] Delay for channel 6: requested=17300 ps, actual=17300 ps
2026-06-16 01:47:06,832 [INFO] Executing synchronized correlation measurement.
2026-06-16 01:47:06,833 [INFO] Delays on channels enabled.
2026-06-16 01:47:06,834 [INFO] Delay for channel 1: requested=0 ps, actual=0 ps.
2026-06-16 01:47:06,834 [INFO] Delay for channel 2: requested=-1000 ps, actual=-1000 ps.
2026-06-16 01:47:06,835 [INFO] Delay for channel 3: requested=20000 ps, actual=20000 ps.
2026-06-16 01:47:06,835 [INFO] Delay for channel 4: requested=16500 ps, actual=16500 ps.
2026-06-16 01:47:06,836 [INFO] Delay for channel 5: requested=17800 ps, actual=17800 ps.
2026-06-16 01:47:06,836 [INFO] Delay for channel 6: requested=17300 ps, actual=17300 ps.
2026-06-16 01:47:06,837 [INFO] Initializing measurement with virtual mode channels for ALL heralding permutations.
2026-06-16 01:47:06,838 [INFO] Automatically generated modes from input: {'H3': [1, 2], 'H4': [3, 4], 'H5': [5, 6]}
2026-06-16 01:47:06,838 [INFO] Setting up virtual channels...
2026-06-16 01:47:06,839 [INFO] Initializing physical channel correlation histograms...
2026-06-16 01:47:06,840 [INFO]   Physical correlation: ch1 <-> ch2
2026-06-16 01:47:06,841 [INFO]   Physical correlation: ch1 <-> ch3
2026-06-16 01:47:06,841 [INFO]   Physical correlation: ch1 <-> ch4
2026-06-16 01:47:06,842 [INFO]   Physical correlation: ch1 <-> ch5
2026-06-16 01:47:06,843 [INFO]   Physical correlation: ch1 <-> ch6
2026-06-16 01:47:06,843 [INFO]   Physical correlation: ch2 <-> ch3
2026-06-16 01:47:06,844 [INFO]   Physical correlation: ch2 <-> ch4
2026-06-16 01:47:06,845 [INFO]   Physical correlation: ch2 <-> ch5
2026-06-16 01:47:06,845 [INFO]   Physical correlation: ch2 <-> ch6
2026-06-16 01:47:06,846 [INFO]   Physical correlation: ch3 <-> ch4
2026-06-16 01:47:06,847 [INFO]   Physical correlation: ch3 <-> ch5
2026-06-16 01:47:06,848 [INFO]   Physical correlation: ch3 <-> ch6
2026-06-16 01:47:06,848 [INFO]   Physical correlation: ch4 <-> ch5
2026-06-16 01:47:06,849 [INFO]   Physical correlation: ch4 <-> ch6
2026-06-16 01:47:06,850 [INFO]   Physical correlation: ch5 <-> ch6
2026-06-16 01:47:06,850 [INFO] Initializing virtual mode correlation histograms...
2026-06-16 01:47:06,851 [INFO]   Within-mode (H3): ch1 <-> ch2
2026-06-16 01:47:06,852 [INFO]   Cross-mode: H3 <-> H4
2026-06-16 01:47:06,852 [INFO]   Cross-mode: H3 <-> H5
2026-06-16 01:47:06,853 [INFO]   Within-mode (H4): ch3 <-> ch4
2026-06-16 01:47:06,854 [INFO]   Cross-mode: H4 <-> H5
2026-06-16 01:47:06,854 [INFO]   Within-mode (H5): ch5 <-> ch6
2026-06-16 01:47:06,856 [INFO] Measurement starting for 10.000min / 0.167h
2026-06-16 01:57:07,146 [INFO] Measurements finished.
2026-06-16 01:57:07,148 [INFO] Collecting measurement data...
2026-06-16 01:57:07,149 [INFO] Collecting physical correlation data for (1,2)
2026-06-16 01:57:07,154 [INFO] Collecting physical correlation data for (1,3)
2026-06-16 01:57:07,159 [INFO] Collecting physical correlation data for (1,4)
2026-06-16 01:57:07,164 [INFO] Collecting physical correlation data for (1,5)
2026-06-16 01:57:07,169 [INFO] Collecting physical correlation data for (1,6)
2026-06-16 01:57:07,174 [INFO] Collecting physical correlation data for (2,3)
2026-06-16 01:57:07,178 [INFO] Collecting physical correlation data for (2,4)
2026-06-16 01:57:07,183 [INFO] Collecting physical correlation data for (2,5)
2026-06-16 01:57:07,188 [INFO] Collecting physical correlation data for (2,6)
2026-06-16 01:57:07,191 [INFO] Collecting physical correlation data for (3,4)
2026-06-16 01:57:07,195 [INFO] Collecting physical correlation data for (3,5)
2026-06-16 01:57:07,197 [INFO] Collecting physical correlation data for (3,6)
2026-06-16 01:57:07,200 [INFO] Collecting physical correlation data for (4,5)
2026-06-16 01:57:07,203 [INFO] Collecting physical correlation data for (4,6)
2026-06-16 01:57:07,205 [INFO] Collecting physical correlation data for (5,6)
2026-06-16 01:57:07,207 [INFO] Collecting virtual correlation data for (H3,H3)
2026-06-16 01:57:07,210 [INFO] Collecting virtual correlation data for (H3,H4)
2026-06-16 01:57:07,212 [INFO] Collecting virtual correlation data for (H3,H5)
2026-06-16 01:57:07,214 [INFO] Collecting virtual correlation data for (H4,H4)
2026-06-16 01:57:07,217 [INFO] Collecting virtual correlation data for (H4,H5)
2026-06-16 01:57:07,219 [INFO] Collecting virtual correlation data for (H5,H5)
2026-06-16 01:57:07,238 [INFO] Starting writing data to file.
2026-06-16 01:57:07,326 [INFO] Saved data.
2026-06-16 01:57:07,448 [INFO] Merging 1 chunks into running total...
2026-06-16 01:57:07,614 [INFO] ============================================================
2026-06-16 01:57:07,615 [INFO] STATUS REPORT | Duration: 50.00 min (0.833 h)
2026-06-16 01:57:07,616 [INFO] ============================================================
2026-06-16 01:57:07,616 [INFO] COUNTRATES (Physical):
2026-06-16 01:57:07,617 [INFO]   Ch 1: 37.4 kHz (total: 112,126,143)
2026-06-16 01:57:07,618 [INFO]   Ch 2: 50.2 kHz (total: 150,702,567)
2026-06-16 01:57:07,619 [INFO]   Ch 3: 17.2 kHz (total: 51,458,747)
2026-06-16 01:57:07,619 [INFO]   Ch 4: 17.5 kHz (total: 52,461,360)
2026-06-16 01:57:07,620 [INFO]   Ch 5: 0.4 kHz (total: 1,123,836)
2026-06-16 01:57:07,621 [INFO]   Ch 6: 0.4 kHz (total: 1,072,806)
2026-06-16 01:57:07,621 [INFO] COUNTRATES (Virtual):
2026-06-16 01:57:07,622 [INFO]   H3: 87.6 kHz (total: 262,828,710)
2026-06-16 01:57:07,623 [INFO]   H4: 34.6 kHz (total: 103,920,107)
2026-06-16 01:57:07,623 [INFO]   H5: 0.7 kHz (total: 2,196,642)
2026-06-16 01:57:07,624 [INFO] ------------------------------------------------------------
2026-06-16 01:57:07,625 [INFO] COINCIDENCES (threshold: 100000)
2026-06-16 01:57:07,626 [INFO] ------------------------------------------------------------
2026-06-16 01:57:07,626 [INFO] Twofold (physical) (Reached Threshold):
2026-06-16 01:57:07,627 [INFO]   (1,2): 329,017 Y
2026-06-16 01:57:07,627 [INFO]   (1,3): 114,049 Y
2026-06-16 01:57:07,628 [INFO]   (1,4): 115,668 Y
2026-06-16 01:57:07,628 [INFO]   (1,5): 2,502 X
2026-06-16 01:57:07,629 [INFO]   (1,6): 2,495 X
2026-06-16 01:57:07,630 [INFO]   (2,3): 151,552 Y
2026-06-16 01:57:07,630 [INFO]   (2,4): 153,308 Y
2026-06-16 01:57:07,631 [INFO]   (2,5): 3,281 X
2026-06-16 01:57:07,631 [INFO]   (2,6): 3,266 X
2026-06-16 01:57:07,632 [INFO]   (3,4): 53,060 X
2026-06-16 01:57:07,632 [INFO]   (3,5): 1,155 X
2026-06-16 01:57:07,633 [INFO]   (3,6): 1,117 X
2026-06-16 01:57:07,633 [INFO]   (4,5): 1,107 X
2026-06-16 01:57:07,634 [INFO]   (4,6): 1,150 X
2026-06-16 01:57:07,635 [INFO]   (5,6): 20 X
2026-06-16 01:57:07,635 [INFO] ============================================================
2026-06-16 01:57:07,636 [INFO] >>> 10 combination(s) below threshold <<<
2026-06-16 01:57:07,636 [INFO] ============================================================
2026-06-16 01:57:07,718 [INFO] Updated merged data: C:\Users\QUANTUM\OneDrive - ENSTA\!Working files\HBT\HBT Data\Tests_Jun\2026-06-15_20-01-37_g2_heralded_virtual\MERGED\20-01-37_2026-06-15_7.61mW_num0_MERGED.pkl
2026-06-16 01:57:07,757 [INFO] Found 0 connected Time Tagger(s)
2026-06-16 01:57:09,358 [INFO] t:   1 s, Board temperature: 41.1 °C, FPGA temperature: 56.9 °C
2026-06-16 01:57:10,925 [INFO] t:   2 s, Board temperature: 41.1 °C, FPGA temperature: 57.0 °C
2026-06-16 01:57:12,502 [INFO] t:   3 s, Board temperature: 41.2 °C, FPGA temperature: 57.0 °C
2026-06-16 01:57:14,049 [INFO] t:   4 s, Board temperature: 41.1 °C, FPGA temperature: 56.9 °C
2026-06-16 01:57:15,597 [INFO] t:   5 s, Board temperature: 41.1 °C, FPGA temperature: 56.9 °C
2026-06-16 01:57:15,598 [INFO] The Time Tagger is warmed up.
2026-06-16 01:57:15,598 [INFO] Time Tagger initialized.
2026-06-16 01:57:15,600 [INFO] Chunk 6/6 | Elapsed: 60.0 min
2026-06-16 01:57:15,600 [INFO] Initializing experiment on Time Tagger.
2026-06-16 01:57:15,601 [INFO] Deadtime for channel 1: 0 ps
2026-06-16 01:57:15,602 [INFO] Deadtime for channel 2: 0 ps
2026-06-16 01:57:15,602 [INFO] Deadtime for channel 3: 0 ps
2026-06-16 01:57:15,603 [INFO] Deadtime for channel 4: 0 ps
2026-06-16 01:57:15,604 [INFO] Deadtime for channel 5: 0 ps
2026-06-16 01:57:15,604 [INFO] Deadtime for channel 6: 0 ps
2026-06-16 01:57:15,605 [INFO] Delays on channels enabled.
2026-06-16 01:57:15,605 [INFO] Delay for channel 1: requested=0 ps, actual=0 ps
2026-06-16 01:57:15,606 [INFO] Delay for channel 2: requested=-1000 ps, actual=-1000 ps
2026-06-16 01:57:15,607 [INFO] Delay for channel 3: requested=20000 ps, actual=20000 ps
2026-06-16 01:57:15,607 [INFO] Delay for channel 4: requested=16500 ps, actual=16500 ps
2026-06-16 01:57:15,608 [INFO] Delay for channel 5: requested=17800 ps, actual=17800 ps
2026-06-16 01:57:15,608 [INFO] Delay for channel 6: requested=17300 ps, actual=17300 ps
2026-06-16 01:57:15,609 [INFO] Executing synchronized correlation measurement.
2026-06-16 01:57:15,610 [INFO] Delays on channels enabled.
2026-06-16 01:57:15,610 [INFO] Delay for channel 1: requested=0 ps, actual=0 ps.
2026-06-16 01:57:15,611 [INFO] Delay for channel 2: requested=-1000 ps, actual=-1000 ps.
2026-06-16 01:57:15,611 [INFO] Delay for channel 3: requested=20000 ps, actual=20000 ps.
2026-06-16 01:57:15,612 [INFO] Delay for channel 4: requested=16500 ps, actual=16500 ps.
2026-06-16 01:57:15,613 [INFO] Delay for channel 5: requested=17800 ps, actual=17800 ps.
2026-06-16 01:57:15,613 [INFO] Delay for channel 6: requested=17300 ps, actual=17300 ps.
2026-06-16 01:57:15,614 [INFO] Initializing measurement with virtual mode channels for ALL heralding permutations.
2026-06-16 01:57:15,614 [INFO] Automatically generated modes from input: {'H3': [1, 2], 'H4': [3, 4], 'H5': [5, 6]}
2026-06-16 01:57:15,615 [INFO] Setting up virtual channels...
2026-06-16 01:57:15,616 [INFO] Initializing physical channel correlation histograms...
2026-06-16 01:57:15,617 [INFO]   Physical correlation: ch1 <-> ch2
2026-06-16 01:57:15,618 [INFO]   Physical correlation: ch1 <-> ch3
2026-06-16 01:57:15,618 [INFO]   Physical correlation: ch1 <-> ch4
2026-06-16 01:57:15,619 [INFO]   Physical correlation: ch1 <-> ch5
2026-06-16 01:57:15,620 [INFO]   Physical correlation: ch1 <-> ch6
2026-06-16 01:57:15,620 [INFO]   Physical correlation: ch2 <-> ch3
2026-06-16 01:57:15,621 [INFO]   Physical correlation: ch2 <-> ch4
2026-06-16 01:57:15,622 [INFO]   Physical correlation: ch2 <-> ch5
2026-06-16 01:57:15,622 [INFO]   Physical correlation: ch2 <-> ch6
2026-06-16 01:57:15,623 [INFO]   Physical correlation: ch3 <-> ch4
2026-06-16 01:57:15,623 [INFO]   Physical correlation: ch3 <-> ch5
2026-06-16 01:57:15,624 [INFO]   Physical correlation: ch3 <-> ch6
2026-06-16 01:57:15,625 [INFO]   Physical correlation: ch4 <-> ch5
2026-06-16 01:57:15,626 [INFO]   Physical correlation: ch4 <-> ch6
2026-06-16 01:57:15,626 [INFO]   Physical correlation: ch5 <-> ch6
2026-06-16 01:57:15,627 [INFO] Initializing virtual mode correlation histograms...
2026-06-16 01:57:15,628 [INFO]   Within-mode (H3): ch1 <-> ch2
2026-06-16 01:57:15,628 [INFO]   Cross-mode: H3 <-> H4
2026-06-16 01:57:15,629 [INFO]   Cross-mode: H3 <-> H5
2026-06-16 01:57:15,630 [INFO]   Within-mode (H4): ch3 <-> ch4
2026-06-16 01:57:15,630 [INFO]   Cross-mode: H4 <-> H5
2026-06-16 01:57:15,631 [INFO]   Within-mode (H5): ch5 <-> ch6
2026-06-16 01:57:15,633 [INFO] Measurement starting for 10.000min / 0.167h
2026-06-16 02:07:15,929 [INFO] Measurements finished.
2026-06-16 02:07:15,930 [INFO] Collecting measurement data...
2026-06-16 02:07:15,932 [INFO] Collecting physical correlation data for (1,2)
2026-06-16 02:07:15,937 [INFO] Collecting physical correlation data for (1,3)
2026-06-16 02:07:15,941 [INFO] Collecting physical correlation data for (1,4)
2026-06-16 02:07:15,946 [INFO] Collecting physical correlation data for (1,5)
2026-06-16 02:07:15,948 [INFO] Collecting physical correlation data for (1,6)
2026-06-16 02:07:15,950 [INFO] Collecting physical correlation data for (2,3)
2026-06-16 02:07:15,952 [INFO] Collecting physical correlation data for (2,4)
2026-06-16 02:07:15,953 [INFO] Collecting physical correlation data for (2,5)
2026-06-16 02:07:15,955 [INFO] Collecting physical correlation data for (2,6)
2026-06-16 02:07:15,957 [INFO] Collecting physical correlation data for (3,4)
2026-06-16 02:07:15,959 [INFO] Collecting physical correlation data for (3,5)
2026-06-16 02:07:15,961 [INFO] Collecting physical correlation data for (3,6)
2026-06-16 02:07:15,963 [INFO] Collecting physical correlation data for (4,5)
2026-06-16 02:07:15,965 [INFO] Collecting physical correlation data for (4,6)
2026-06-16 02:07:15,967 [INFO] Collecting physical correlation data for (5,6)
2026-06-16 02:07:15,969 [INFO] Collecting virtual correlation data for (H3,H3)
2026-06-16 02:07:15,971 [INFO] Collecting virtual correlation data for (H3,H4)
2026-06-16 02:07:15,973 [INFO] Collecting virtual correlation data for (H3,H5)
2026-06-16 02:07:15,975 [INFO] Collecting virtual correlation data for (H4,H4)
2026-06-16 02:07:15,977 [INFO] Collecting virtual correlation data for (H4,H5)
2026-06-16 02:07:15,979 [INFO] Collecting virtual correlation data for (H5,H5)
2026-06-16 02:07:16,001 [INFO] Starting writing data to file.
2026-06-16 02:07:16,080 [INFO] Saved data.
2026-06-16 02:07:16,204 [INFO] Merging 1 chunks into running total...
2026-06-16 02:07:16,365 [INFO] ============================================================
2026-06-16 02:07:16,366 [INFO] STATUS REPORT | Duration: 60.00 min (1.000 h)
2026-06-16 02:07:16,366 [INFO] ============================================================
2026-06-16 02:07:16,367 [INFO] COUNTRATES (Physical):
2026-06-16 02:07:16,368 [INFO]   Ch 1: 37.4 kHz (total: 134,519,906)
2026-06-16 02:07:16,369 [INFO]   Ch 2: 50.2 kHz (total: 180,820,770)
2026-06-16 02:07:16,370 [INFO]   Ch 3: 17.2 kHz (total: 61,752,029)
2026-06-16 02:07:16,370 [INFO]   Ch 4: 17.5 kHz (total: 62,956,342)
2026-06-16 02:07:16,371 [INFO]   Ch 5: 0.4 kHz (total: 1,348,006)
2026-06-16 02:07:16,372 [INFO]   Ch 6: 0.4 kHz (total: 1,287,200)
2026-06-16 02:07:16,372 [INFO] COUNTRATES (Virtual):
2026-06-16 02:07:16,373 [INFO]   H3: 87.6 kHz (total: 315,340,676)
2026-06-16 02:07:16,374 [INFO]   H4: 34.6 kHz (total: 124,708,371)
2026-06-16 02:07:16,374 [INFO]   H5: 0.7 kHz (total: 2,635,206)
2026-06-16 02:07:16,375 [INFO] ------------------------------------------------------------
2026-06-16 02:07:16,376 [INFO] COINCIDENCES (threshold: 100000)
2026-06-16 02:07:16,376 [INFO] ------------------------------------------------------------
2026-06-16 02:07:16,377 [INFO] Twofold (physical) (Reached Threshold):
2026-06-16 02:07:16,378 [INFO]   (1,2): 394,640 Y
2026-06-16 02:07:16,378 [INFO]   (1,3): 137,016 Y
2026-06-16 02:07:16,378 [INFO]   (1,4): 138,879 Y
2026-06-16 02:07:16,379 [INFO]   (1,5): 2,991 X
2026-06-16 02:07:16,380 [INFO]   (1,6): 2,974 X
2026-06-16 02:07:16,381 [INFO]   (2,3): 181,779 Y
2026-06-16 02:07:16,381 [INFO]   (2,4): 184,174 Y
2026-06-16 02:07:16,382 [INFO]   (2,5): 3,914 X
2026-06-16 02:07:16,382 [INFO]   (2,6): 3,868 X
2026-06-16 02:07:16,383 [INFO]   (3,4): 63,775 X
2026-06-16 02:07:16,384 [INFO]   (3,5): 1,420 X
2026-06-16 02:07:16,384 [INFO]   (3,6): 1,339 X
2026-06-16 02:07:16,385 [INFO]   (4,5): 1,359 X
2026-06-16 02:07:16,385 [INFO]   (4,6): 1,337 X
2026-06-16 02:07:16,386 [INFO]   (5,6): 31 X
2026-06-16 02:07:16,386 [INFO] ============================================================
2026-06-16 02:07:16,387 [INFO] >>> 10 combination(s) below threshold <<<
2026-06-16 02:07:16,387 [INFO] ============================================================
2026-06-16 02:07:16,467 [INFO] Updated merged data: C:\Users\QUANTUM\OneDrive - ENSTA\!Working files\HBT\HBT Data\Tests_Jun\2026-06-15_20-01-37_g2_heralded_virtual\MERGED\20-01-37_2026-06-15_7.61mW_num0_MERGED.pkl
2026-06-16 02:07:16,551 [INFO] Final merged data saved to: C:\Users\QUANTUM\OneDrive - ENSTA\!Working files\HBT\HBT Data\Tests_Jun\2026-06-15_20-01-37_g2_heralded_virtual\MERGED\20-01-37_2026-06-15_7.61mW_num0_MERGED.pkl
2026-06-16 02:07:16,553 [INFO] Total merged duration: 60.00 min
2026-06-16 02:07:16,553 [INFO] Measurement completed in 60.89 min
2026-06-16 02:07:17,404 [INFO] Stage Position: 36.0
2026-06-16 02:07:17,405 [INFO] Starting chunked acquisition (max 6 chunks / 60.0 min)
2026-06-16 02:07:17,407 [INFO] Chunk duration: 10 min
2026-06-16 02:07:17,408 [INFO] Threshold: 100000 counts, checking every 1 chunks
2026-06-16 02:07:17,470 [INFO] Found 0 connected Time Tagger(s)
2026-06-16 02:07:19,099 [INFO] t:   1 s, Board temperature: 41.0 °C, FPGA temperature: 56.9 °C
2026-06-16 02:07:20,676 [INFO] t:   2 s, Board temperature: 40.9 °C, FPGA temperature: 56.9 °C
2026-06-16 02:07:22,247 [INFO] t:   3 s, Board temperature: 40.8 °C, FPGA temperature: 56.8 °C
2026-06-16 02:07:23,808 [INFO] t:   4 s, Board temperature: 40.8 °C, FPGA temperature: 56.8 °C
2026-06-16 02:07:25,368 [INFO] t:   5 s, Board temperature: 40.8 °C, FPGA temperature: 56.8 °C
2026-06-16 02:07:25,369 [INFO] The Time Tagger is warmed up.
2026-06-16 02:07:25,370 [INFO] Time Tagger initialized.
2026-06-16 02:07:25,371 [INFO] Chunk 1/6 | Elapsed: 10.0 min
2026-06-16 02:07:25,372 [INFO] Initializing experiment on Time Tagger.
2026-06-16 02:07:25,372 [INFO] Deadtime for channel 1: 0 ps
2026-06-16 02:07:25,373 [INFO] Deadtime for channel 2: 0 ps
2026-06-16 02:07:25,374 [INFO] Deadtime for channel 3: 0 ps
2026-06-16 02:07:25,374 [INFO] Deadtime for channel 4: 0 ps
2026-06-16 02:07:25,375 [INFO] Deadtime for channel 5: 0 ps
2026-06-16 02:07:25,376 [INFO] Deadtime for channel 6: 0 ps
2026-06-16 02:07:25,376 [INFO] Delays on channels enabled.
2026-06-16 02:07:25,377 [INFO] Delay for channel 1: requested=0 ps, actual=0 ps
2026-06-16 02:07:25,377 [INFO] Delay for channel 2: requested=-1000 ps, actual=-1000 ps
2026-06-16 02:07:25,378 [INFO] Delay for channel 3: requested=20000 ps, actual=20000 ps
2026-06-16 02:07:25,379 [INFO] Delay for channel 4: requested=16500 ps, actual=16500 ps
2026-06-16 02:07:25,379 [INFO] Delay for channel 5: requested=17800 ps, actual=17800 ps
2026-06-16 02:07:25,380 [INFO] Delay for channel 6: requested=17300 ps, actual=17300 ps
2026-06-16 02:07:25,380 [INFO] Executing synchronized correlation measurement.
2026-06-16 02:07:25,381 [INFO] Delays on channels enabled.
2026-06-16 02:07:25,382 [INFO] Delay for channel 1: requested=0 ps, actual=0 ps.
2026-06-16 02:07:25,382 [INFO] Delay for channel 2: requested=-1000 ps, actual=-1000 ps.
2026-06-16 02:07:25,383 [INFO] Delay for channel 3: requested=20000 ps, actual=20000 ps.
2026-06-16 02:07:25,383 [INFO] Delay for channel 4: requested=16500 ps, actual=16500 ps.
2026-06-16 02:07:25,384 [INFO] Delay for channel 5: requested=17800 ps, actual=17800 ps.
2026-06-16 02:07:25,385 [INFO] Delay for channel 6: requested=17300 ps, actual=17300 ps.
2026-06-16 02:07:25,385 [INFO] Initializing measurement with virtual mode channels for ALL heralding permutations.
2026-06-16 02:07:25,386 [INFO] Automatically generated modes from input: {'H3': [1, 2], 'H4': [3, 4], 'H5': [5, 6]}
2026-06-16 02:07:25,387 [INFO] Setting up virtual channels...
2026-06-16 02:07:25,388 [INFO] Initializing physical channel correlation histograms...
2026-06-16 02:07:25,388 [INFO]   Physical correlation: ch1 <-> ch2
2026-06-16 02:07:25,389 [INFO]   Physical correlation: ch1 <-> ch3
2026-06-16 02:07:25,390 [INFO]   Physical correlation: ch1 <-> ch4
2026-06-16 02:07:25,390 [INFO]   Physical correlation: ch1 <-> ch5
2026-06-16 02:07:25,391 [INFO]   Physical correlation: ch1 <-> ch6
2026-06-16 02:07:25,392 [INFO]   Physical correlation: ch2 <-> ch3
2026-06-16 02:07:25,392 [INFO]   Physical correlation: ch2 <-> ch4
2026-06-16 02:07:25,393 [INFO]   Physical correlation: ch2 <-> ch5
2026-06-16 02:07:25,394 [INFO]   Physical correlation: ch2 <-> ch6
2026-06-16 02:07:25,394 [INFO]   Physical correlation: ch3 <-> ch4
2026-06-16 02:07:25,395 [INFO]   Physical correlation: ch3 <-> ch5
2026-06-16 02:07:25,396 [INFO]   Physical correlation: ch3 <-> ch6
2026-06-16 02:07:25,396 [INFO]   Physical correlation: ch4 <-> ch5
2026-06-16 02:07:25,397 [INFO]   Physical correlation: ch4 <-> ch6
2026-06-16 02:07:25,398 [INFO]   Physical correlation: ch5 <-> ch6
2026-06-16 02:07:25,398 [INFO] Initializing virtual mode correlation histograms...
2026-06-16 02:07:25,399 [INFO]   Within-mode (H3): ch1 <-> ch2
2026-06-16 02:07:25,400 [INFO]   Cross-mode: H3 <-> H4
2026-06-16 02:07:25,400 [INFO]   Cross-mode: H3 <-> H5
2026-06-16 02:07:25,401 [INFO]   Within-mode (H4): ch3 <-> ch4
2026-06-16 02:07:25,402 [INFO]   Cross-mode: H4 <-> H5
2026-06-16 02:07:25,402 [INFO]   Within-mode (H5): ch5 <-> ch6
2026-06-16 02:07:25,404 [INFO] Measurement starting for 10.000min / 0.167h
2026-06-16 02:17:25,709 [INFO] Measurements finished.
2026-06-16 02:17:25,710 [INFO] Collecting measurement data...
2026-06-16 02:17:25,712 [INFO] Collecting physical correlation data for (1,2)
2026-06-16 02:17:25,717 [INFO] Collecting physical correlation data for (1,3)
2026-06-16 02:17:25,720 [INFO] Collecting physical correlation data for (1,4)
2026-06-16 02:17:25,722 [INFO] Collecting physical correlation data for (1,5)
2026-06-16 02:17:25,724 [INFO] Collecting physical correlation data for (1,6)
2026-06-16 02:17:25,726 [INFO] Collecting physical correlation data for (2,3)
2026-06-16 02:17:25,727 [INFO] Collecting physical correlation data for (2,4)
2026-06-16 02:17:25,729 [INFO] Collecting physical correlation data for (2,5)
2026-06-16 02:17:25,731 [INFO] Collecting physical correlation data for (2,6)
2026-06-16 02:17:25,733 [INFO] Collecting physical correlation data for (3,4)
2026-06-16 02:17:25,735 [INFO] Collecting physical correlation data for (3,5)
2026-06-16 02:17:25,737 [INFO] Collecting physical correlation data for (3,6)
2026-06-16 02:17:25,739 [INFO] Collecting physical correlation data for (4,5)
2026-06-16 02:17:25,741 [INFO] Collecting physical correlation data for (4,6)
2026-06-16 02:17:25,743 [INFO] Collecting physical correlation data for (5,6)
2026-06-16 02:17:25,744 [INFO] Collecting virtual correlation data for (H3,H3)
2026-06-16 02:17:25,746 [INFO] Collecting virtual correlation data for (H3,H4)
2026-06-16 02:17:25,748 [INFO] Collecting virtual correlation data for (H3,H5)
2026-06-16 02:17:25,750 [INFO] Collecting virtual correlation data for (H4,H4)
2026-06-16 02:17:25,752 [INFO] Collecting virtual correlation data for (H4,H5)
2026-06-16 02:17:25,754 [INFO] Collecting virtual correlation data for (H5,H5)
2026-06-16 02:17:25,775 [INFO] Starting writing data to file.
2026-06-16 02:17:25,857 [INFO] Saved data.
2026-06-16 02:17:25,982 [INFO] Merging 1 chunks into running total...
2026-06-16 02:17:25,983 [INFO] ============================================================
2026-06-16 02:17:25,984 [INFO] STATUS REPORT | Duration: 10.00 min (0.167 h)
2026-06-16 02:17:25,985 [INFO] ============================================================
2026-06-16 02:17:25,986 [INFO] COUNTRATES (Physical):
2026-06-16 02:17:25,987 [INFO]   Ch 1: 18.8 kHz (total: 11,309,771)
2026-06-16 02:17:25,988 [INFO]   Ch 2: 26.2 kHz (total: 15,741,372)
2026-06-16 02:17:25,989 [INFO]   Ch 3: 7.6 kHz (total: 4,545,323)
2026-06-16 02:17:25,990 [INFO]   Ch 4: 8.0 kHz (total: 4,794,118)
2026-06-16 02:17:25,990 [INFO]   Ch 5: 0.1 kHz (total: 84,392)
2026-06-16 02:17:25,991 [INFO]   Ch 6: 0.1 kHz (total: 74,857)
2026-06-16 02:17:25,992 [INFO] COUNTRATES (Virtual):
2026-06-16 02:17:25,992 [INFO]   H3: 45.1 kHz (total: 27,051,143)
2026-06-16 02:17:25,993 [INFO]   H4: 15.6 kHz (total: 9,339,441)
2026-06-16 02:17:25,993 [INFO]   H5: 0.3 kHz (total: 159,249)
2026-06-16 02:17:25,994 [INFO] ------------------------------------------------------------
2026-06-16 02:17:25,994 [INFO] COINCIDENCES (threshold: 100000)
2026-06-16 02:17:25,996 [INFO] ------------------------------------------------------------
2026-06-16 02:17:25,996 [INFO] Twofold (physical) (Reached Threshold):
2026-06-16 02:17:25,997 [INFO]   (1,2): 17,163 X
2026-06-16 02:17:25,998 [INFO]   (1,3): 4,987 X
2026-06-16 02:17:25,998 [INFO]   (1,4): 5,184 X
2026-06-16 02:17:25,999 [INFO]   (1,5): 105 X
2026-06-16 02:17:26,000 [INFO]   (1,6): 77 X
2026-06-16 02:17:26,000 [INFO]   (2,3): 6,559 X
2026-06-16 02:17:26,001 [INFO]   (2,4): 6,983 X
2026-06-16 02:17:26,001 [INFO]   (2,5): 104 X
2026-06-16 02:17:26,002 [INFO]   (2,6): 120 X
2026-06-16 02:17:26,003 [INFO]   (3,4): 2,037 X
2026-06-16 02:17:26,003 [INFO]   (3,5): 29 X
2026-06-16 02:17:26,004 [INFO]   (3,6): 35 X
2026-06-16 02:17:26,005 [INFO]   (4,5): 36 X
2026-06-16 02:17:26,005 [INFO]   (4,6): 33 X
2026-06-16 02:17:26,006 [INFO]   (5,6): 1 X
2026-06-16 02:17:26,007 [INFO] ============================================================
2026-06-16 02:17:26,008 [INFO] >>> 15 combination(s) below threshold <<<
2026-06-16 02:17:26,008 [INFO] ============================================================
2026-06-16 02:17:26,108 [INFO] Updated merged data: C:\Users\QUANTUM\OneDrive - ENSTA\!Working files\HBT\HBT Data\Tests_Jun\2026-06-15_20-01-37_g2_heralded_virtual\MERGED\20-01-37_2026-06-15_6.03mW_num0_MERGED.pkl
2026-06-16 02:17:26,147 [INFO] Found 0 connected Time Tagger(s)
2026-06-16 02:17:27,763 [INFO] t:   1 s, Board temperature: 40.9 °C, FPGA temperature: 56.9 °C
2026-06-16 02:17:29,337 [INFO] t:   2 s, Board temperature: 40.9 °C, FPGA temperature: 56.9 °C
2026-06-16 02:17:30,915 [INFO] t:   3 s, Board temperature: 41.1 °C, FPGA temperature: 56.9 °C
2026-06-16 02:17:32,488 [INFO] t:   4 s, Board temperature: 41.0 °C, FPGA temperature: 56.9 °C
2026-06-16 02:17:34,045 [INFO] t:   5 s, Board temperature: 40.9 °C, FPGA temperature: 56.9 °C
2026-06-16 02:17:34,045 [INFO] The Time Tagger is warmed up.
2026-06-16 02:17:34,046 [INFO] Time Tagger initialized.
2026-06-16 02:17:34,048 [INFO] Chunk 2/6 | Elapsed: 20.0 min
2026-06-16 02:17:34,048 [INFO] Initializing experiment on Time Tagger.
2026-06-16 02:17:34,049 [INFO] Deadtime for channel 1: 0 ps
2026-06-16 02:17:34,050 [INFO] Deadtime for channel 2: 0 ps
2026-06-16 02:17:34,051 [INFO] Deadtime for channel 3: 0 ps
2026-06-16 02:17:34,052 [INFO] Deadtime for channel 4: 0 ps
2026-06-16 02:17:34,052 [INFO] Deadtime for channel 5: 0 ps
2026-06-16 02:17:34,053 [INFO] Deadtime for channel 6: 0 ps
2026-06-16 02:17:34,054 [INFO] Delays on channels enabled.
2026-06-16 02:17:34,054 [INFO] Delay for channel 1: requested=0 ps, actual=0 ps
2026-06-16 02:17:34,055 [INFO] Delay for channel 2: requested=-1000 ps, actual=-1000 ps
2026-06-16 02:17:34,056 [INFO] Delay for channel 3: requested=20000 ps, actual=20000 ps
2026-06-16 02:17:34,057 [INFO] Delay for channel 4: requested=16500 ps, actual=16500 ps
2026-06-16 02:17:34,057 [INFO] Delay for channel 5: requested=17800 ps, actual=17800 ps
2026-06-16 02:17:34,058 [INFO] Delay for channel 6: requested=17300 ps, actual=17300 ps
2026-06-16 02:17:34,058 [INFO] Executing synchronized correlation measurement.
2026-06-16 02:17:34,059 [INFO] Delays on channels enabled.
2026-06-16 02:17:34,059 [INFO] Delay for channel 1: requested=0 ps, actual=0 ps.
2026-06-16 02:17:34,060 [INFO] Delay for channel 2: requested=-1000 ps, actual=-1000 ps.
2026-06-16 02:17:34,060 [INFO] Delay for channel 3: requested=20000 ps, actual=20000 ps.
2026-06-16 02:17:34,061 [INFO] Delay for channel 4: requested=16500 ps, actual=16500 ps.
2026-06-16 02:17:34,062 [INFO] Delay for channel 5: requested=17800 ps, actual=17800 ps.
2026-06-16 02:17:34,062 [INFO] Delay for channel 6: requested=17300 ps, actual=17300 ps.
2026-06-16 02:17:34,063 [INFO] Initializing measurement with virtual mode channels for ALL heralding permutations.
2026-06-16 02:17:34,063 [INFO] Automatically generated modes from input: {'H3': [1, 2], 'H4': [3, 4], 'H5': [5, 6]}
2026-06-16 02:17:34,064 [INFO] Setting up virtual channels...
2026-06-16 02:17:34,065 [INFO] Initializing physical channel correlation histograms...
2026-06-16 02:17:34,066 [INFO]   Physical correlation: ch1 <-> ch2
2026-06-16 02:17:34,066 [INFO]   Physical correlation: ch1 <-> ch3
2026-06-16 02:17:34,067 [INFO]   Physical correlation: ch1 <-> ch4
2026-06-16 02:17:34,068 [INFO]   Physical correlation: ch1 <-> ch5
2026-06-16 02:17:34,069 [INFO]   Physical correlation: ch1 <-> ch6
2026-06-16 02:17:34,069 [INFO]   Physical correlation: ch2 <-> ch3
2026-06-16 02:17:34,070 [INFO]   Physical correlation: ch2 <-> ch4
2026-06-16 02:17:34,070 [INFO]   Physical correlation: ch2 <-> ch5
2026-06-16 02:17:34,071 [INFO]   Physical correlation: ch2 <-> ch6
2026-06-16 02:17:34,072 [INFO]   Physical correlation: ch3 <-> ch4
2026-06-16 02:17:34,072 [INFO]   Physical correlation: ch3 <-> ch5
2026-06-16 02:17:34,073 [INFO]   Physical correlation: ch3 <-> ch6
2026-06-16 02:17:34,074 [INFO]   Physical correlation: ch4 <-> ch5
2026-06-16 02:17:34,074 [INFO]   Physical correlation: ch4 <-> ch6
2026-06-16 02:17:34,075 [INFO]   Physical correlation: ch5 <-> ch6
2026-06-16 02:17:34,076 [INFO] Initializing virtual mode correlation histograms...
2026-06-16 02:17:34,077 [INFO]   Within-mode (H3): ch1 <-> ch2
2026-06-16 02:17:34,077 [INFO]   Cross-mode: H3 <-> H4
2026-06-16 02:17:34,078 [INFO]   Cross-mode: H3 <-> H5
2026-06-16 02:17:34,079 [INFO]   Within-mode (H4): ch3 <-> ch4
2026-06-16 02:17:34,080 [INFO]   Cross-mode: H4 <-> H5
2026-06-16 02:17:34,081 [INFO]   Within-mode (H5): ch5 <-> ch6
2026-06-16 02:17:34,083 [INFO] Measurement starting for 10.000min / 0.167h
2026-06-16 02:27:34,375 [INFO] Measurements finished.
2026-06-16 02:27:34,377 [INFO] Collecting measurement data...
2026-06-16 02:27:34,379 [INFO] Collecting physical correlation data for (1,2)
2026-06-16 02:27:34,384 [INFO] Collecting physical correlation data for (1,3)
2026-06-16 02:27:34,389 [INFO] Collecting physical correlation data for (1,4)
2026-06-16 02:27:34,394 [INFO] Collecting physical correlation data for (1,5)
2026-06-16 02:27:34,398 [INFO] Collecting physical correlation data for (1,6)
2026-06-16 02:27:34,403 [INFO] Collecting physical correlation data for (2,3)
2026-06-16 02:27:34,406 [INFO] Collecting physical correlation data for (2,4)
2026-06-16 02:27:34,408 [INFO] Collecting physical correlation data for (2,5)
2026-06-16 02:27:34,410 [INFO] Collecting physical correlation data for (2,6)
2026-06-16 02:27:34,412 [INFO] Collecting physical correlation data for (3,4)
2026-06-16 02:27:34,414 [INFO] Collecting physical correlation data for (3,5)
2026-06-16 02:27:34,415 [INFO] Collecting physical correlation data for (3,6)
2026-06-16 02:27:34,417 [INFO] Collecting physical correlation data for (4,5)
2026-06-16 02:27:34,419 [INFO] Collecting physical correlation data for (4,6)
2026-06-16 02:27:34,421 [INFO] Collecting physical correlation data for (5,6)
2026-06-16 02:27:34,423 [INFO] Collecting virtual correlation data for (H3,H3)
2026-06-16 02:27:34,425 [INFO] Collecting virtual correlation data for (H3,H4)
2026-06-16 02:27:34,427 [INFO] Collecting virtual correlation data for (H3,H5)
2026-06-16 02:27:34,429 [INFO] Collecting virtual correlation data for (H4,H4)
2026-06-16 02:27:34,431 [INFO] Collecting virtual correlation data for (H4,H5)
2026-06-16 02:27:34,434 [INFO] Collecting virtual correlation data for (H5,H5)
2026-06-16 02:27:34,454 [INFO] Starting writing data to file.
2026-06-16 02:27:34,549 [INFO] Saved data.
2026-06-16 02:27:34,653 [INFO] Merging 1 chunks into running total...
2026-06-16 02:27:34,825 [INFO] ============================================================
2026-06-16 02:27:34,826 [INFO] STATUS REPORT | Duration: 20.00 min (0.333 h)
2026-06-16 02:27:34,827 [INFO] ============================================================
2026-06-16 02:27:34,828 [INFO] COUNTRATES (Physical):
2026-06-16 02:27:34,828 [INFO]   Ch 1: 18.8 kHz (total: 22,566,310)
2026-06-16 02:27:34,829 [INFO]   Ch 2: 26.2 kHz (total: 31,447,527)
2026-06-16 02:27:34,830 [INFO]   Ch 3: 7.6 kHz (total: 9,077,110)
2026-06-16 02:27:34,831 [INFO]   Ch 4: 8.0 kHz (total: 9,575,457)
2026-06-16 02:27:34,832 [INFO]   Ch 5: 0.1 kHz (total: 168,254)
2026-06-16 02:27:34,832 [INFO]   Ch 6: 0.1 kHz (total: 149,508)
2026-06-16 02:27:34,833 [INFO] COUNTRATES (Virtual):
2026-06-16 02:27:34,834 [INFO]   H3: 45.0 kHz (total: 54,013,837)
2026-06-16 02:27:34,834 [INFO]   H4: 15.5 kHz (total: 18,652,567)
2026-06-16 02:27:34,835 [INFO]   H5: 0.3 kHz (total: 317,762)
2026-06-16 02:27:34,836 [INFO] ------------------------------------------------------------
2026-06-16 02:27:34,837 [INFO] COINCIDENCES (threshold: 100000)
2026-06-16 02:27:34,837 [INFO] ------------------------------------------------------------
2026-06-16 02:27:34,838 [INFO] Twofold (physical) (Reached Threshold):
2026-06-16 02:27:34,839 [INFO]   (1,2): 34,113 X
2026-06-16 02:27:34,839 [INFO]   (1,3): 9,945 X
2026-06-16 02:27:34,840 [INFO]   (1,4): 10,284 X
2026-06-16 02:27:34,841 [INFO]   (1,5): 204 X
2026-06-16 02:27:34,841 [INFO]   (1,6): 162 X
2026-06-16 02:27:34,842 [INFO]   (2,3): 13,214 X
2026-06-16 02:27:34,842 [INFO]   (2,4): 14,076 X
2026-06-16 02:27:34,843 [INFO]   (2,5): 244 X
2026-06-16 02:27:34,843 [INFO]   (2,6): 235 X
2026-06-16 02:27:34,844 [INFO]   (3,4): 4,140 X
2026-06-16 02:27:34,845 [INFO]   (3,5): 62 X
2026-06-16 02:27:34,845 [INFO]   (3,6): 75 X
2026-06-16 02:27:34,846 [INFO]   (4,5): 73 X
2026-06-16 02:27:34,847 [INFO]   (4,6): 64 X
2026-06-16 02:27:34,847 [INFO]   (5,6): 2 X
2026-06-16 02:27:34,847 [INFO] ============================================================
2026-06-16 02:27:34,848 [INFO] >>> 15 combination(s) below threshold <<<
2026-06-16 02:27:34,849 [INFO] ============================================================
2026-06-16 02:27:34,930 [INFO] Updated merged data: C:\Users\QUANTUM\OneDrive - ENSTA\!Working files\HBT\HBT Data\Tests_Jun\2026-06-15_20-01-37_g2_heralded_virtual\MERGED\20-01-37_2026-06-15_6.03mW_num0_MERGED.pkl
2026-06-16 02:27:34,970 [INFO] Found 0 connected Time Tagger(s)
2026-06-16 02:27:36,579 [INFO] t:   1 s, Board temperature: 40.8 °C, FPGA temperature: 56.7 °C
2026-06-16 02:27:38,152 [INFO] t:   2 s, Board temperature: 40.9 °C, FPGA temperature: 56.8 °C
2026-06-16 02:27:39,731 [INFO] t:   3 s, Board temperature: 40.8 °C, FPGA temperature: 56.6 °C
2026-06-16 02:27:41,292 [INFO] t:   4 s, Board temperature: 40.8 °C, FPGA temperature: 56.5 °C
2026-06-16 02:27:42,852 [INFO] t:   5 s, Board temperature: 40.7 °C, FPGA temperature: 56.6 °C
2026-06-16 02:27:42,853 [INFO] The Time Tagger is warmed up.
2026-06-16 02:27:42,854 [INFO] Time Tagger initialized.
2026-06-16 02:27:42,855 [INFO] Chunk 3/6 | Elapsed: 30.0 min
2026-06-16 02:27:42,855 [INFO] Initializing experiment on Time Tagger.
2026-06-16 02:27:42,856 [INFO] Deadtime for channel 1: 0 ps
2026-06-16 02:27:42,857 [INFO] Deadtime for channel 2: 0 ps
2026-06-16 02:27:42,857 [INFO] Deadtime for channel 3: 0 ps
2026-06-16 02:27:42,858 [INFO] Deadtime for channel 4: 0 ps
2026-06-16 02:27:42,859 [INFO] Deadtime for channel 5: 0 ps
2026-06-16 02:27:42,859 [INFO] Deadtime for channel 6: 0 ps
2026-06-16 02:27:42,860 [INFO] Delays on channels enabled.
2026-06-16 02:27:42,861 [INFO] Delay for channel 1: requested=0 ps, actual=0 ps
2026-06-16 02:27:42,861 [INFO] Delay for channel 2: requested=-1000 ps, actual=-1000 ps
2026-06-16 02:27:42,862 [INFO] Delay for channel 3: requested=20000 ps, actual=20000 ps
2026-06-16 02:27:42,862 [INFO] Delay for channel 4: requested=16500 ps, actual=16500 ps
2026-06-16 02:27:42,863 [INFO] Delay for channel 5: requested=17800 ps, actual=17800 ps
2026-06-16 02:27:42,864 [INFO] Delay for channel 6: requested=17300 ps, actual=17300 ps
2026-06-16 02:27:42,864 [INFO] Executing synchronized correlation measurement.
2026-06-16 02:27:42,865 [INFO] Delays on channels enabled.
2026-06-16 02:27:42,865 [INFO] Delay for channel 1: requested=0 ps, actual=0 ps.
2026-06-16 02:27:42,866 [INFO] Delay for channel 2: requested=-1000 ps, actual=-1000 ps.
2026-06-16 02:27:42,867 [INFO] Delay for channel 3: requested=20000 ps, actual=20000 ps.
2026-06-16 02:27:42,867 [INFO] Delay for channel 4: requested=16500 ps, actual=16500 ps.
2026-06-16 02:27:42,868 [INFO] Delay for channel 5: requested=17800 ps, actual=17800 ps.
2026-06-16 02:27:42,868 [INFO] Delay for channel 6: requested=17300 ps, actual=17300 ps.
2026-06-16 02:27:42,869 [INFO] Initializing measurement with virtual mode channels for ALL heralding permutations.
2026-06-16 02:27:42,870 [INFO] Automatically generated modes from input: {'H3': [1, 2], 'H4': [3, 4], 'H5': [5, 6]}
2026-06-16 02:27:42,870 [INFO] Setting up virtual channels...
2026-06-16 02:27:42,871 [INFO] Initializing physical channel correlation histograms...
2026-06-16 02:27:42,872 [INFO]   Physical correlation: ch1 <-> ch2
2026-06-16 02:27:42,873 [INFO]   Physical correlation: ch1 <-> ch3
2026-06-16 02:27:42,873 [INFO]   Physical correlation: ch1 <-> ch4
2026-06-16 02:27:42,874 [INFO]   Physical correlation: ch1 <-> ch5
2026-06-16 02:27:42,875 [INFO]   Physical correlation: ch1 <-> ch6
2026-06-16 02:27:42,875 [INFO]   Physical correlation: ch2 <-> ch3
2026-06-16 02:27:42,876 [INFO]   Physical correlation: ch2 <-> ch4
2026-06-16 02:27:42,877 [INFO]   Physical correlation: ch2 <-> ch5
2026-06-16 02:27:42,877 [INFO]   Physical correlation: ch2 <-> ch6
2026-06-16 02:27:42,878 [INFO]   Physical correlation: ch3 <-> ch4
2026-06-16 02:27:42,879 [INFO]   Physical correlation: ch3 <-> ch5
2026-06-16 02:27:42,879 [INFO]   Physical correlation: ch3 <-> ch6
2026-06-16 02:27:42,880 [INFO]   Physical correlation: ch4 <-> ch5
2026-06-16 02:27:42,881 [INFO]   Physical correlation: ch4 <-> ch6
2026-06-16 02:27:42,881 [INFO]   Physical correlation: ch5 <-> ch6
2026-06-16 02:27:42,882 [INFO] Initializing virtual mode correlation histograms...
2026-06-16 02:27:42,883 [INFO]   Within-mode (H3): ch1 <-> ch2
2026-06-16 02:27:42,883 [INFO]   Cross-mode: H3 <-> H4
2026-06-16 02:27:42,884 [INFO]   Cross-mode: H3 <-> H5
2026-06-16 02:27:42,885 [INFO]   Within-mode (H4): ch3 <-> ch4
2026-06-16 02:27:42,885 [INFO]   Cross-mode: H4 <-> H5
2026-06-16 02:27:42,886 [INFO]   Within-mode (H5): ch5 <-> ch6
2026-06-16 02:27:42,887 [INFO] Measurement starting for 10.000min / 0.167h
2026-06-16 02:37:43,188 [INFO] Measurements finished.
2026-06-16 02:37:43,189 [INFO] Collecting measurement data...
2026-06-16 02:37:43,190 [INFO] Collecting physical correlation data for (1,2)
2026-06-16 02:37:43,193 [INFO] Collecting physical correlation data for (1,3)
2026-06-16 02:37:43,195 [INFO] Collecting physical correlation data for (1,4)
2026-06-16 02:37:43,198 [INFO] Collecting physical correlation data for (1,5)
2026-06-16 02:37:43,200 [INFO] Collecting physical correlation data for (1,6)
2026-06-16 02:37:43,203 [INFO] Collecting physical correlation data for (2,3)
2026-06-16 02:37:43,205 [INFO] Collecting physical correlation data for (2,4)
2026-06-16 02:37:43,208 [INFO] Collecting physical correlation data for (2,5)
2026-06-16 02:37:43,210 [INFO] Collecting physical correlation data for (2,6)
2026-06-16 02:37:43,212 [INFO] Collecting physical correlation data for (3,4)
2026-06-16 02:37:43,215 [INFO] Collecting physical correlation data for (3,5)
2026-06-16 02:37:43,217 [INFO] Collecting physical correlation data for (3,6)
2026-06-16 02:37:43,220 [INFO] Collecting physical correlation data for (4,5)
2026-06-16 02:37:43,222 [INFO] Collecting physical correlation data for (4,6)
2026-06-16 02:37:43,225 [INFO] Collecting physical correlation data for (5,6)
2026-06-16 02:37:43,227 [INFO] Collecting virtual correlation data for (H3,H3)
2026-06-16 02:37:43,230 [INFO] Collecting virtual correlation data for (H3,H4)
2026-06-16 02:37:43,232 [INFO] Collecting virtual correlation data for (H3,H5)
2026-06-16 02:37:43,235 [INFO] Collecting virtual correlation data for (H4,H4)
2026-06-16 02:37:43,238 [INFO] Collecting virtual correlation data for (H4,H5)
2026-06-16 02:37:43,240 [INFO] Collecting virtual correlation data for (H5,H5)
2026-06-16 02:37:43,259 [INFO] Starting writing data to file.
2026-06-16 02:37:43,349 [INFO] Saved data.
2026-06-16 02:37:43,497 [INFO] Merging 1 chunks into running total...
2026-06-16 02:37:43,672 [INFO] ============================================================
2026-06-16 02:37:43,673 [INFO] STATUS REPORT | Duration: 30.00 min (0.500 h)
2026-06-16 02:37:43,674 [INFO] ============================================================
2026-06-16 02:37:43,675 [INFO] COUNTRATES (Physical):
2026-06-16 02:37:43,675 [INFO]   Ch 1: 18.8 kHz (total: 33,856,581)
2026-06-16 02:37:43,676 [INFO]   Ch 2: 26.2 kHz (total: 47,204,974)
2026-06-16 02:37:43,676 [INFO]   Ch 3: 7.6 kHz (total: 13,628,404)
2026-06-16 02:37:43,677 [INFO]   Ch 4: 8.0 kHz (total: 14,376,273)
2026-06-16 02:37:43,679 [INFO]   Ch 5: 0.1 kHz (total: 252,957)
2026-06-16 02:37:43,679 [INFO]   Ch 6: 0.1 kHz (total: 224,692)
2026-06-16 02:37:43,680 [INFO] COUNTRATES (Virtual):
2026-06-16 02:37:43,680 [INFO]   H3: 45.0 kHz (total: 81,061,555)
2026-06-16 02:37:43,682 [INFO]   H4: 15.6 kHz (total: 28,004,677)
2026-06-16 02:37:43,682 [INFO]   H5: 0.3 kHz (total: 477,649)
2026-06-16 02:37:43,683 [INFO] ------------------------------------------------------------
2026-06-16 02:37:43,684 [INFO] COINCIDENCES (threshold: 100000)
2026-06-16 02:37:43,685 [INFO] ------------------------------------------------------------
2026-06-16 02:37:43,685 [INFO] Twofold (physical) (Reached Threshold):
2026-06-16 02:37:43,686 [INFO]   (1,2): 51,179 X
2026-06-16 02:37:43,687 [INFO]   (1,3): 14,918 X
2026-06-16 02:37:43,688 [INFO]   (1,4): 15,408 X
2026-06-16 02:37:43,688 [INFO]   (1,5): 303 X
2026-06-16 02:37:43,689 [INFO]   (1,6): 257 X
2026-06-16 02:37:43,690 [INFO]   (2,3): 19,996 X
2026-06-16 02:37:43,690 [INFO]   (2,4): 21,072 X
2026-06-16 02:37:43,691 [INFO]   (2,5): 359 X
2026-06-16 02:37:43,691 [INFO]   (2,6): 346 X
2026-06-16 02:37:43,692 [INFO]   (3,4): 6,201 X
2026-06-16 02:37:43,693 [INFO]   (3,5): 107 X
2026-06-16 02:37:43,693 [INFO]   (3,6): 112 X
2026-06-16 02:37:43,694 [INFO]   (4,5): 120 X
2026-06-16 02:37:43,695 [INFO]   (4,6): 91 X
2026-06-16 02:37:43,696 [INFO]   (5,6): 3 X
2026-06-16 02:37:43,696 [INFO] ============================================================
2026-06-16 02:37:43,697 [INFO] >>> 15 combination(s) below threshold <<<
2026-06-16 02:37:43,697 [INFO] ============================================================
2026-06-16 02:37:43,799 [INFO] Updated merged data: C:\Users\QUANTUM\OneDrive - ENSTA\!Working files\HBT\HBT Data\Tests_Jun\2026-06-15_20-01-37_g2_heralded_virtual\MERGED\20-01-37_2026-06-15_6.03mW_num0_MERGED.pkl
2026-06-16 02:37:43,842 [INFO] Found 0 connected Time Tagger(s)
2026-06-16 02:37:45,484 [INFO] t:   1 s, Board temperature: 41.1 °C, FPGA temperature: 57.0 °C
2026-06-16 02:37:47,039 [INFO] t:   2 s, Board temperature: 41.1 °C, FPGA temperature: 57.0 °C
2026-06-16 02:37:48,610 [INFO] t:   3 s, Board temperature: 41.1 °C, FPGA temperature: 56.9 °C
2026-06-16 02:37:50,167 [INFO] t:   4 s, Board temperature: 41.1 °C, FPGA temperature: 57.1 °C
2026-06-16 02:37:51,735 [INFO] t:   5 s, Board temperature: 41.1 °C, FPGA temperature: 57.1 °C
2026-06-16 02:37:51,735 [INFO] The Time Tagger is warmed up.
2026-06-16 02:37:51,736 [INFO] Time Tagger initialized.
2026-06-16 02:37:51,737 [INFO] Chunk 4/6 | Elapsed: 40.0 min
2026-06-16 02:37:51,738 [INFO] Initializing experiment on Time Tagger.
2026-06-16 02:37:51,739 [INFO] Deadtime for channel 1: 0 ps
2026-06-16 02:37:51,739 [INFO] Deadtime for channel 2: 0 ps
2026-06-16 02:37:51,740 [INFO] Deadtime for channel 3: 0 ps
2026-06-16 02:37:51,741 [INFO] Deadtime for channel 4: 0 ps
2026-06-16 02:37:51,742 [INFO] Deadtime for channel 5: 0 ps
2026-06-16 02:37:51,742 [INFO] Deadtime for channel 6: 0 ps
2026-06-16 02:37:51,743 [INFO] Delays on channels enabled.
2026-06-16 02:37:51,744 [INFO] Delay for channel 1: requested=0 ps, actual=0 ps
2026-06-16 02:37:51,744 [INFO] Delay for channel 2: requested=-1000 ps, actual=-1000 ps
2026-06-16 02:37:51,745 [INFO] Delay for channel 3: requested=20000 ps, actual=20000 ps
2026-06-16 02:37:51,745 [INFO] Delay for channel 4: requested=16500 ps, actual=16500 ps
2026-06-16 02:37:51,746 [INFO] Delay for channel 5: requested=17800 ps, actual=17800 ps
2026-06-16 02:37:51,747 [INFO] Delay for channel 6: requested=17300 ps, actual=17300 ps
2026-06-16 02:37:51,747 [INFO] Executing synchronized correlation measurement.
2026-06-16 02:37:51,748 [INFO] Delays on channels enabled.
2026-06-16 02:37:51,748 [INFO] Delay for channel 1: requested=0 ps, actual=0 ps.
2026-06-16 02:37:51,749 [INFO] Delay for channel 2: requested=-1000 ps, actual=-1000 ps.
2026-06-16 02:37:51,750 [INFO] Delay for channel 3: requested=20000 ps, actual=20000 ps.
2026-06-16 02:37:51,750 [INFO] Delay for channel 4: requested=16500 ps, actual=16500 ps.
2026-06-16 02:37:51,751 [INFO] Delay for channel 5: requested=17800 ps, actual=17800 ps.
2026-06-16 02:37:51,752 [INFO] Delay for channel 6: requested=17300 ps, actual=17300 ps.
2026-06-16 02:37:51,752 [INFO] Initializing measurement with virtual mode channels for ALL heralding permutations.
2026-06-16 02:37:51,753 [INFO] Automatically generated modes from input: {'H3': [1, 2], 'H4': [3, 4], 'H5': [5, 6]}
2026-06-16 02:37:51,753 [INFO] Setting up virtual channels...
2026-06-16 02:37:51,754 [INFO] Initializing physical channel correlation histograms...
2026-06-16 02:37:51,755 [INFO]   Physical correlation: ch1 <-> ch2
2026-06-16 02:37:51,756 [INFO]   Physical correlation: ch1 <-> ch3
2026-06-16 02:37:51,756 [INFO]   Physical correlation: ch1 <-> ch4
2026-06-16 02:37:51,757 [INFO]   Physical correlation: ch1 <-> ch5
2026-06-16 02:37:51,758 [INFO]   Physical correlation: ch1 <-> ch6
2026-06-16 02:37:51,758 [INFO]   Physical correlation: ch2 <-> ch3
2026-06-16 02:37:51,759 [INFO]   Physical correlation: ch2 <-> ch4
2026-06-16 02:37:51,760 [INFO]   Physical correlation: ch2 <-> ch5
2026-06-16 02:37:51,760 [INFO]   Physical correlation: ch2 <-> ch6
2026-06-16 02:37:51,761 [INFO]   Physical correlation: ch3 <-> ch4
2026-06-16 02:37:51,762 [INFO]   Physical correlation: ch3 <-> ch5
2026-06-16 02:37:51,762 [INFO]   Physical correlation: ch3 <-> ch6
2026-06-16 02:37:51,763 [INFO]   Physical correlation: ch4 <-> ch5
2026-06-16 02:37:51,764 [INFO]   Physical correlation: ch4 <-> ch6
2026-06-16 02:37:51,765 [INFO]   Physical correlation: ch5 <-> ch6
2026-06-16 02:37:51,765 [INFO] Initializing virtual mode correlation histograms...
2026-06-16 02:37:51,766 [INFO]   Within-mode (H3): ch1 <-> ch2
2026-06-16 02:37:51,767 [INFO]   Cross-mode: H3 <-> H4
2026-06-16 02:37:51,768 [INFO]   Cross-mode: H3 <-> H5
2026-06-16 02:37:51,769 [INFO]   Within-mode (H4): ch3 <-> ch4
2026-06-16 02:37:51,769 [INFO]   Cross-mode: H4 <-> H5
2026-06-16 02:37:51,770 [INFO]   Within-mode (H5): ch5 <-> ch6
2026-06-16 02:37:51,772 [INFO] Measurement starting for 10.000min / 0.167h
2026-06-16 02:47:52,066 [INFO] Measurements finished.
2026-06-16 02:47:52,068 [INFO] Collecting measurement data...
2026-06-16 02:47:52,069 [INFO] Collecting physical correlation data for (1,2)
2026-06-16 02:47:52,074 [INFO] Collecting physical correlation data for (1,3)
2026-06-16 02:47:52,079 [INFO] Collecting physical correlation data for (1,4)
2026-06-16 02:47:52,081 [INFO] Collecting physical correlation data for (1,5)
2026-06-16 02:47:52,083 [INFO] Collecting physical correlation data for (1,6)
2026-06-16 02:47:52,085 [INFO] Collecting physical correlation data for (2,3)
2026-06-16 02:47:52,087 [INFO] Collecting physical correlation data for (2,4)
2026-06-16 02:47:52,088 [INFO] Collecting physical correlation data for (2,5)
2026-06-16 02:47:52,090 [INFO] Collecting physical correlation data for (2,6)
2026-06-16 02:47:52,092 [INFO] Collecting physical correlation data for (3,4)
2026-06-16 02:47:52,094 [INFO] Collecting physical correlation data for (3,5)
2026-06-16 02:47:52,096 [INFO] Collecting physical correlation data for (3,6)
2026-06-16 02:47:52,098 [INFO] Collecting physical correlation data for (4,5)
2026-06-16 02:47:52,099 [INFO] Collecting physical correlation data for (4,6)
2026-06-16 02:47:52,101 [INFO] Collecting physical correlation data for (5,6)
2026-06-16 02:47:52,103 [INFO] Collecting virtual correlation data for (H3,H3)
2026-06-16 02:47:52,105 [INFO] Collecting virtual correlation data for (H3,H4)
2026-06-16 02:47:52,108 [INFO] Collecting virtual correlation data for (H3,H5)
2026-06-16 02:47:52,110 [INFO] Collecting virtual correlation data for (H4,H4)
2026-06-16 02:47:52,112 [INFO] Collecting virtual correlation data for (H4,H5)
2026-06-16 02:47:52,114 [INFO] Collecting virtual correlation data for (H5,H5)
2026-06-16 02:47:52,133 [INFO] Starting writing data to file.
2026-06-16 02:47:52,222 [INFO] Saved data.
2026-06-16 02:47:52,343 [INFO] Merging 1 chunks into running total...
2026-06-16 02:47:52,504 [INFO] ============================================================
2026-06-16 02:47:52,505 [INFO] STATUS REPORT | Duration: 40.00 min (0.667 h)
2026-06-16 02:47:52,505 [INFO] ============================================================
2026-06-16 02:47:52,506 [INFO] COUNTRATES (Physical):
2026-06-16 02:47:52,507 [INFO]   Ch 1: 18.8 kHz (total: 45,164,592)
2026-06-16 02:47:52,508 [INFO]   Ch 2: 26.2 kHz (total: 62,964,557)
2026-06-16 02:47:52,509 [INFO]   Ch 3: 7.6 kHz (total: 18,178,073)
2026-06-16 02:47:52,509 [INFO]   Ch 4: 8.0 kHz (total: 19,171,429)
2026-06-16 02:47:52,510 [INFO]   Ch 5: 0.1 kHz (total: 337,039)
2026-06-16 02:47:52,511 [INFO]   Ch 6: 0.1 kHz (total: 299,484)
2026-06-16 02:47:52,512 [INFO] COUNTRATES (Virtual):
2026-06-16 02:47:52,512 [INFO]   H3: 45.1 kHz (total: 108,129,149)
2026-06-16 02:47:52,513 [INFO]   H4: 15.6 kHz (total: 37,349,502)
2026-06-16 02:47:52,514 [INFO]   H5: 0.3 kHz (total: 636,523)
2026-06-16 02:47:52,514 [INFO] ------------------------------------------------------------
2026-06-16 02:47:52,515 [INFO] COINCIDENCES (threshold: 100000)
2026-06-16 02:47:52,516 [INFO] ------------------------------------------------------------
2026-06-16 02:47:52,516 [INFO] Twofold (physical) (Reached Threshold):
2026-06-16 02:47:52,517 [INFO]   (1,2): 68,238 X
2026-06-16 02:47:52,518 [INFO]   (1,3): 19,861 X
2026-06-16 02:47:52,518 [INFO]   (1,4): 20,675 X
2026-06-16 02:47:52,518 [INFO]   (1,5): 393 X
2026-06-16 02:47:52,519 [INFO]   (1,6): 348 X
2026-06-16 02:47:52,520 [INFO]   (2,3): 26,746 X
2026-06-16 02:47:52,520 [INFO]   (2,4): 28,163 X
2026-06-16 02:47:52,520 [INFO]   (2,5): 485 X
2026-06-16 02:47:52,521 [INFO]   (2,6): 466 X
2026-06-16 02:47:52,521 [INFO]   (3,4): 8,289 X
2026-06-16 02:47:52,522 [INFO]   (3,5): 147 X
2026-06-16 02:47:52,522 [INFO]   (3,6): 130 X
2026-06-16 02:47:52,523 [INFO]   (4,5): 162 X
2026-06-16 02:47:52,524 [INFO]   (4,6): 126 X
2026-06-16 02:47:52,524 [INFO]   (5,6): 4 X
2026-06-16 02:47:52,525 [INFO] ============================================================
2026-06-16 02:47:52,525 [INFO] >>> 15 combination(s) below threshold <<<
2026-06-16 02:47:52,526 [INFO] ============================================================
2026-06-16 02:47:52,616 [INFO] Updated merged data: C:\Users\QUANTUM\OneDrive - ENSTA\!Working files\HBT\HBT Data\Tests_Jun\2026-06-15_20-01-37_g2_heralded_virtual\MERGED\20-01-37_2026-06-15_6.03mW_num0_MERGED.pkl
2026-06-16 02:47:52,657 [INFO] Found 0 connected Time Tagger(s)
2026-06-16 02:47:54,291 [INFO] t:   1 s, Board temperature: 41.0 °C, FPGA temperature: 56.8 °C
2026-06-16 02:47:55,867 [INFO] t:   2 s, Board temperature: 40.9 °C, FPGA temperature: 56.8 °C
2026-06-16 02:47:57,434 [INFO] t:   3 s, Board temperature: 40.9 °C, FPGA temperature: 56.9 °C
2026-06-16 02:47:58,992 [INFO] t:   4 s, Board temperature: 41.0 °C, FPGA temperature: 56.9 °C
2026-06-16 02:48:00,555 [INFO] t:   5 s, Board temperature: 40.9 °C, FPGA temperature: 56.9 °C
2026-06-16 02:48:00,556 [INFO] The Time Tagger is warmed up.
2026-06-16 02:48:00,557 [INFO] Time Tagger initialized.
2026-06-16 02:48:00,559 [INFO] Chunk 5/6 | Elapsed: 50.0 min
2026-06-16 02:48:00,559 [INFO] Initializing experiment on Time Tagger.
2026-06-16 02:48:00,560 [INFO] Deadtime for channel 1: 0 ps
2026-06-16 02:48:00,560 [INFO] Deadtime for channel 2: 0 ps
2026-06-16 02:48:00,561 [INFO] Deadtime for channel 3: 0 ps
2026-06-16 02:48:00,562 [INFO] Deadtime for channel 4: 0 ps
2026-06-16 02:48:00,562 [INFO] Deadtime for channel 5: 0 ps
2026-06-16 02:48:00,563 [INFO] Deadtime for channel 6: 0 ps
2026-06-16 02:48:00,563 [INFO] Delays on channels enabled.
2026-06-16 02:48:00,564 [INFO] Delay for channel 1: requested=0 ps, actual=0 ps
2026-06-16 02:48:00,565 [INFO] Delay for channel 2: requested=-1000 ps, actual=-1000 ps
2026-06-16 02:48:00,565 [INFO] Delay for channel 3: requested=20000 ps, actual=20000 ps
2026-06-16 02:48:00,566 [INFO] Delay for channel 4: requested=16500 ps, actual=16500 ps
2026-06-16 02:48:00,567 [INFO] Delay for channel 5: requested=17800 ps, actual=17800 ps
2026-06-16 02:48:00,567 [INFO] Delay for channel 6: requested=17300 ps, actual=17300 ps
2026-06-16 02:48:00,567 [INFO] Executing synchronized correlation measurement.
2026-06-16 02:48:00,568 [INFO] Delays on channels enabled.
2026-06-16 02:48:00,569 [INFO] Delay for channel 1: requested=0 ps, actual=0 ps.
2026-06-16 02:48:00,569 [INFO] Delay for channel 2: requested=-1000 ps, actual=-1000 ps.
2026-06-16 02:48:00,570 [INFO] Delay for channel 3: requested=20000 ps, actual=20000 ps.
2026-06-16 02:48:00,571 [INFO] Delay for channel 4: requested=16500 ps, actual=16500 ps.
2026-06-16 02:48:00,571 [INFO] Delay for channel 5: requested=17800 ps, actual=17800 ps.
2026-06-16 02:48:00,572 [INFO] Delay for channel 6: requested=17300 ps, actual=17300 ps.
2026-06-16 02:48:00,572 [INFO] Initializing measurement with virtual mode channels for ALL heralding permutations.
2026-06-16 02:48:00,573 [INFO] Automatically generated modes from input: {'H3': [1, 2], 'H4': [3, 4], 'H5': [5, 6]}
2026-06-16 02:48:00,574 [INFO] Setting up virtual channels...
2026-06-16 02:48:00,575 [INFO] Initializing physical channel correlation histograms...
2026-06-16 02:48:00,575 [INFO]   Physical correlation: ch1 <-> ch2
2026-06-16 02:48:00,576 [INFO]   Physical correlation: ch1 <-> ch3
2026-06-16 02:48:00,577 [INFO]   Physical correlation: ch1 <-> ch4
2026-06-16 02:48:00,577 [INFO]   Physical correlation: ch1 <-> ch5
2026-06-16 02:48:00,578 [INFO]   Physical correlation: ch1 <-> ch6
2026-06-16 02:48:00,579 [INFO]   Physical correlation: ch2 <-> ch3
2026-06-16 02:48:00,579 [INFO]   Physical correlation: ch2 <-> ch4
2026-06-16 02:48:00,580 [INFO]   Physical correlation: ch2 <-> ch5
2026-06-16 02:48:00,581 [INFO]   Physical correlation: ch2 <-> ch6
2026-06-16 02:48:00,581 [INFO]   Physical correlation: ch3 <-> ch4
2026-06-16 02:48:00,582 [INFO]   Physical correlation: ch3 <-> ch5
2026-06-16 02:48:00,583 [INFO]   Physical correlation: ch3 <-> ch6
2026-06-16 02:48:00,584 [INFO]   Physical correlation: ch4 <-> ch5
2026-06-16 02:48:00,584 [INFO]   Physical correlation: ch4 <-> ch6
2026-06-16 02:48:00,585 [INFO]   Physical correlation: ch5 <-> ch6
2026-06-16 02:48:00,586 [INFO] Initializing virtual mode correlation histograms...
2026-06-16 02:48:00,586 [INFO]   Within-mode (H3): ch1 <-> ch2
2026-06-16 02:48:00,587 [INFO]   Cross-mode: H3 <-> H4
2026-06-16 02:48:00,588 [INFO]   Cross-mode: H3 <-> H5
2026-06-16 02:48:00,588 [INFO]   Within-mode (H4): ch3 <-> ch4
2026-06-16 02:48:00,589 [INFO]   Cross-mode: H4 <-> H5
2026-06-16 02:48:00,590 [INFO]   Within-mode (H5): ch5 <-> ch6
2026-06-16 02:48:00,592 [INFO] Measurement starting for 10.000min / 0.167h
2026-06-16 02:58:00,896 [INFO] Measurements finished.
2026-06-16 02:58:00,898 [INFO] Collecting measurement data...
2026-06-16 02:58:00,900 [INFO] Collecting physical correlation data for (1,2)
2026-06-16 02:58:00,904 [INFO] Collecting physical correlation data for (1,3)
2026-06-16 02:58:00,907 [INFO] Collecting physical correlation data for (1,4)
2026-06-16 02:58:00,909 [INFO] Collecting physical correlation data for (1,5)
2026-06-16 02:58:00,911 [INFO] Collecting physical correlation data for (1,6)
2026-06-16 02:58:00,913 [INFO] Collecting physical correlation data for (2,3)
2026-06-16 02:58:00,916 [INFO] Collecting physical correlation data for (2,4)
2026-06-16 02:58:00,918 [INFO] Collecting physical correlation data for (2,5)
2026-06-16 02:58:00,920 [INFO] Collecting physical correlation data for (2,6)
2026-06-16 02:58:00,922 [INFO] Collecting physical correlation data for (3,4)
2026-06-16 02:58:00,924 [INFO] Collecting physical correlation data for (3,5)
2026-06-16 02:58:00,926 [INFO] Collecting physical correlation data for (3,6)
2026-06-16 02:58:00,928 [INFO] Collecting physical correlation data for (4,5)
2026-06-16 02:58:00,931 [INFO] Collecting physical correlation data for (4,6)
2026-06-16 02:58:00,933 [INFO] Collecting physical correlation data for (5,6)
2026-06-16 02:58:00,935 [INFO] Collecting virtual correlation data for (H3,H3)
2026-06-16 02:58:00,938 [INFO] Collecting virtual correlation data for (H3,H4)
2026-06-16 02:58:00,940 [INFO] Collecting virtual correlation data for (H3,H5)
2026-06-16 02:58:00,942 [INFO] Collecting virtual correlation data for (H4,H4)
2026-06-16 02:58:00,944 [INFO] Collecting virtual correlation data for (H4,H5)
2026-06-16 02:58:00,946 [INFO] Collecting virtual correlation data for (H5,H5)
2026-06-16 02:58:00,965 [INFO] Starting writing data to file.
2026-06-16 02:58:01,046 [INFO] Saved data.
2026-06-16 02:58:01,169 [INFO] Merging 1 chunks into running total...
2026-06-16 02:58:01,338 [INFO] ============================================================
2026-06-16 02:58:01,339 [INFO] STATUS REPORT | Duration: 50.00 min (0.833 h)
2026-06-16 02:58:01,340 [INFO] ============================================================
2026-06-16 02:58:01,341 [INFO] COUNTRATES (Physical):
2026-06-16 02:58:01,342 [INFO]   Ch 1: 18.8 kHz (total: 56,485,997)
2026-06-16 02:58:01,343 [INFO]   Ch 2: 26.2 kHz (total: 78,724,254)
2026-06-16 02:58:01,344 [INFO]   Ch 3: 7.6 kHz (total: 22,733,323)
2026-06-16 02:58:01,344 [INFO]   Ch 4: 8.0 kHz (total: 23,966,562)
2026-06-16 02:58:01,345 [INFO]   Ch 5: 0.1 kHz (total: 421,757)
2026-06-16 02:58:01,347 [INFO]   Ch 6: 0.1 kHz (total: 374,133)
2026-06-16 02:58:01,347 [INFO] COUNTRATES (Virtual):
2026-06-16 02:58:01,348 [INFO]   H3: 45.1 kHz (total: 135,210,251)
2026-06-16 02:58:01,349 [INFO]   H4: 15.6 kHz (total: 46,699,885)
2026-06-16 02:58:01,350 [INFO]   H5: 0.3 kHz (total: 795,890)
2026-06-16 02:58:01,350 [INFO] ------------------------------------------------------------
2026-06-16 02:58:01,351 [INFO] COINCIDENCES (threshold: 100000)
2026-06-16 02:58:01,351 [INFO] ------------------------------------------------------------
2026-06-16 02:58:01,352 [INFO] Twofold (physical) (Reached Threshold):
2026-06-16 02:58:01,353 [INFO]   (1,2): 85,566 X
2026-06-16 02:58:01,353 [INFO]   (1,3): 24,878 X
2026-06-16 02:58:01,354 [INFO]   (1,4): 25,922 X
2026-06-16 02:58:01,354 [INFO]   (1,5): 493 X
2026-06-16 02:58:01,355 [INFO]   (1,6): 441 X
2026-06-16 02:58:01,355 [INFO]   (2,3): 33,694 X
2026-06-16 02:58:01,356 [INFO]   (2,4): 35,226 X
2026-06-16 02:58:01,356 [INFO]   (2,5): 598 X
2026-06-16 02:58:01,357 [INFO]   (2,6): 587 X
2026-06-16 02:58:01,358 [INFO]   (3,4): 10,324 X
2026-06-16 02:58:01,358 [INFO]   (3,5): 187 X
2026-06-16 02:58:01,359 [INFO]   (3,6): 155 X
2026-06-16 02:58:01,360 [INFO]   (4,5): 207 X
2026-06-16 02:58:01,360 [INFO]   (4,6): 169 X
2026-06-16 02:58:01,361 [INFO]   (5,6): 4 X
2026-06-16 02:58:01,361 [INFO] ============================================================
2026-06-16 02:58:01,362 [INFO] >>> 15 combination(s) below threshold <<<
2026-06-16 02:58:01,363 [INFO] ============================================================
2026-06-16 02:58:01,447 [INFO] Updated merged data: C:\Users\QUANTUM\OneDrive - ENSTA\!Working files\HBT\HBT Data\Tests_Jun\2026-06-15_20-01-37_g2_heralded_virtual\MERGED\20-01-37_2026-06-15_6.03mW_num0_MERGED.pkl
2026-06-16 02:58:01,487 [INFO] Found 0 connected Time Tagger(s)
2026-06-16 02:58:03,126 [INFO] t:   1 s, Board temperature: 40.8 °C, FPGA temperature: 56.8 °C
2026-06-16 02:58:04,688 [INFO] t:   2 s, Board temperature: 40.8 °C, FPGA temperature: 56.8 °C
2026-06-16 02:58:06,251 [INFO] t:   3 s, Board temperature: 40.9 °C, FPGA temperature: 56.8 °C
2026-06-16 02:58:07,821 [INFO] t:   4 s, Board temperature: 40.8 °C, FPGA temperature: 56.9 °C
2026-06-16 02:58:09,395 [INFO] t:   5 s, Board temperature: 40.8 °C, FPGA temperature: 56.8 °C
2026-06-16 02:58:09,396 [INFO] The Time Tagger is warmed up.
2026-06-16 02:58:09,397 [INFO] Time Tagger initialized.
2026-06-16 02:58:09,399 [INFO] Chunk 6/6 | Elapsed: 60.0 min
2026-06-16 02:58:09,399 [INFO] Initializing experiment on Time Tagger.
2026-06-16 02:58:09,400 [INFO] Deadtime for channel 1: 0 ps
2026-06-16 02:58:09,401 [INFO] Deadtime for channel 2: 0 ps
2026-06-16 02:58:09,402 [INFO] Deadtime for channel 3: 0 ps
2026-06-16 02:58:09,403 [INFO] Deadtime for channel 4: 0 ps
2026-06-16 02:58:09,403 [INFO] Deadtime for channel 5: 0 ps
2026-06-16 02:58:09,404 [INFO] Deadtime for channel 6: 0 ps
2026-06-16 02:58:09,406 [INFO] Delays on channels enabled.
2026-06-16 02:58:09,407 [INFO] Delay for channel 1: requested=0 ps, actual=0 ps
2026-06-16 02:58:09,408 [INFO] Delay for channel 2: requested=-1000 ps, actual=-1000 ps
2026-06-16 02:58:09,410 [INFO] Delay for channel 3: requested=20000 ps, actual=20000 ps
2026-06-16 02:58:09,411 [INFO] Delay for channel 4: requested=16500 ps, actual=16500 ps
2026-06-16 02:58:09,412 [INFO] Delay for channel 5: requested=17800 ps, actual=17800 ps
2026-06-16 02:58:09,413 [INFO] Delay for channel 6: requested=17300 ps, actual=17300 ps
2026-06-16 02:58:09,414 [INFO] Executing synchronized correlation measurement.
2026-06-16 02:58:09,416 [INFO] Delays on channels enabled.
2026-06-16 02:58:09,416 [INFO] Delay for channel 1: requested=0 ps, actual=0 ps.
2026-06-16 02:58:09,417 [INFO] Delay for channel 2: requested=-1000 ps, actual=-1000 ps.
2026-06-16 02:58:09,418 [INFO] Delay for channel 3: requested=20000 ps, actual=20000 ps.
2026-06-16 02:58:09,419 [INFO] Delay for channel 4: requested=16500 ps, actual=16500 ps.
2026-06-16 02:58:09,420 [INFO] Delay for channel 5: requested=17800 ps, actual=17800 ps.
2026-06-16 02:58:09,421 [INFO] Delay for channel 6: requested=17300 ps, actual=17300 ps.
2026-06-16 02:58:09,422 [INFO] Initializing measurement with virtual mode channels for ALL heralding permutations.
2026-06-16 02:58:09,422 [INFO] Automatically generated modes from input: {'H3': [1, 2], 'H4': [3, 4], 'H5': [5, 6]}
2026-06-16 02:58:09,424 [INFO] Setting up virtual channels...
2026-06-16 02:58:09,425 [INFO] Initializing physical channel correlation histograms...
2026-06-16 02:58:09,426 [INFO]   Physical correlation: ch1 <-> ch2
2026-06-16 02:58:09,427 [INFO]   Physical correlation: ch1 <-> ch3
2026-06-16 02:58:09,428 [INFO]   Physical correlation: ch1 <-> ch4
2026-06-16 02:58:09,429 [INFO]   Physical correlation: ch1 <-> ch5
2026-06-16 02:58:09,430 [INFO]   Physical correlation: ch1 <-> ch6
2026-06-16 02:58:09,431 [INFO]   Physical correlation: ch2 <-> ch3
2026-06-16 02:58:09,432 [INFO]   Physical correlation: ch2 <-> ch4
2026-06-16 02:58:09,433 [INFO]   Physical correlation: ch2 <-> ch5
2026-06-16 02:58:09,434 [INFO]   Physical correlation: ch2 <-> ch6
2026-06-16 02:58:09,435 [INFO]   Physical correlation: ch3 <-> ch4
2026-06-16 02:58:09,436 [INFO]   Physical correlation: ch3 <-> ch5
2026-06-16 02:58:09,437 [INFO]   Physical correlation: ch3 <-> ch6
2026-06-16 02:58:09,438 [INFO]   Physical correlation: ch4 <-> ch5
2026-06-16 02:58:09,439 [INFO]   Physical correlation: ch4 <-> ch6
2026-06-16 02:58:09,440 [INFO]   Physical correlation: ch5 <-> ch6
2026-06-16 02:58:09,441 [INFO] Initializing virtual mode correlation histograms...
2026-06-16 02:58:09,442 [INFO]   Within-mode (H3): ch1 <-> ch2
2026-06-16 02:58:09,444 [INFO]   Cross-mode: H3 <-> H4
2026-06-16 02:58:09,445 [INFO]   Cross-mode: H3 <-> H5
2026-06-16 02:58:09,446 [INFO]   Within-mode (H4): ch3 <-> ch4
2026-06-16 02:58:09,447 [INFO]   Cross-mode: H4 <-> H5
2026-06-16 02:58:09,448 [INFO]   Within-mode (H5): ch5 <-> ch6
2026-06-16 02:58:09,451 [INFO] Measurement starting for 10.000min / 0.167h
2026-06-16 03:08:09,733 [INFO] Measurements finished.
2026-06-16 03:08:09,735 [INFO] Collecting measurement data...
2026-06-16 03:08:09,736 [INFO] Collecting physical correlation data for (1,2)
2026-06-16 03:08:09,738 [INFO] Collecting physical correlation data for (1,3)
2026-06-16 03:08:09,741 [INFO] Collecting physical correlation data for (1,4)
2026-06-16 03:08:09,743 [INFO] Collecting physical correlation data for (1,5)
2026-06-16 03:08:09,745 [INFO] Collecting physical correlation data for (1,6)
2026-06-16 03:08:09,747 [INFO] Collecting physical correlation data for (2,3)
2026-06-16 03:08:09,749 [INFO] Collecting physical correlation data for (2,4)
2026-06-16 03:08:09,751 [INFO] Collecting physical correlation data for (2,5)
2026-06-16 03:08:09,754 [INFO] Collecting physical correlation data for (2,6)
2026-06-16 03:08:09,756 [INFO] Collecting physical correlation data for (3,4)
2026-06-16 03:08:09,758 [INFO] Collecting physical correlation data for (3,5)
2026-06-16 03:08:09,760 [INFO] Collecting physical correlation data for (3,6)
2026-06-16 03:08:09,762 [INFO] Collecting physical correlation data for (4,5)
2026-06-16 03:08:09,765 [INFO] Collecting physical correlation data for (4,6)
2026-06-16 03:08:09,767 [INFO] Collecting physical correlation data for (5,6)
2026-06-16 03:08:09,769 [INFO] Collecting virtual correlation data for (H3,H3)
2026-06-16 03:08:09,771 [INFO] Collecting virtual correlation data for (H3,H4)
2026-06-16 03:08:09,774 [INFO] Collecting virtual correlation data for (H3,H5)
2026-06-16 03:08:09,776 [INFO] Collecting virtual correlation data for (H4,H4)
2026-06-16 03:08:09,778 [INFO] Collecting virtual correlation data for (H4,H5)
2026-06-16 03:08:09,781 [INFO] Collecting virtual correlation data for (H5,H5)
2026-06-16 03:08:09,801 [INFO] Starting writing data to file.
2026-06-16 03:08:09,895 [INFO] Saved data.
2026-06-16 03:08:10,028 [INFO] Merging 1 chunks into running total...
2026-06-16 03:08:10,198 [INFO] ============================================================
2026-06-16 03:08:10,199 [INFO] STATUS REPORT | Duration: 60.00 min (1.000 h)
2026-06-16 03:08:10,200 [INFO] ============================================================
2026-06-16 03:08:10,201 [INFO] COUNTRATES (Physical):
2026-06-16 03:08:10,202 [INFO]   Ch 1: 18.8 kHz (total: 67,725,484)
2026-06-16 03:08:10,202 [INFO]   Ch 2: 26.2 kHz (total: 94,428,189)
2026-06-16 03:08:10,204 [INFO]   Ch 3: 7.6 kHz (total: 27,265,445)
2026-06-16 03:08:10,205 [INFO]   Ch 4: 8.0 kHz (total: 28,748,517)
2026-06-16 03:08:10,205 [INFO]   Ch 5: 0.1 kHz (total: 506,098)
2026-06-16 03:08:10,206 [INFO]   Ch 6: 0.1 kHz (total: 449,250)
2026-06-16 03:08:10,207 [INFO] COUNTRATES (Virtual):
2026-06-16 03:08:10,207 [INFO]   H3: 45.0 kHz (total: 162,153,673)
2026-06-16 03:08:10,208 [INFO]   H4: 15.6 kHz (total: 56,013,962)
2026-06-16 03:08:10,209 [INFO]   H5: 0.3 kHz (total: 955,348)
2026-06-16 03:08:10,209 [INFO] ------------------------------------------------------------
2026-06-16 03:08:10,210 [INFO] COINCIDENCES (threshold: 100000)
2026-06-16 03:08:10,211 [INFO] ------------------------------------------------------------
2026-06-16 03:08:10,212 [INFO] Twofold (physical) (Reached Threshold):
2026-06-16 03:08:10,212 [INFO]   (1,2): 102,528 Y
2026-06-16 03:08:10,213 [INFO]   (1,3): 29,862 X
2026-06-16 03:08:10,213 [INFO]   (1,4): 30,920 X
2026-06-16 03:08:10,214 [INFO]   (1,5): 590 X
2026-06-16 03:08:10,215 [INFO]   (1,6): 519 X
2026-06-16 03:08:10,216 [INFO]   (2,3): 40,494 X
2026-06-16 03:08:10,216 [INFO]   (2,4): 42,347 X
2026-06-16 03:08:10,217 [INFO]   (2,5): 723 X
2026-06-16 03:08:10,218 [INFO]   (2,6): 714 X
2026-06-16 03:08:10,218 [INFO]   (3,4): 12,355 X
2026-06-16 03:08:10,219 [INFO]   (3,5): 223 X
2026-06-16 03:08:10,220 [INFO]   (3,6): 189 X
2026-06-16 03:08:10,220 [INFO]   (4,5): 241 X
2026-06-16 03:08:10,221 [INFO]   (4,6): 206 X
2026-06-16 03:08:10,222 [INFO]   (5,6): 7 X
2026-06-16 03:08:10,222 [INFO] ============================================================
2026-06-16 03:08:10,223 [INFO] >>> 14 combination(s) below threshold <<<
2026-06-16 03:08:10,223 [INFO] ============================================================
2026-06-16 03:08:10,308 [INFO] Updated merged data: C:\Users\QUANTUM\OneDrive - ENSTA\!Working files\HBT\HBT Data\Tests_Jun\2026-06-15_20-01-37_g2_heralded_virtual\MERGED\20-01-37_2026-06-15_6.03mW_num0_MERGED.pkl
2026-06-16 03:08:10,411 [INFO] Final merged data saved to: C:\Users\QUANTUM\OneDrive - ENSTA\!Working files\HBT\HBT Data\Tests_Jun\2026-06-15_20-01-37_g2_heralded_virtual\MERGED\20-01-37_2026-06-15_6.03mW_num0_MERGED.pkl
2026-06-16 03:08:10,412 [INFO] Total merged duration: 60.00 min
2026-06-16 03:08:10,413 [INFO] Measurement completed in 60.90 min
2026-06-16 03:08:11,261 [INFO] Stage Position: 37.0
2026-06-16 03:08:11,262 [INFO] Starting chunked acquisition (max 6 chunks / 60.0 min)
2026-06-16 03:08:11,263 [INFO] Chunk duration: 10 min
2026-06-16 03:08:11,264 [INFO] Threshold: 100000 counts, checking every 1 chunks
2026-06-16 03:08:11,351 [INFO] Found 0 connected Time Tagger(s)
2026-06-16 03:08:12,962 [INFO] t:   1 s, Board temperature: 40.8 °C, FPGA temperature: 56.8 °C
2026-06-16 03:08:14,532 [INFO] t:   2 s, Board temperature: 40.8 °C, FPGA temperature: 56.8 °C
2026-06-16 03:08:16,116 [INFO] t:   3 s, Board temperature: 40.8 °C, FPGA temperature: 56.7 °C
2026-06-16 03:08:17,672 [INFO] t:   4 s, Board temperature: 40.8 °C, FPGA temperature: 56.8 °C
2026-06-16 03:08:19,218 [INFO] t:   5 s, Board temperature: 40.8 °C, FPGA temperature: 56.8 °C
2026-06-16 03:08:19,218 [INFO] The Time Tagger is warmed up.
2026-06-16 03:08:19,219 [INFO] Time Tagger initialized.
2026-06-16 03:08:19,220 [INFO] Chunk 1/6 | Elapsed: 10.0 min
2026-06-16 03:08:19,221 [INFO] Initializing experiment on Time Tagger.
2026-06-16 03:08:19,222 [INFO] Deadtime for channel 1: 0 ps
2026-06-16 03:08:19,223 [INFO] Deadtime for channel 2: 0 ps
2026-06-16 03:08:19,223 [INFO] Deadtime for channel 3: 0 ps
2026-06-16 03:08:19,224 [INFO] Deadtime for channel 4: 0 ps
2026-06-16 03:08:19,225 [INFO] Deadtime for channel 5: 0 ps
2026-06-16 03:08:19,225 [INFO] Deadtime for channel 6: 0 ps
2026-06-16 03:08:19,226 [INFO] Delays on channels enabled.
2026-06-16 03:08:19,227 [INFO] Delay for channel 1: requested=0 ps, actual=0 ps
2026-06-16 03:08:19,227 [INFO] Delay for channel 2: requested=-1000 ps, actual=-1000 ps
2026-06-16 03:08:19,228 [INFO] Delay for channel 3: requested=20000 ps, actual=20000 ps
2026-06-16 03:08:19,228 [INFO] Delay for channel 4: requested=16500 ps, actual=16500 ps
2026-06-16 03:08:19,229 [INFO] Delay for channel 5: requested=17800 ps, actual=17800 ps
2026-06-16 03:08:19,230 [INFO] Delay for channel 6: requested=17300 ps, actual=17300 ps
2026-06-16 03:08:19,230 [INFO] Executing synchronized correlation measurement.
2026-06-16 03:08:19,231 [INFO] Delays on channels enabled.
2026-06-16 03:08:19,231 [INFO] Delay for channel 1: requested=0 ps, actual=0 ps.
2026-06-16 03:08:19,232 [INFO] Delay for channel 2: requested=-1000 ps, actual=-1000 ps.
2026-06-16 03:08:19,233 [INFO] Delay for channel 3: requested=20000 ps, actual=20000 ps.
2026-06-16 03:08:19,233 [INFO] Delay for channel 4: requested=16500 ps, actual=16500 ps.
2026-06-16 03:08:19,234 [INFO] Delay for channel 5: requested=17800 ps, actual=17800 ps.
2026-06-16 03:08:19,235 [INFO] Delay for channel 6: requested=17300 ps, actual=17300 ps.
2026-06-16 03:08:19,235 [INFO] Initializing measurement with virtual mode channels for ALL heralding permutations.
2026-06-16 03:08:19,236 [INFO] Automatically generated modes from input: {'H3': [1, 2], 'H4': [3, 4], 'H5': [5, 6]}
2026-06-16 03:08:19,236 [INFO] Setting up virtual channels...
2026-06-16 03:08:19,238 [INFO] Initializing physical channel correlation histograms...
2026-06-16 03:08:19,238 [INFO]   Physical correlation: ch1 <-> ch2
2026-06-16 03:08:19,239 [INFO]   Physical correlation: ch1 <-> ch3
2026-06-16 03:08:19,239 [INFO]   Physical correlation: ch1 <-> ch4
2026-06-16 03:08:19,240 [INFO]   Physical correlation: ch1 <-> ch5
2026-06-16 03:08:19,241 [INFO]   Physical correlation: ch1 <-> ch6
2026-06-16 03:08:19,242 [INFO]   Physical correlation: ch2 <-> ch3
2026-06-16 03:08:19,242 [INFO]   Physical correlation: ch2 <-> ch4
2026-06-16 03:08:19,243 [INFO]   Physical correlation: ch2 <-> ch5
2026-06-16 03:08:19,244 [INFO]   Physical correlation: ch2 <-> ch6
2026-06-16 03:08:19,244 [INFO]   Physical correlation: ch3 <-> ch4
2026-06-16 03:08:19,245 [INFO]   Physical correlation: ch3 <-> ch5
2026-06-16 03:08:19,246 [INFO]   Physical correlation: ch3 <-> ch6
2026-06-16 03:08:19,246 [INFO]   Physical correlation: ch4 <-> ch5
2026-06-16 03:08:19,247 [INFO]   Physical correlation: ch4 <-> ch6
2026-06-16 03:08:19,247 [INFO]   Physical correlation: ch5 <-> ch6
2026-06-16 03:08:19,248 [INFO] Initializing virtual mode correlation histograms...
2026-06-16 03:08:19,249 [INFO]   Within-mode (H3): ch1 <-> ch2
2026-06-16 03:08:19,250 [INFO]   Cross-mode: H3 <-> H4
2026-06-16 03:08:19,250 [INFO]   Cross-mode: H3 <-> H5
2026-06-16 03:08:19,251 [INFO]   Within-mode (H4): ch3 <-> ch4
2026-06-16 03:08:19,252 [INFO]   Cross-mode: H4 <-> H5
2026-06-16 03:08:19,252 [INFO]   Within-mode (H5): ch5 <-> ch6
2026-06-16 03:08:19,253 [INFO] Measurement starting for 10.000min / 0.167h
2026-06-16 03:18:19,563 [INFO] Measurements finished.
2026-06-16 03:18:19,565 [INFO] Collecting measurement data...
2026-06-16 03:18:19,566 [INFO] Collecting physical correlation data for (1,2)
2026-06-16 03:18:19,571 [INFO] Collecting physical correlation data for (1,3)
2026-06-16 03:18:19,576 [INFO] Collecting physical correlation data for (1,4)
2026-06-16 03:18:19,580 [INFO] Collecting physical correlation data for (1,5)
2026-06-16 03:18:19,584 [INFO] Collecting physical correlation data for (1,6)
2026-06-16 03:18:19,588 [INFO] Collecting physical correlation data for (2,3)
2026-06-16 03:18:19,593 [INFO] Collecting physical correlation data for (2,4)
2026-06-16 03:18:19,597 [INFO] Collecting physical correlation data for (2,5)
2026-06-16 03:18:19,600 [INFO] Collecting physical correlation data for (2,6)
2026-06-16 03:18:19,604 [INFO] Collecting physical correlation data for (3,4)
2026-06-16 03:18:19,607 [INFO] Collecting physical correlation data for (3,5)
2026-06-16 03:18:19,609 [INFO] Collecting physical correlation data for (3,6)
2026-06-16 03:18:19,612 [INFO] Collecting physical correlation data for (4,5)
2026-06-16 03:18:19,614 [INFO] Collecting physical correlation data for (4,6)
2026-06-16 03:18:19,617 [INFO] Collecting physical correlation data for (5,6)
2026-06-16 03:18:19,619 [INFO] Collecting virtual correlation data for (H3,H3)
2026-06-16 03:18:19,621 [INFO] Collecting virtual correlation data for (H3,H4)
2026-06-16 03:18:19,624 [INFO] Collecting virtual correlation data for (H3,H5)
2026-06-16 03:18:19,627 [INFO] Collecting virtual correlation data for (H4,H4)
2026-06-16 03:18:19,629 [INFO] Collecting virtual correlation data for (H4,H5)
2026-06-16 03:18:19,632 [INFO] Collecting virtual correlation data for (H5,H5)
2026-06-16 03:18:19,651 [INFO] Starting writing data to file.
2026-06-16 03:18:19,730 [INFO] Saved data.
2026-06-16 03:18:19,848 [INFO] Merging 1 chunks into running total...
2026-06-16 03:18:19,849 [INFO] ============================================================
2026-06-16 03:18:19,850 [INFO] STATUS REPORT | Duration: 10.00 min (0.167 h)
2026-06-16 03:18:19,851 [INFO] ============================================================
2026-06-16 03:18:19,852 [INFO] COUNTRATES (Physical):
2026-06-16 03:18:19,853 [INFO]   Ch 1: 9.0 kHz (total: 5,381,805)
2026-06-16 03:18:19,854 [INFO]   Ch 2: 13.4 kHz (total: 8,054,921)
2026-06-16 03:18:19,855 [INFO]   Ch 3: 3.6 kHz (total: 2,159,016)
2026-06-16 03:18:19,855 [INFO]   Ch 4: 4.0 kHz (total: 2,424,616)
2026-06-16 03:18:19,856 [INFO]   Ch 5: 0.1 kHz (total: 37,972)
2026-06-16 03:18:19,857 [INFO]   Ch 6: 0.0 kHz (total: 28,859)
2026-06-16 03:18:19,858 [INFO] COUNTRATES (Virtual):
2026-06-16 03:18:19,858 [INFO]   H3: 22.4 kHz (total: 13,436,726)
2026-06-16 03:18:19,859 [INFO]   H4: 7.6 kHz (total: 4,583,632)
2026-06-16 03:18:19,859 [INFO]   H5: 0.1 kHz (total: 66,831)
2026-06-16 03:18:19,860 [INFO] ------------------------------------------------------------
2026-06-16 03:18:19,861 [INFO] COINCIDENCES (threshold: 100000)
2026-06-16 03:18:19,861 [INFO] ------------------------------------------------------------
2026-06-16 03:18:19,862 [INFO] Twofold (physical) (Reached Threshold):
2026-06-16 03:18:19,863 [INFO]   (1,2): 4,052 X
2026-06-16 03:18:19,863 [INFO]   (1,3): 1,081 X
2026-06-16 03:18:19,864 [INFO]   (1,4): 1,192 X
2026-06-16 03:18:19,864 [INFO]   (1,5): 16 X
2026-06-16 03:18:19,865 [INFO]   (1,6): 14 X
2026-06-16 03:18:19,865 [INFO]   (2,3): 1,541 X
2026-06-16 03:18:19,866 [INFO]   (2,4): 1,732 X
2026-06-16 03:18:19,866 [INFO]   (2,5): 30 X
2026-06-16 03:18:19,867 [INFO]   (2,6): 20 X
2026-06-16 03:18:19,868 [INFO]   (3,4): 484 X
2026-06-16 03:18:19,868 [INFO]   (3,5): 7 X
2026-06-16 03:18:19,869 [INFO]   (3,6): 7 X
2026-06-16 03:18:19,870 [INFO]   (4,5): 8 X
2026-06-16 03:18:19,870 [INFO]   (4,6): 5 X
2026-06-16 03:18:19,871 [INFO]   (5,6): 1 X
2026-06-16 03:18:19,872 [INFO] ============================================================
2026-06-16 03:18:19,872 [INFO] >>> 15 combination(s) below threshold <<<
2026-06-16 03:18:19,873 [INFO] ============================================================
2026-06-16 03:18:19,951 [INFO] Updated merged data: C:\Users\QUANTUM\OneDrive - ENSTA\!Working files\HBT\HBT Data\Tests_Jun\2026-06-15_20-01-37_g2_heralded_virtual\MERGED\20-01-37_2026-06-15_4.63mW_num0_MERGED.pkl
2026-06-16 03:18:19,990 [INFO] Found 0 connected Time Tagger(s)
2026-06-16 03:18:21,617 [INFO] t:   1 s, Board temperature: 40.9 °C, FPGA temperature: 56.9 °C
2026-06-16 03:18:23,181 [INFO] t:   2 s, Board temperature: 41.0 °C, FPGA temperature: 56.9 °C
2026-06-16 03:18:24,739 [INFO] t:   3 s, Board temperature: 40.9 °C, FPGA temperature: 56.9 °C
2026-06-16 03:18:26,287 [INFO] t:   4 s, Board temperature: 40.9 °C, FPGA temperature: 56.8 °C
2026-06-16 03:18:27,835 [INFO] t:   5 s, Board temperature: 40.9 °C, FPGA temperature: 56.8 °C
2026-06-16 03:18:27,835 [INFO] The Time Tagger is warmed up.
2026-06-16 03:18:27,837 [INFO] Time Tagger initialized.
2026-06-16 03:18:27,838 [INFO] Chunk 2/6 | Elapsed: 20.0 min
2026-06-16 03:18:27,838 [INFO] Initializing experiment on Time Tagger.
2026-06-16 03:18:27,839 [INFO] Deadtime for channel 1: 0 ps
2026-06-16 03:18:27,839 [INFO] Deadtime for channel 2: 0 ps
2026-06-16 03:18:27,840 [INFO] Deadtime for channel 3: 0 ps
2026-06-16 03:18:27,841 [INFO] Deadtime for channel 4: 0 ps
2026-06-16 03:18:27,841 [INFO] Deadtime for channel 5: 0 ps
2026-06-16 03:18:27,842 [INFO] Deadtime for channel 6: 0 ps
2026-06-16 03:18:27,842 [INFO] Delays on channels enabled.
2026-06-16 03:18:27,843 [INFO] Delay for channel 1: requested=0 ps, actual=0 ps
2026-06-16 03:18:27,844 [INFO] Delay for channel 2: requested=-1000 ps, actual=-1000 ps
2026-06-16 03:18:27,844 [INFO] Delay for channel 3: requested=20000 ps, actual=20000 ps
2026-06-16 03:18:27,845 [INFO] Delay for channel 4: requested=16500 ps, actual=16500 ps
2026-06-16 03:18:27,845 [INFO] Delay for channel 5: requested=17800 ps, actual=17800 ps
2026-06-16 03:18:27,846 [INFO] Delay for channel 6: requested=17300 ps, actual=17300 ps
2026-06-16 03:18:27,846 [INFO] Executing synchronized correlation measurement.
2026-06-16 03:18:27,847 [INFO] Delays on channels enabled.
2026-06-16 03:18:27,848 [INFO] Delay for channel 1: requested=0 ps, actual=0 ps.
2026-06-16 03:18:27,848 [INFO] Delay for channel 2: requested=-1000 ps, actual=-1000 ps.
2026-06-16 03:18:27,849 [INFO] Delay for channel 3: requested=20000 ps, actual=20000 ps.
2026-06-16 03:18:27,850 [INFO] Delay for channel 4: requested=16500 ps, actual=16500 ps.
2026-06-16 03:18:27,851 [INFO] Delay for channel 5: requested=17800 ps, actual=17800 ps.
2026-06-16 03:18:27,851 [INFO] Delay for channel 6: requested=17300 ps, actual=17300 ps.
2026-06-16 03:18:27,852 [INFO] Initializing measurement with virtual mode channels for ALL heralding permutations.
2026-06-16 03:18:27,852 [INFO] Automatically generated modes from input: {'H3': [1, 2], 'H4': [3, 4], 'H5': [5, 6]}
2026-06-16 03:18:27,853 [INFO] Setting up virtual channels...
2026-06-16 03:18:27,854 [INFO] Initializing physical channel correlation histograms...
2026-06-16 03:18:27,855 [INFO]   Physical correlation: ch1 <-> ch2
2026-06-16 03:18:27,856 [INFO]   Physical correlation: ch1 <-> ch3
2026-06-16 03:18:27,856 [INFO]   Physical correlation: ch1 <-> ch4
2026-06-16 03:18:27,857 [INFO]   Physical correlation: ch1 <-> ch5
2026-06-16 03:18:27,858 [INFO]   Physical correlation: ch1 <-> ch6
2026-06-16 03:18:27,858 [INFO]   Physical correlation: ch2 <-> ch3
2026-06-16 03:18:27,859 [INFO]   Physical correlation: ch2 <-> ch4
2026-06-16 03:18:27,860 [INFO]   Physical correlation: ch2 <-> ch5
2026-06-16 03:18:27,860 [INFO]   Physical correlation: ch2 <-> ch6
2026-06-16 03:18:27,861 [INFO]   Physical correlation: ch3 <-> ch4
2026-06-16 03:18:27,862 [INFO]   Physical correlation: ch3 <-> ch5
2026-06-16 03:18:27,862 [INFO]   Physical correlation: ch3 <-> ch6
2026-06-16 03:18:27,863 [INFO]   Physical correlation: ch4 <-> ch5
2026-06-16 03:18:27,864 [INFO]   Physical correlation: ch4 <-> ch6
2026-06-16 03:18:27,864 [INFO]   Physical correlation: ch5 <-> ch6
2026-06-16 03:18:27,865 [INFO] Initializing virtual mode correlation histograms...
2026-06-16 03:18:27,866 [INFO]   Within-mode (H3): ch1 <-> ch2
2026-06-16 03:18:27,866 [INFO]   Cross-mode: H3 <-> H4
2026-06-16 03:18:27,867 [INFO]   Cross-mode: H3 <-> H5
2026-06-16 03:18:27,867 [INFO]   Within-mode (H4): ch3 <-> ch4
2026-06-16 03:18:27,868 [INFO]   Cross-mode: H4 <-> H5
2026-06-16 03:18:27,869 [INFO]   Within-mode (H5): ch5 <-> ch6
2026-06-16 03:18:27,871 [INFO] Measurement starting for 10.000min / 0.167h
2026-06-16 03:28:28,184 [INFO] Measurements finished.
2026-06-16 03:28:28,185 [INFO] Collecting measurement data...
2026-06-16 03:28:28,187 [INFO] Collecting physical correlation data for (1,2)
2026-06-16 03:28:28,192 [INFO] Collecting physical correlation data for (1,3)
2026-06-16 03:28:28,197 [INFO] Collecting physical correlation data for (1,4)
2026-06-16 03:28:28,201 [INFO] Collecting physical correlation data for (1,5)
2026-06-16 03:28:28,206 [INFO] Collecting physical correlation data for (1,6)
2026-06-16 03:28:28,210 [INFO] Collecting physical correlation data for (2,3)
2026-06-16 03:28:28,215 [INFO] Collecting physical correlation data for (2,4)
2026-06-16 03:28:28,219 [INFO] Collecting physical correlation data for (2,5)
2026-06-16 03:28:28,224 [INFO] Collecting physical correlation data for (2,6)
2026-06-16 03:28:28,228 [INFO] Collecting physical correlation data for (3,4)
2026-06-16 03:28:28,233 [INFO] Collecting physical correlation data for (3,5)
2026-06-16 03:28:28,237 [INFO] Collecting physical correlation data for (3,6)
2026-06-16 03:28:28,241 [INFO] Collecting physical correlation data for (4,5)
2026-06-16 03:28:28,244 [INFO] Collecting physical correlation data for (4,6)
2026-06-16 03:28:28,247 [INFO] Collecting physical correlation data for (5,6)
2026-06-16 03:28:28,251 [INFO] Collecting virtual correlation data for (H3,H3)
2026-06-16 03:28:28,253 [INFO] Collecting virtual correlation data for (H3,H4)
2026-06-16 03:28:28,256 [INFO] Collecting virtual correlation data for (H3,H5)
2026-06-16 03:28:28,258 [INFO] Collecting virtual correlation data for (H4,H4)
2026-06-16 03:28:28,261 [INFO] Collecting virtual correlation data for (H4,H5)
2026-06-16 03:28:28,263 [INFO] Collecting virtual correlation data for (H5,H5)
2026-06-16 03:28:28,282 [INFO] Starting writing data to file.
2026-06-16 03:28:28,368 [INFO] Saved data.
2026-06-16 03:28:28,464 [INFO] Merging 1 chunks into running total...
2026-06-16 03:28:28,629 [INFO] ============================================================
2026-06-16 03:28:28,630 [INFO] STATUS REPORT | Duration: 20.00 min (0.333 h)
2026-06-16 03:28:28,631 [INFO] ============================================================
2026-06-16 03:28:28,631 [INFO] COUNTRATES (Physical):
2026-06-16 03:28:28,632 [INFO]   Ch 1: 9.0 kHz (total: 10,751,752)
2026-06-16 03:28:28,633 [INFO]   Ch 2: 13.4 kHz (total: 16,099,329)
2026-06-16 03:28:28,634 [INFO]   Ch 3: 3.6 kHz (total: 4,319,382)
2026-06-16 03:28:28,634 [INFO]   Ch 4: 4.0 kHz (total: 4,842,184)
2026-06-16 03:28:28,635 [INFO]   Ch 5: 0.1 kHz (total: 75,591)
2026-06-16 03:28:28,636 [INFO]   Ch 6: 0.0 kHz (total: 57,690)
2026-06-16 03:28:28,637 [INFO] COUNTRATES (Virtual):
2026-06-16 03:28:28,638 [INFO]   H3: 22.4 kHz (total: 26,851,081)
2026-06-16 03:28:28,638 [INFO]   H4: 7.6 kHz (total: 9,161,566)
2026-06-16 03:28:28,639 [INFO]   H5: 0.1 kHz (total: 133,281)
2026-06-16 03:28:28,639 [INFO] ------------------------------------------------------------
2026-06-16 03:28:28,640 [INFO] COINCIDENCES (threshold: 100000)
2026-06-16 03:28:28,641 [INFO] ------------------------------------------------------------
2026-06-16 03:28:28,641 [INFO] Twofold (physical) (Reached Threshold):
2026-06-16 03:28:28,642 [INFO]   (1,2): 8,095 X
2026-06-16 03:28:28,642 [INFO]   (1,3): 2,139 X
2026-06-16 03:28:28,643 [INFO]   (1,4): 2,326 X
2026-06-16 03:28:28,644 [INFO]   (1,5): 39 X
2026-06-16 03:28:28,645 [INFO]   (1,6): 25 X
2026-06-16 03:28:28,645 [INFO]   (2,3): 3,084 X
2026-06-16 03:28:28,646 [INFO]   (2,4): 3,469 X
2026-06-16 03:28:28,647 [INFO]   (2,5): 49 X
2026-06-16 03:28:28,647 [INFO]   (2,6): 42 X
2026-06-16 03:28:28,648 [INFO]   (3,4): 950 X
2026-06-16 03:28:28,648 [INFO]   (3,5): 11 X
2026-06-16 03:28:28,649 [INFO]   (3,6): 14 X
2026-06-16 03:28:28,650 [INFO]   (4,5): 17 X
2026-06-16 03:28:28,650 [INFO]   (4,6): 10 X
2026-06-16 03:28:28,651 [INFO]   (5,6): 1 X
2026-06-16 03:28:28,652 [INFO] ============================================================
2026-06-16 03:28:28,653 [INFO] >>> 15 combination(s) below threshold <<<
2026-06-16 03:28:28,653 [INFO] ============================================================
2026-06-16 03:28:28,735 [INFO] Updated merged data: C:\Users\QUANTUM\OneDrive - ENSTA\!Working files\HBT\HBT Data\Tests_Jun\2026-06-15_20-01-37_g2_heralded_virtual\MERGED\20-01-37_2026-06-15_4.63mW_num0_MERGED.pkl
2026-06-16 03:28:28,774 [INFO] Found 0 connected Time Tagger(s)
2026-06-16 03:28:30,401 [INFO] t:   1 s, Board temperature: 40.8 °C, FPGA temperature: 56.9 °C
2026-06-16 03:28:31,974 [INFO] t:   2 s, Board temperature: 40.8 °C, FPGA temperature: 56.8 °C
2026-06-16 03:28:33,546 [INFO] t:   3 s, Board temperature: 40.8 °C, FPGA temperature: 56.8 °C
2026-06-16 03:28:35,102 [INFO] t:   4 s, Board temperature: 40.9 °C, FPGA temperature: 56.8 °C
2026-06-16 03:28:36,649 [INFO] t:   5 s, Board temperature: 40.8 °C, FPGA temperature: 56.9 °C
2026-06-16 03:28:36,649 [INFO] The Time Tagger is warmed up.
2026-06-16 03:28:36,651 [INFO] Time Tagger initialized.
2026-06-16 03:28:36,652 [INFO] Chunk 3/6 | Elapsed: 30.0 min
2026-06-16 03:28:36,652 [INFO] Initializing experiment on Time Tagger.
2026-06-16 03:28:36,653 [INFO] Deadtime for channel 1: 0 ps
2026-06-16 03:28:36,654 [INFO] Deadtime for channel 2: 0 ps
2026-06-16 03:28:36,654 [INFO] Deadtime for channel 3: 0 ps
2026-06-16 03:28:36,655 [INFO] Deadtime for channel 4: 0 ps
2026-06-16 03:28:36,656 [INFO] Deadtime for channel 5: 0 ps
2026-06-16 03:28:36,657 [INFO] Deadtime for channel 6: 0 ps
2026-06-16 03:28:36,657 [INFO] Delays on channels enabled.
2026-06-16 03:28:36,658 [INFO] Delay for channel 1: requested=0 ps, actual=0 ps
2026-06-16 03:28:36,659 [INFO] Delay for channel 2: requested=-1000 ps, actual=-1000 ps
2026-06-16 03:28:36,659 [INFO] Delay for channel 3: requested=20000 ps, actual=20000 ps
2026-06-16 03:28:36,660 [INFO] Delay for channel 4: requested=16500 ps, actual=16500 ps
2026-06-16 03:28:36,660 [INFO] Delay for channel 5: requested=17800 ps, actual=17800 ps
2026-06-16 03:28:36,661 [INFO] Delay for channel 6: requested=17300 ps, actual=17300 ps
2026-06-16 03:28:36,661 [INFO] Executing synchronized correlation measurement.
2026-06-16 03:28:36,662 [INFO] Delays on channels enabled.
2026-06-16 03:28:36,663 [INFO] Delay for channel 1: requested=0 ps, actual=0 ps.
2026-06-16 03:28:36,663 [INFO] Delay for channel 2: requested=-1000 ps, actual=-1000 ps.
2026-06-16 03:28:36,664 [INFO] Delay for channel 3: requested=20000 ps, actual=20000 ps.
2026-06-16 03:28:36,665 [INFO] Delay for channel 4: requested=16500 ps, actual=16500 ps.
2026-06-16 03:28:36,665 [INFO] Delay for channel 5: requested=17800 ps, actual=17800 ps.
2026-06-16 03:28:36,666 [INFO] Delay for channel 6: requested=17300 ps, actual=17300 ps.
2026-06-16 03:28:36,667 [INFO] Initializing measurement with virtual mode channels for ALL heralding permutations.
2026-06-16 03:28:36,667 [INFO] Automatically generated modes from input: {'H3': [1, 2], 'H4': [3, 4], 'H5': [5, 6]}
2026-06-16 03:28:36,668 [INFO] Setting up virtual channels...
2026-06-16 03:28:36,669 [INFO] Initializing physical channel correlation histograms...
2026-06-16 03:28:36,670 [INFO]   Physical correlation: ch1 <-> ch2
2026-06-16 03:28:36,671 [INFO]   Physical correlation: ch1 <-> ch3
2026-06-16 03:28:36,671 [INFO]   Physical correlation: ch1 <-> ch4
2026-06-16 03:28:36,672 [INFO]   Physical correlation: ch1 <-> ch5
2026-06-16 03:28:36,673 [INFO]   Physical correlation: ch1 <-> ch6
2026-06-16 03:28:36,673 [INFO]   Physical correlation: ch2 <-> ch3
2026-06-16 03:28:36,674 [INFO]   Physical correlation: ch2 <-> ch4
2026-06-16 03:28:36,675 [INFO]   Physical correlation: ch2 <-> ch5
2026-06-16 03:28:36,675 [INFO]   Physical correlation: ch2 <-> ch6
2026-06-16 03:28:36,676 [INFO]   Physical correlation: ch3 <-> ch4
2026-06-16 03:28:36,677 [INFO]   Physical correlation: ch3 <-> ch5
2026-06-16 03:28:36,677 [INFO]   Physical correlation: ch3 <-> ch6
2026-06-16 03:28:36,678 [INFO]   Physical correlation: ch4 <-> ch5
2026-06-16 03:28:36,679 [INFO]   Physical correlation: ch4 <-> ch6
2026-06-16 03:28:36,679 [INFO]   Physical correlation: ch5 <-> ch6
2026-06-16 03:28:36,680 [INFO] Initializing virtual mode correlation histograms...
2026-06-16 03:28:36,681 [INFO]   Within-mode (H3): ch1 <-> ch2
2026-06-16 03:28:36,681 [INFO]   Cross-mode: H3 <-> H4
2026-06-16 03:28:36,682 [INFO]   Cross-mode: H3 <-> H5
2026-06-16 03:28:36,683 [INFO]   Within-mode (H4): ch3 <-> ch4
2026-06-16 03:28:36,683 [INFO]   Cross-mode: H4 <-> H5
2026-06-16 03:28:36,684 [INFO]   Within-mode (H5): ch5 <-> ch6
2026-06-16 03:28:36,686 [INFO] Measurement starting for 10.000min / 0.167h
2026-06-16 03:38:36,992 [INFO] Measurements finished.
2026-06-16 03:38:36,994 [INFO] Collecting measurement data...
2026-06-16 03:38:36,996 [INFO] Collecting physical correlation data for (1,2)
2026-06-16 03:38:37,000 [INFO] Collecting physical correlation data for (1,3)
2026-06-16 03:38:37,006 [INFO] Collecting physical correlation data for (1,4)
2026-06-16 03:38:37,009 [INFO] Collecting physical correlation data for (1,5)
2026-06-16 03:38:37,011 [INFO] Collecting physical correlation data for (1,6)
2026-06-16 03:38:37,013 [INFO] Collecting physical correlation data for (2,3)
2026-06-16 03:38:37,015 [INFO] Collecting physical correlation data for (2,4)
2026-06-16 03:38:37,017 [INFO] Collecting physical correlation data for (2,5)
2026-06-16 03:38:37,020 [INFO] Collecting physical correlation data for (2,6)
2026-06-16 03:38:37,022 [INFO] Collecting physical correlation data for (3,4)
2026-06-16 03:38:37,024 [INFO] Collecting physical correlation data for (3,5)
2026-06-16 03:38:37,026 [INFO] Collecting physical correlation data for (3,6)
2026-06-16 03:38:37,028 [INFO] Collecting physical correlation data for (4,5)
2026-06-16 03:38:37,030 [INFO] Collecting physical correlation data for (4,6)
2026-06-16 03:38:37,032 [INFO] Collecting physical correlation data for (5,6)
2026-06-16 03:38:37,035 [INFO] Collecting virtual correlation data for (H3,H3)
2026-06-16 03:38:37,037 [INFO] Collecting virtual correlation data for (H3,H4)
2026-06-16 03:38:37,039 [INFO] Collecting virtual correlation data for (H3,H5)
2026-06-16 03:38:37,041 [INFO] Collecting virtual correlation data for (H4,H4)
2026-06-16 03:38:37,043 [INFO] Collecting virtual correlation data for (H4,H5)
2026-06-16 03:38:37,045 [INFO] Collecting virtual correlation data for (H5,H5)
2026-06-16 03:38:37,064 [INFO] Starting writing data to file.
2026-06-16 03:38:37,149 [INFO] Saved data.
2026-06-16 03:38:37,271 [INFO] Merging 1 chunks into running total...
2026-06-16 03:38:37,428 [INFO] ============================================================
2026-06-16 03:38:37,429 [INFO] STATUS REPORT | Duration: 30.00 min (0.500 h)
2026-06-16 03:38:37,430 [INFO] ============================================================
2026-06-16 03:38:37,430 [INFO] COUNTRATES (Physical):
2026-06-16 03:38:37,431 [INFO]   Ch 1: 8.9 kHz (total: 16,093,678)
2026-06-16 03:38:37,431 [INFO]   Ch 2: 13.4 kHz (total: 24,127,429)
2026-06-16 03:38:37,432 [INFO]   Ch 3: 3.6 kHz (total: 6,475,711)
2026-06-16 03:38:37,432 [INFO]   Ch 4: 4.0 kHz (total: 7,261,376)
2026-06-16 03:38:37,433 [INFO]   Ch 5: 0.1 kHz (total: 113,153)
2026-06-16 03:38:37,434 [INFO]   Ch 6: 0.0 kHz (total: 86,188)
2026-06-16 03:38:37,435 [INFO] COUNTRATES (Virtual):
2026-06-16 03:38:37,436 [INFO]   H3: 22.3 kHz (total: 40,221,107)
2026-06-16 03:38:37,436 [INFO]   H4: 7.6 kHz (total: 13,737,087)
2026-06-16 03:38:37,437 [INFO]   H5: 0.1 kHz (total: 199,341)
2026-06-16 03:38:37,438 [INFO] ------------------------------------------------------------
2026-06-16 03:38:37,438 [INFO] COINCIDENCES (threshold: 100000)
2026-06-16 03:38:37,439 [INFO] ------------------------------------------------------------
2026-06-16 03:38:37,440 [INFO] Twofold (physical) (Reached Threshold):
2026-06-16 03:38:37,440 [INFO]   (1,2): 12,090 X
2026-06-16 03:38:37,441 [INFO]   (1,3): 3,254 X
2026-06-16 03:38:37,441 [INFO]   (1,4): 3,540 X
2026-06-16 03:38:37,442 [INFO]   (1,5): 55 X
2026-06-16 03:38:37,443 [INFO]   (1,6): 42 X
2026-06-16 03:38:37,443 [INFO]   (2,3): 4,666 X
2026-06-16 03:38:37,444 [INFO]   (2,4): 5,280 X
2026-06-16 03:38:37,445 [INFO]   (2,5): 71 X
2026-06-16 03:38:37,445 [INFO]   (2,6): 71 X
2026-06-16 03:38:37,446 [INFO]   (3,4): 1,386 X
2026-06-16 03:38:37,447 [INFO]   (3,5): 15 X
2026-06-16 03:38:37,447 [INFO]   (3,6): 16 X
2026-06-16 03:38:37,448 [INFO]   (4,5): 28 X
2026-06-16 03:38:37,448 [INFO]   (4,6): 18 X
2026-06-16 03:38:37,449 [INFO]   (5,6): 1 X
2026-06-16 03:38:37,449 [INFO] ============================================================
2026-06-16 03:38:37,450 [INFO] >>> 15 combination(s) below threshold <<<
2026-06-16 03:38:37,451 [INFO] ============================================================
2026-06-16 03:38:37,529 [INFO] Updated merged data: C:\Users\QUANTUM\OneDrive - ENSTA\!Working files\HBT\HBT Data\Tests_Jun\2026-06-15_20-01-37_g2_heralded_virtual\MERGED\20-01-37_2026-06-15_4.63mW_num0_MERGED.pkl
2026-06-16 03:38:37,569 [INFO] Found 0 connected Time Tagger(s)
2026-06-16 03:38:39,182 [INFO] t:   1 s, Board temperature: 40.5 °C, FPGA temperature: 56.4 °C
2026-06-16 03:38:40,751 [INFO] t:   2 s, Board temperature: 40.5 °C, FPGA temperature: 56.4 °C
2026-06-16 03:38:42,316 [INFO] t:   3 s, Board temperature: 40.6 °C, FPGA temperature: 56.3 °C
2026-06-16 03:38:43,865 [INFO] t:   4 s, Board temperature: 40.6 °C, FPGA temperature: 56.3 °C
2026-06-16 03:38:45,412 [INFO] t:   5 s, Board temperature: 40.6 °C, FPGA temperature: 56.4 °C
2026-06-16 03:38:45,413 [INFO] The Time Tagger is warmed up.
2026-06-16 03:38:45,414 [INFO] Time Tagger initialized.
2026-06-16 03:38:45,415 [INFO] Chunk 4/6 | Elapsed: 40.0 min
2026-06-16 03:38:45,416 [INFO] Initializing experiment on Time Tagger.
2026-06-16 03:38:45,417 [INFO] Deadtime for channel 1: 0 ps
2026-06-16 03:38:45,417 [INFO] Deadtime for channel 2: 0 ps
2026-06-16 03:38:45,418 [INFO] Deadtime for channel 3: 0 ps
2026-06-16 03:38:45,419 [INFO] Deadtime for channel 4: 0 ps
2026-06-16 03:38:45,419 [INFO] Deadtime for channel 5: 0 ps
2026-06-16 03:38:45,419 [INFO] Deadtime for channel 6: 0 ps
2026-06-16 03:38:45,420 [INFO] Delays on channels enabled.
2026-06-16 03:38:45,421 [INFO] Delay for channel 1: requested=0 ps, actual=0 ps
2026-06-16 03:38:45,421 [INFO] Delay for channel 2: requested=-1000 ps, actual=-1000 ps
2026-06-16 03:38:45,422 [INFO] Delay for channel 3: requested=20000 ps, actual=20000 ps
2026-06-16 03:38:45,423 [INFO] Delay for channel 4: requested=16500 ps, actual=16500 ps
2026-06-16 03:38:45,423 [INFO] Delay for channel 5: requested=17800 ps, actual=17800 ps
2026-06-16 03:38:45,423 [INFO] Delay for channel 6: requested=17300 ps, actual=17300 ps
2026-06-16 03:38:45,424 [INFO] Executing synchronized correlation measurement.
2026-06-16 03:38:45,425 [INFO] Delays on channels enabled.
2026-06-16 03:38:45,425 [INFO] Delay for channel 1: requested=0 ps, actual=0 ps.
2026-06-16 03:38:45,426 [INFO] Delay for channel 2: requested=-1000 ps, actual=-1000 ps.
2026-06-16 03:38:45,427 [INFO] Delay for channel 3: requested=20000 ps, actual=20000 ps.
2026-06-16 03:38:45,427 [INFO] Delay for channel 4: requested=16500 ps, actual=16500 ps.
2026-06-16 03:38:45,428 [INFO] Delay for channel 5: requested=17800 ps, actual=17800 ps.
2026-06-16 03:38:45,429 [INFO] Delay for channel 6: requested=17300 ps, actual=17300 ps.
2026-06-16 03:38:45,429 [INFO] Initializing measurement with virtual mode channels for ALL heralding permutations.
2026-06-16 03:38:45,430 [INFO] Automatically generated modes from input: {'H3': [1, 2], 'H4': [3, 4], 'H5': [5, 6]}
2026-06-16 03:38:45,431 [INFO] Setting up virtual channels...
2026-06-16 03:38:45,432 [INFO] Initializing physical channel correlation histograms...
2026-06-16 03:38:45,432 [INFO]   Physical correlation: ch1 <-> ch2
2026-06-16 03:38:45,433 [INFO]   Physical correlation: ch1 <-> ch3
2026-06-16 03:38:45,434 [INFO]   Physical correlation: ch1 <-> ch4
2026-06-16 03:38:45,434 [INFO]   Physical correlation: ch1 <-> ch5
2026-06-16 03:38:45,435 [INFO]   Physical correlation: ch1 <-> ch6
2026-06-16 03:38:45,436 [INFO]   Physical correlation: ch2 <-> ch3
2026-06-16 03:38:45,436 [INFO]   Physical correlation: ch2 <-> ch4
2026-06-16 03:38:45,437 [INFO]   Physical correlation: ch2 <-> ch5
2026-06-16 03:38:45,438 [INFO]   Physical correlation: ch2 <-> ch6
2026-06-16 03:38:45,438 [INFO]   Physical correlation: ch3 <-> ch4
2026-06-16 03:38:45,439 [INFO]   Physical correlation: ch3 <-> ch5
2026-06-16 03:38:45,440 [INFO]   Physical correlation: ch3 <-> ch6
2026-06-16 03:38:45,441 [INFO]   Physical correlation: ch4 <-> ch5
2026-06-16 03:38:45,441 [INFO]   Physical correlation: ch4 <-> ch6
2026-06-16 03:38:45,442 [INFO]   Physical correlation: ch5 <-> ch6
2026-06-16 03:38:45,443 [INFO] Initializing virtual mode correlation histograms...
2026-06-16 03:38:45,443 [INFO]   Within-mode (H3): ch1 <-> ch2
2026-06-16 03:38:45,444 [INFO]   Cross-mode: H3 <-> H4
2026-06-16 03:38:45,445 [INFO]   Cross-mode: H3 <-> H5
2026-06-16 03:38:45,445 [INFO]   Within-mode (H4): ch3 <-> ch4
2026-06-16 03:38:45,446 [INFO]   Cross-mode: H4 <-> H5
2026-06-16 03:38:45,447 [INFO]   Within-mode (H5): ch5 <-> ch6
2026-06-16 03:38:45,449 [INFO] Measurement starting for 10.000min / 0.167h
2026-06-16 03:48:45,756 [INFO] Measurements finished.
2026-06-16 03:48:45,757 [INFO] Collecting measurement data...
2026-06-16 03:48:45,759 [INFO] Collecting physical correlation data for (1,2)
2026-06-16 03:48:45,764 [INFO] Collecting physical correlation data for (1,3)
2026-06-16 03:48:45,769 [INFO] Collecting physical correlation data for (1,4)
2026-06-16 03:48:45,773 [INFO] Collecting physical correlation data for (1,5)
2026-06-16 03:48:45,776 [INFO] Collecting physical correlation data for (1,6)
2026-06-16 03:48:45,778 [INFO] Collecting physical correlation data for (2,3)
2026-06-16 03:48:45,779 [INFO] Collecting physical correlation data for (2,4)
2026-06-16 03:48:45,781 [INFO] Collecting physical correlation data for (2,5)
2026-06-16 03:48:45,783 [INFO] Collecting physical correlation data for (2,6)
2026-06-16 03:48:45,785 [INFO] Collecting physical correlation data for (3,4)
2026-06-16 03:48:45,787 [INFO] Collecting physical correlation data for (3,5)
2026-06-16 03:48:45,789 [INFO] Collecting physical correlation data for (3,6)
2026-06-16 03:48:45,792 [INFO] Collecting physical correlation data for (4,5)
2026-06-16 03:48:45,794 [INFO] Collecting physical correlation data for (4,6)
2026-06-16 03:48:45,796 [INFO] Collecting physical correlation data for (5,6)
2026-06-16 03:48:45,798 [INFO] Collecting virtual correlation data for (H3,H3)
2026-06-16 03:48:45,799 [INFO] Collecting virtual correlation data for (H3,H4)
2026-06-16 03:48:45,801 [INFO] Collecting virtual correlation data for (H3,H5)
2026-06-16 03:48:45,803 [INFO] Collecting virtual correlation data for (H4,H4)
2026-06-16 03:48:45,805 [INFO] Collecting virtual correlation data for (H4,H5)
2026-06-16 03:48:45,807 [INFO] Collecting virtual correlation data for (H5,H5)
2026-06-16 03:48:45,826 [INFO] Starting writing data to file.
2026-06-16 03:48:45,906 [INFO] Saved data.
2026-06-16 03:48:46,035 [INFO] Merging 1 chunks into running total...
2026-06-16 03:48:46,198 [INFO] ============================================================
2026-06-16 03:48:46,199 [INFO] STATUS REPORT | Duration: 40.00 min (0.667 h)
2026-06-16 03:48:46,200 [INFO] ============================================================
2026-06-16 03:48:46,200 [INFO] COUNTRATES (Physical):
2026-06-16 03:48:46,201 [INFO]   Ch 1: 8.9 kHz (total: 21,399,394)
2026-06-16 03:48:46,202 [INFO]   Ch 2: 13.4 kHz (total: 32,139,087)
2026-06-16 03:48:46,203 [INFO]   Ch 3: 3.6 kHz (total: 8,626,409)
2026-06-16 03:48:46,203 [INFO]   Ch 4: 4.0 kHz (total: 9,674,946)
2026-06-16 03:48:46,204 [INFO]   Ch 5: 0.1 kHz (total: 150,635)
2026-06-16 03:48:46,205 [INFO]   Ch 6: 0.0 kHz (total: 114,978)
2026-06-16 03:48:46,206 [INFO] COUNTRATES (Virtual):
2026-06-16 03:48:46,206 [INFO]   H3: 22.3 kHz (total: 53,538,481)
2026-06-16 03:48:46,207 [INFO]   H4: 7.6 kHz (total: 18,301,355)
2026-06-16 03:48:46,207 [INFO]   H5: 0.1 kHz (total: 265,613)
2026-06-16 03:48:46,208 [INFO] ------------------------------------------------------------
2026-06-16 03:48:46,208 [INFO] COINCIDENCES (threshold: 100000)
2026-06-16 03:48:46,209 [INFO] ------------------------------------------------------------
2026-06-16 03:48:46,210 [INFO] Twofold (physical) (Reached Threshold):
2026-06-16 03:48:46,210 [INFO]   (1,2): 16,130 X
2026-06-16 03:48:46,211 [INFO]   (1,3): 4,374 X
2026-06-16 03:48:46,211 [INFO]   (1,4): 4,672 X
2026-06-16 03:48:46,212 [INFO]   (1,5): 73 X
2026-06-16 03:48:46,212 [INFO]   (1,6): 56 X
2026-06-16 03:48:46,213 [INFO]   (2,3): 6,238 X
2026-06-16 03:48:46,214 [INFO]   (2,4): 7,003 X
2026-06-16 03:48:46,215 [INFO]   (2,5): 101 X
2026-06-16 03:48:46,215 [INFO]   (2,6): 91 X
2026-06-16 03:48:46,216 [INFO]   (3,4): 1,837 X
2026-06-16 03:48:46,216 [INFO]   (3,5): 18 X
2026-06-16 03:48:46,217 [INFO]   (3,6): 22 X
2026-06-16 03:48:46,218 [INFO]   (4,5): 34 X
2026-06-16 03:48:46,218 [INFO]   (4,6): 26 X
2026-06-16 03:48:46,219 [INFO]   (5,6): 2 X
2026-06-16 03:48:46,219 [INFO] ============================================================
2026-06-16 03:48:46,220 [INFO] >>> 15 combination(s) below threshold <<<
2026-06-16 03:48:46,221 [INFO] ============================================================
2026-06-16 03:48:46,309 [INFO] Updated merged data: C:\Users\QUANTUM\OneDrive - ENSTA\!Working files\HBT\HBT Data\Tests_Jun\2026-06-15_20-01-37_g2_heralded_virtual\MERGED\20-01-37_2026-06-15_4.63mW_num0_MERGED.pkl
2026-06-16 03:48:46,348 [INFO] Found 0 connected Time Tagger(s)
2026-06-16 03:48:47,986 [INFO] t:   1 s, Board temperature: 41.2 °C, FPGA temperature: 57.3 °C
2026-06-16 03:48:49,558 [INFO] t:   2 s, Board temperature: 41.2 °C, FPGA temperature: 57.2 °C
2026-06-16 03:48:51,118 [INFO] t:   3 s, Board temperature: 41.2 °C, FPGA temperature: 57.1 °C
2026-06-16 03:48:52,666 [INFO] t:   4 s, Board temperature: 41.3 °C, FPGA temperature: 57.2 °C
2026-06-16 03:48:54,215 [INFO] t:   5 s, Board temperature: 41.2 °C, FPGA temperature: 57.2 °C
2026-06-16 03:48:54,215 [INFO] The Time Tagger is warmed up.
2026-06-16 03:48:54,216 [INFO] Time Tagger initialized.
2026-06-16 03:48:54,217 [INFO] Chunk 5/6 | Elapsed: 50.0 min
2026-06-16 03:48:54,218 [INFO] Initializing experiment on Time Tagger.
2026-06-16 03:48:54,219 [INFO] Deadtime for channel 1: 0 ps
2026-06-16 03:48:54,220 [INFO] Deadtime for channel 2: 0 ps
2026-06-16 03:48:54,221 [INFO] Deadtime for channel 3: 0 ps
2026-06-16 03:48:54,222 [INFO] Deadtime for channel 4: 0 ps
2026-06-16 03:48:54,223 [INFO] Deadtime for channel 5: 0 ps
2026-06-16 03:48:54,223 [INFO] Deadtime for channel 6: 0 ps
2026-06-16 03:48:54,224 [INFO] Delays on channels enabled.
2026-06-16 03:48:54,225 [INFO] Delay for channel 1: requested=0 ps, actual=0 ps
2026-06-16 03:48:54,225 [INFO] Delay for channel 2: requested=-1000 ps, actual=-1000 ps
2026-06-16 03:48:54,226 [INFO] Delay for channel 3: requested=20000 ps, actual=20000 ps
2026-06-16 03:48:54,226 [INFO] Delay for channel 4: requested=16500 ps, actual=16500 ps
2026-06-16 03:48:54,227 [INFO] Delay for channel 5: requested=17800 ps, actual=17800 ps
2026-06-16 03:48:54,227 [INFO] Delay for channel 6: requested=17300 ps, actual=17300 ps
2026-06-16 03:48:54,228 [INFO] Executing synchronized correlation measurement.
2026-06-16 03:48:54,229 [INFO] Delays on channels enabled.
2026-06-16 03:48:54,229 [INFO] Delay for channel 1: requested=0 ps, actual=0 ps.
2026-06-16 03:48:54,230 [INFO] Delay for channel 2: requested=-1000 ps, actual=-1000 ps.
2026-06-16 03:48:54,231 [INFO] Delay for channel 3: requested=20000 ps, actual=20000 ps.
2026-06-16 03:48:54,231 [INFO] Delay for channel 4: requested=16500 ps, actual=16500 ps.
2026-06-16 03:48:54,232 [INFO] Delay for channel 5: requested=17800 ps, actual=17800 ps.
2026-06-16 03:48:54,233 [INFO] Delay for channel 6: requested=17300 ps, actual=17300 ps.
2026-06-16 03:48:54,233 [INFO] Initializing measurement with virtual mode channels for ALL heralding permutations.
2026-06-16 03:48:54,234 [INFO] Automatically generated modes from input: {'H3': [1, 2], 'H4': [3, 4], 'H5': [5, 6]}
2026-06-16 03:48:54,235 [INFO] Setting up virtual channels...
2026-06-16 03:48:54,236 [INFO] Initializing physical channel correlation histograms...
2026-06-16 03:48:54,236 [INFO]   Physical correlation: ch1 <-> ch2
2026-06-16 03:48:54,237 [INFO]   Physical correlation: ch1 <-> ch3
2026-06-16 03:48:54,238 [INFO]   Physical correlation: ch1 <-> ch4
2026-06-16 03:48:54,238 [INFO]   Physical correlation: ch1 <-> ch5
2026-06-16 03:48:54,239 [INFO]   Physical correlation: ch1 <-> ch6
2026-06-16 03:48:54,240 [INFO]   Physical correlation: ch2 <-> ch3
2026-06-16 03:48:54,240 [INFO]   Physical correlation: ch2 <-> ch4
2026-06-16 03:48:54,241 [INFO]   Physical correlation: ch2 <-> ch5
2026-06-16 03:48:54,242 [INFO]   Physical correlation: ch2 <-> ch6
2026-06-16 03:48:54,242 [INFO]   Physical correlation: ch3 <-> ch4
2026-06-16 03:48:54,243 [INFO]   Physical correlation: ch3 <-> ch5
2026-06-16 03:48:54,244 [INFO]   Physical correlation: ch3 <-> ch6
2026-06-16 03:48:54,244 [INFO]   Physical correlation: ch4 <-> ch5
2026-06-16 03:48:54,245 [INFO]   Physical correlation: ch4 <-> ch6
2026-06-16 03:48:54,246 [INFO]   Physical correlation: ch5 <-> ch6
2026-06-16 03:48:54,247 [INFO] Initializing virtual mode correlation histograms...
2026-06-16 03:48:54,247 [INFO]   Within-mode (H3): ch1 <-> ch2
2026-06-16 03:48:54,248 [INFO]   Cross-mode: H3 <-> H4
2026-06-16 03:48:54,249 [INFO]   Cross-mode: H3 <-> H5
2026-06-16 03:48:54,249 [INFO]   Within-mode (H4): ch3 <-> ch4
2026-06-16 03:48:54,250 [INFO]   Cross-mode: H4 <-> H5
2026-06-16 03:48:54,251 [INFO]   Within-mode (H5): ch5 <-> ch6
2026-06-16 03:48:54,253 [INFO] Measurement starting for 10.000min / 0.167h
2026-06-16 03:58:54,571 [INFO] Measurements finished.
2026-06-16 03:58:54,572 [INFO] Collecting measurement data...
2026-06-16 03:58:54,574 [INFO] Collecting physical correlation data for (1,2)
2026-06-16 03:58:54,579 [INFO] Collecting physical correlation data for (1,3)
2026-06-16 03:58:54,584 [INFO] Collecting physical correlation data for (1,4)
2026-06-16 03:58:54,588 [INFO] Collecting physical correlation data for (1,5)
2026-06-16 03:58:54,591 [INFO] Collecting physical correlation data for (1,6)
2026-06-16 03:58:54,593 [INFO] Collecting physical correlation data for (2,3)
2026-06-16 03:58:54,595 [INFO] Collecting physical correlation data for (2,4)
2026-06-16 03:58:54,597 [INFO] Collecting physical correlation data for (2,5)
2026-06-16 03:58:54,599 [INFO] Collecting physical correlation data for (2,6)
2026-06-16 03:58:54,602 [INFO] Collecting physical correlation data for (3,4)
2026-06-16 03:58:54,604 [INFO] Collecting physical correlation data for (3,5)
2026-06-16 03:58:54,606 [INFO] Collecting physical correlation data for (3,6)
2026-06-16 03:58:54,608 [INFO] Collecting physical correlation data for (4,5)
2026-06-16 03:58:54,610 [INFO] Collecting physical correlation data for (4,6)
2026-06-16 03:58:54,613 [INFO] Collecting physical correlation data for (5,6)
2026-06-16 03:58:54,615 [INFO] Collecting virtual correlation data for (H3,H3)
2026-06-16 03:58:54,617 [INFO] Collecting virtual correlation data for (H3,H4)
2026-06-16 03:58:54,619 [INFO] Collecting virtual correlation data for (H3,H5)
2026-06-16 03:58:54,622 [INFO] Collecting virtual correlation data for (H4,H4)
2026-06-16 03:58:54,624 [INFO] Collecting virtual correlation data for (H4,H5)
2026-06-16 03:58:54,626 [INFO] Collecting virtual correlation data for (H5,H5)
2026-06-16 03:58:54,644 [INFO] Starting writing data to file.
2026-06-16 03:58:54,739 [INFO] Saved data.
2026-06-16 03:58:54,881 [INFO] Merging 1 chunks into running total...
2026-06-16 03:58:55,040 [INFO] ============================================================
2026-06-16 03:58:55,040 [INFO] STATUS REPORT | Duration: 50.00 min (0.833 h)
2026-06-16 03:58:55,041 [INFO] ============================================================
2026-06-16 03:58:55,042 [INFO] COUNTRATES (Physical):
2026-06-16 03:58:55,042 [INFO]   Ch 1: 8.9 kHz (total: 26,733,799)
2026-06-16 03:58:55,043 [INFO]   Ch 2: 13.4 kHz (total: 40,182,278)
2026-06-16 03:58:55,043 [INFO]   Ch 3: 3.6 kHz (total: 10,784,156)
2026-06-16 03:58:55,044 [INFO]   Ch 4: 4.0 kHz (total: 12,100,678)
2026-06-16 03:58:55,045 [INFO]   Ch 5: 0.1 kHz (total: 188,512)
2026-06-16 03:58:55,046 [INFO]   Ch 6: 0.0 kHz (total: 143,492)
2026-06-16 03:58:55,047 [INFO] COUNTRATES (Virtual):
2026-06-16 03:58:55,047 [INFO]   H3: 22.3 kHz (total: 66,916,077)
2026-06-16 03:58:55,048 [INFO]   H4: 7.6 kHz (total: 22,884,834)
2026-06-16 03:58:55,048 [INFO]   H5: 0.1 kHz (total: 332,004)
2026-06-16 03:58:55,049 [INFO] ------------------------------------------------------------
2026-06-16 03:58:55,049 [INFO] COINCIDENCES (threshold: 100000)
2026-06-16 03:58:55,050 [INFO] ------------------------------------------------------------
2026-06-16 03:58:55,051 [INFO] Twofold (physical) (Reached Threshold):
2026-06-16 03:58:55,051 [INFO]   (1,2): 20,273 X
2026-06-16 03:58:55,052 [INFO]   (1,3): 5,470 X
2026-06-16 03:58:55,053 [INFO]   (1,4): 5,893 X
2026-06-16 03:58:55,053 [INFO]   (1,5): 87 X
2026-06-16 03:58:55,054 [INFO]   (1,6): 72 X
2026-06-16 03:58:55,055 [INFO]   (2,3): 7,876 X
2026-06-16 03:58:55,055 [INFO]   (2,4): 8,776 X
2026-06-16 03:58:55,056 [INFO]   (2,5): 125 X
2026-06-16 03:58:55,057 [INFO]   (2,6): 112 X
2026-06-16 03:58:55,057 [INFO]   (3,4): 2,305 X
2026-06-16 03:58:55,058 [INFO]   (3,5): 23 X
2026-06-16 03:58:55,059 [INFO]   (3,6): 29 X
2026-06-16 03:58:55,059 [INFO]   (4,5): 41 X
2026-06-16 03:58:55,060 [INFO]   (4,6): 31 X
2026-06-16 03:58:55,060 [INFO]   (5,6): 2 X
2026-06-16 03:58:55,061 [INFO] ============================================================
2026-06-16 03:58:55,062 [INFO] >>> 15 combination(s) below threshold <<<
2026-06-16 03:58:55,062 [INFO] ============================================================
2026-06-16 03:58:55,143 [INFO] Updated merged data: C:\Users\QUANTUM\OneDrive - ENSTA\!Working files\HBT\HBT Data\Tests_Jun\2026-06-15_20-01-37_g2_heralded_virtual\MERGED\20-01-37_2026-06-15_4.63mW_num0_MERGED.pkl
2026-06-16 03:58:55,183 [INFO] Found 0 connected Time Tagger(s)
2026-06-16 03:58:56,799 [INFO] t:   1 s, Board temperature: 41.1 °C, FPGA temperature: 57.0 °C
2026-06-16 03:58:58,358 [INFO] t:   2 s, Board temperature: 41.2 °C, FPGA temperature: 56.9 °C
2026-06-16 03:58:59,932 [INFO] t:   3 s, Board temperature: 41.2 °C, FPGA temperature: 57.0 °C
2026-06-16 03:59:01,491 [INFO] t:   4 s, Board temperature: 41.1 °C, FPGA temperature: 56.9 °C
2026-06-16 03:59:03,038 [INFO] t:   5 s, Board temperature: 41.1 °C, FPGA temperature: 57.1 °C
2026-06-16 03:59:03,039 [INFO] The Time Tagger is warmed up.
2026-06-16 03:59:03,040 [INFO] Time Tagger initialized.
2026-06-16 03:59:03,041 [INFO] Chunk 6/6 | Elapsed: 60.0 min
2026-06-16 03:59:03,041 [INFO] Initializing experiment on Time Tagger.
2026-06-16 03:59:03,043 [INFO] Deadtime for channel 1: 0 ps
2026-06-16 03:59:03,043 [INFO] Deadtime for channel 2: 0 ps
2026-06-16 03:59:03,044 [INFO] Deadtime for channel 3: 0 ps
2026-06-16 03:59:03,044 [INFO] Deadtime for channel 4: 0 ps
2026-06-16 03:59:03,045 [INFO] Deadtime for channel 5: 0 ps
2026-06-16 03:59:03,045 [INFO] Deadtime for channel 6: 0 ps
2026-06-16 03:59:03,046 [INFO] Delays on channels enabled.
2026-06-16 03:59:03,047 [INFO] Delay for channel 1: requested=0 ps, actual=0 ps
2026-06-16 03:59:03,047 [INFO] Delay for channel 2: requested=-1000 ps, actual=-1000 ps
2026-06-16 03:59:03,048 [INFO] Delay for channel 3: requested=20000 ps, actual=20000 ps
2026-06-16 03:59:03,048 [INFO] Delay for channel 4: requested=16500 ps, actual=16500 ps
2026-06-16 03:59:03,049 [INFO] Delay for channel 5: requested=17800 ps, actual=17800 ps
2026-06-16 03:59:03,050 [INFO] Delay for channel 6: requested=17300 ps, actual=17300 ps
2026-06-16 03:59:03,050 [INFO] Executing synchronized correlation measurement.
2026-06-16 03:59:03,051 [INFO] Delays on channels enabled.
2026-06-16 03:59:03,051 [INFO] Delay for channel 1: requested=0 ps, actual=0 ps.
2026-06-16 03:59:03,052 [INFO] Delay for channel 2: requested=-1000 ps, actual=-1000 ps.
2026-06-16 03:59:03,053 [INFO] Delay for channel 3: requested=20000 ps, actual=20000 ps.
2026-06-16 03:59:03,054 [INFO] Delay for channel 4: requested=16500 ps, actual=16500 ps.
2026-06-16 03:59:03,054 [INFO] Delay for channel 5: requested=17800 ps, actual=17800 ps.
2026-06-16 03:59:03,055 [INFO] Delay for channel 6: requested=17300 ps, actual=17300 ps.
2026-06-16 03:59:03,055 [INFO] Initializing measurement with virtual mode channels for ALL heralding permutations.
2026-06-16 03:59:03,056 [INFO] Automatically generated modes from input: {'H3': [1, 2], 'H4': [3, 4], 'H5': [5, 6]}
2026-06-16 03:59:03,057 [INFO] Setting up virtual channels...
2026-06-16 03:59:03,058 [INFO] Initializing physical channel correlation histograms...
2026-06-16 03:59:03,058 [INFO]   Physical correlation: ch1 <-> ch2
2026-06-16 03:59:03,059 [INFO]   Physical correlation: ch1 <-> ch3
2026-06-16 03:59:03,060 [INFO]   Physical correlation: ch1 <-> ch4
2026-06-16 03:59:03,060 [INFO]   Physical correlation: ch1 <-> ch5
2026-06-16 03:59:03,061 [INFO]   Physical correlation: ch1 <-> ch6
2026-06-16 03:59:03,062 [INFO]   Physical correlation: ch2 <-> ch3
2026-06-16 03:59:03,063 [INFO]   Physical correlation: ch2 <-> ch4
2026-06-16 03:59:03,063 [INFO]   Physical correlation: ch2 <-> ch5
2026-06-16 03:59:03,064 [INFO]   Physical correlation: ch2 <-> ch6
2026-06-16 03:59:03,065 [INFO]   Physical correlation: ch3 <-> ch4
2026-06-16 03:59:03,065 [INFO]   Physical correlation: ch3 <-> ch5
2026-06-16 03:59:03,066 [INFO]   Physical correlation: ch3 <-> ch6
2026-06-16 03:59:03,067 [INFO]   Physical correlation: ch4 <-> ch5
2026-06-16 03:59:03,067 [INFO]   Physical correlation: ch4 <-> ch6
2026-06-16 03:59:03,068 [INFO]   Physical correlation: ch5 <-> ch6
2026-06-16 03:59:03,069 [INFO] Initializing virtual mode correlation histograms...
2026-06-16 03:59:03,070 [INFO]   Within-mode (H3): ch1 <-> ch2
2026-06-16 03:59:03,070 [INFO]   Cross-mode: H3 <-> H4
2026-06-16 03:59:03,071 [INFO]   Cross-mode: H3 <-> H5
2026-06-16 03:59:03,072 [INFO]   Within-mode (H4): ch3 <-> ch4
2026-06-16 03:59:03,072 [INFO]   Cross-mode: H4 <-> H5
2026-06-16 03:59:03,073 [INFO]   Within-mode (H5): ch5 <-> ch6
2026-06-16 03:59:03,075 [INFO] Measurement starting for 10.000min / 0.167h
2026-06-16 04:09:03,393 [INFO] Measurements finished.
2026-06-16 04:09:03,394 [INFO] Collecting measurement data...
2026-06-16 04:09:03,395 [INFO] Collecting physical correlation data for (1,2)
2026-06-16 04:09:03,400 [INFO] Collecting physical correlation data for (1,3)
2026-06-16 04:09:03,404 [INFO] Collecting physical correlation data for (1,4)
2026-06-16 04:09:03,409 [INFO] Collecting physical correlation data for (1,5)
2026-06-16 04:09:03,414 [INFO] Collecting physical correlation data for (1,6)
2026-06-16 04:09:03,418 [INFO] Collecting physical correlation data for (2,3)
2026-06-16 04:09:03,423 [INFO] Collecting physical correlation data for (2,4)
2026-06-16 04:09:03,427 [INFO] Collecting physical correlation data for (2,5)
2026-06-16 04:09:03,431 [INFO] Collecting physical correlation data for (2,6)
2026-06-16 04:09:03,435 [INFO] Collecting physical correlation data for (3,4)
2026-06-16 04:09:03,439 [INFO] Collecting physical correlation data for (3,5)
2026-06-16 04:09:03,442 [INFO] Collecting physical correlation data for (3,6)
2026-06-16 04:09:03,445 [INFO] Collecting physical correlation data for (4,5)
2026-06-16 04:09:03,447 [INFO] Collecting physical correlation data for (4,6)
2026-06-16 04:09:03,449 [INFO] Collecting physical correlation data for (5,6)
2026-06-16 04:09:03,452 [INFO] Collecting virtual correlation data for (H3,H3)
2026-06-16 04:09:03,454 [INFO] Collecting virtual correlation data for (H3,H4)
2026-06-16 04:09:03,456 [INFO] Collecting virtual correlation data for (H3,H5)
2026-06-16 04:09:03,458 [INFO] Collecting virtual correlation data for (H4,H4)
2026-06-16 04:09:03,460 [INFO] Collecting virtual correlation data for (H4,H5)
2026-06-16 04:09:03,463 [INFO] Collecting virtual correlation data for (H5,H5)
2026-06-16 04:09:03,484 [INFO] Starting writing data to file.
2026-06-16 04:09:03,565 [INFO] Saved data.
2026-06-16 04:09:03,683 [INFO] Merging 1 chunks into running total...
2026-06-16 04:09:03,845 [INFO] ============================================================
2026-06-16 04:09:03,846 [INFO] STATUS REPORT | Duration: 60.00 min (1.000 h)
2026-06-16 04:09:03,846 [INFO] ============================================================
2026-06-16 04:09:03,847 [INFO] COUNTRATES (Physical):
2026-06-16 04:09:03,848 [INFO]   Ch 1: 8.9 kHz (total: 32,096,492)
2026-06-16 04:09:03,849 [INFO]   Ch 2: 13.4 kHz (total: 48,236,656)
2026-06-16 04:09:03,850 [INFO]   Ch 3: 3.6 kHz (total: 12,946,076)
2026-06-16 04:09:03,851 [INFO]   Ch 4: 4.0 kHz (total: 14,528,161)
2026-06-16 04:09:03,851 [INFO]   Ch 5: 0.1 kHz (total: 226,391)
2026-06-16 04:09:03,852 [INFO]   Ch 6: 0.0 kHz (total: 171,998)
2026-06-16 04:09:03,853 [INFO] COUNTRATES (Virtual):
2026-06-16 04:09:03,853 [INFO]   H3: 22.3 kHz (total: 80,333,148)
2026-06-16 04:09:03,854 [INFO]   H4: 7.6 kHz (total: 27,474,237)
2026-06-16 04:09:03,855 [INFO]   H5: 0.1 kHz (total: 398,389)
2026-06-16 04:09:03,856 [INFO] ------------------------------------------------------------
2026-06-16 04:09:03,857 [INFO] COINCIDENCES (threshold: 100000)
2026-06-16 04:09:03,857 [INFO] ------------------------------------------------------------
2026-06-16 04:09:03,858 [INFO] Twofold (physical) (Reached Threshold):
2026-06-16 04:09:03,859 [INFO]   (1,2): 24,261 X
2026-06-16 04:09:03,859 [INFO]   (1,3): 6,554 X
2026-06-16 04:09:03,860 [INFO]   (1,4): 7,067 X
2026-06-16 04:09:03,861 [INFO]   (1,5): 112 X
2026-06-16 04:09:03,861 [INFO]   (1,6): 87 X
2026-06-16 04:09:03,862 [INFO]   (2,3): 9,489 X
2026-06-16 04:09:03,862 [INFO]   (2,4): 10,553 X
2026-06-16 04:09:03,863 [INFO]   (2,5): 154 X
2026-06-16 04:09:03,864 [INFO]   (2,6): 137 X
2026-06-16 04:09:03,864 [INFO]   (3,4): 2,775 X
2026-06-16 04:09:03,865 [INFO]   (3,5): 24 X
2026-06-16 04:09:03,865 [INFO]   (3,6): 35 X
2026-06-16 04:09:03,866 [INFO]   (4,5): 50 X
2026-06-16 04:09:03,867 [INFO]   (4,6): 39 X
2026-06-16 04:09:03,867 [INFO]   (5,6): 2 X
2026-06-16 04:09:03,868 [INFO] ============================================================
2026-06-16 04:09:03,869 [INFO] >>> 15 combination(s) below threshold <<<
2026-06-16 04:09:03,869 [INFO] ============================================================
2026-06-16 04:09:03,952 [INFO] Updated merged data: C:\Users\QUANTUM\OneDrive - ENSTA\!Working files\HBT\HBT Data\Tests_Jun\2026-06-15_20-01-37_g2_heralded_virtual\MERGED\20-01-37_2026-06-15_4.63mW_num0_MERGED.pkl
2026-06-16 04:09:04,035 [INFO] Final merged data saved to: C:\Users\QUANTUM\OneDrive - ENSTA\!Working files\HBT\HBT Data\Tests_Jun\2026-06-15_20-01-37_g2_heralded_virtual\MERGED\20-01-37_2026-06-15_4.63mW_num0_MERGED.pkl
2026-06-16 04:09:04,036 [INFO] Total merged duration: 60.00 min
2026-06-16 04:09:04,037 [INFO] Measurement completed in 60.89 min
2026-06-16 04:09:04,888 [INFO] Stage Position: 38.0
2026-06-16 04:09:04,889 [INFO] Starting chunked acquisition (max 6 chunks / 60.0 min)
2026-06-16 04:09:04,891 [INFO] Chunk duration: 10 min
2026-06-16 04:09:04,892 [INFO] Threshold: 100000 counts, checking every 1 chunks
2026-06-16 04:09:04,952 [INFO] Found 0 connected Time Tagger(s)
2026-06-16 04:09:06,574 [INFO] t:   1 s, Board temperature: 40.9 °C, FPGA temperature: 56.8 °C
2026-06-16 04:09:08,150 [INFO] t:   2 s, Board temperature: 41.2 °C, FPGA temperature: 56.9 °C
2026-06-16 04:09:09,709 [INFO] t:   3 s, Board temperature: 41.0 °C, FPGA temperature: 56.9 °C
2026-06-16 04:09:11,271 [INFO] t:   4 s, Board temperature: 41.1 °C, FPGA temperature: 56.9 °C
2026-06-16 04:09:12,826 [INFO] t:   5 s, Board temperature: 41.0 °C, FPGA temperature: 56.9 °C
2026-06-16 04:09:12,826 [INFO] The Time Tagger is warmed up.
2026-06-16 04:09:12,827 [INFO] Time Tagger initialized.
2026-06-16 04:09:12,828 [INFO] Chunk 1/6 | Elapsed: 10.0 min
2026-06-16 04:09:12,829 [INFO] Initializing experiment on Time Tagger.
2026-06-16 04:09:12,830 [INFO] Deadtime for channel 1: 0 ps
2026-06-16 04:09:12,830 [INFO] Deadtime for channel 2: 0 ps
2026-06-16 04:09:12,831 [INFO] Deadtime for channel 3: 0 ps
2026-06-16 04:09:12,831 [INFO] Deadtime for channel 4: 0 ps
2026-06-16 04:09:12,832 [INFO] Deadtime for channel 5: 0 ps
2026-06-16 04:09:12,833 [INFO] Deadtime for channel 6: 0 ps
2026-06-16 04:09:12,833 [INFO] Delays on channels enabled.
2026-06-16 04:09:12,834 [INFO] Delay for channel 1: requested=0 ps, actual=0 ps
2026-06-16 04:09:12,835 [INFO] Delay for channel 2: requested=-1000 ps, actual=-1000 ps
2026-06-16 04:09:12,835 [INFO] Delay for channel 3: requested=20000 ps, actual=20000 ps
2026-06-16 04:09:12,836 [INFO] Delay for channel 4: requested=16500 ps, actual=16500 ps
2026-06-16 04:09:12,837 [INFO] Delay for channel 5: requested=17800 ps, actual=17800 ps
2026-06-16 04:09:12,837 [INFO] Delay for channel 6: requested=17300 ps, actual=17300 ps
2026-06-16 04:09:12,838 [INFO] Executing synchronized correlation measurement.
2026-06-16 04:09:12,839 [INFO] Delays on channels enabled.
2026-06-16 04:09:12,839 [INFO] Delay for channel 1: requested=0 ps, actual=0 ps.
2026-06-16 04:09:12,840 [INFO] Delay for channel 2: requested=-1000 ps, actual=-1000 ps.
2026-06-16 04:09:12,840 [INFO] Delay for channel 3: requested=20000 ps, actual=20000 ps.
2026-06-16 04:09:12,841 [INFO] Delay for channel 4: requested=16500 ps, actual=16500 ps.
2026-06-16 04:09:12,842 [INFO] Delay for channel 5: requested=17800 ps, actual=17800 ps.
2026-06-16 04:09:12,842 [INFO] Delay for channel 6: requested=17300 ps, actual=17300 ps.
2026-06-16 04:09:12,843 [INFO] Initializing measurement with virtual mode channels for ALL heralding permutations.
2026-06-16 04:09:12,843 [INFO] Automatically generated modes from input: {'H3': [1, 2], 'H4': [3, 4], 'H5': [5, 6]}
2026-06-16 04:09:12,844 [INFO] Setting up virtual channels...
2026-06-16 04:09:12,845 [INFO] Initializing physical channel correlation histograms...
2026-06-16 04:09:12,846 [INFO]   Physical correlation: ch1 <-> ch2
2026-06-16 04:09:12,846 [INFO]   Physical correlation: ch1 <-> ch3
2026-06-16 04:09:12,847 [INFO]   Physical correlation: ch1 <-> ch4
2026-06-16 04:09:12,848 [INFO]   Physical correlation: ch1 <-> ch5
2026-06-16 04:09:12,849 [INFO]   Physical correlation: ch1 <-> ch6
2026-06-16 04:09:12,849 [INFO]   Physical correlation: ch2 <-> ch3
2026-06-16 04:09:12,850 [INFO]   Physical correlation: ch2 <-> ch4
2026-06-16 04:09:12,851 [INFO]   Physical correlation: ch2 <-> ch5
2026-06-16 04:09:12,851 [INFO]   Physical correlation: ch2 <-> ch6
2026-06-16 04:09:12,852 [INFO]   Physical correlation: ch3 <-> ch4
2026-06-16 04:09:12,853 [INFO]   Physical correlation: ch3 <-> ch5
2026-06-16 04:09:12,853 [INFO]   Physical correlation: ch3 <-> ch6
2026-06-16 04:09:12,854 [INFO]   Physical correlation: ch4 <-> ch5
2026-06-16 04:09:12,855 [INFO]   Physical correlation: ch4 <-> ch6
2026-06-16 04:09:12,855 [INFO]   Physical correlation: ch5 <-> ch6
2026-06-16 04:09:12,856 [INFO] Initializing virtual mode correlation histograms...
2026-06-16 04:09:12,857 [INFO]   Within-mode (H3): ch1 <-> ch2
2026-06-16 04:09:12,858 [INFO]   Cross-mode: H3 <-> H4
2026-06-16 04:09:12,858 [INFO]   Cross-mode: H3 <-> H5
2026-06-16 04:09:12,859 [INFO]   Within-mode (H4): ch3 <-> ch4
2026-06-16 04:09:12,860 [INFO]   Cross-mode: H4 <-> H5
2026-06-16 04:09:12,860 [INFO]   Within-mode (H5): ch5 <-> ch6
2026-06-16 04:09:12,862 [INFO] Measurement starting for 10.000min / 0.167h
2026-06-16 04:19:13,184 [INFO] Measurements finished.
2026-06-16 04:19:13,185 [INFO] Collecting measurement data...
2026-06-16 04:19:13,187 [INFO] Collecting physical correlation data for (1,2)
2026-06-16 04:19:13,192 [INFO] Collecting physical correlation data for (1,3)
2026-06-16 04:19:13,196 [INFO] Collecting physical correlation data for (1,4)
2026-06-16 04:19:13,201 [INFO] Collecting physical correlation data for (1,5)
2026-06-16 04:19:13,204 [INFO] Collecting physical correlation data for (1,6)
2026-06-16 04:19:13,206 [INFO] Collecting physical correlation data for (2,3)
2026-06-16 04:19:13,208 [INFO] Collecting physical correlation data for (2,4)
2026-06-16 04:19:13,209 [INFO] Collecting physical correlation data for (2,5)
2026-06-16 04:19:13,211 [INFO] Collecting physical correlation data for (2,6)
2026-06-16 04:19:13,213 [INFO] Collecting physical correlation data for (3,4)
2026-06-16 04:19:13,215 [INFO] Collecting physical correlation data for (3,5)
2026-06-16 04:19:13,217 [INFO] Collecting physical correlation data for (3,6)
2026-06-16 04:19:13,219 [INFO] Collecting physical correlation data for (4,5)
2026-06-16 04:19:13,221 [INFO] Collecting physical correlation data for (4,6)
2026-06-16 04:19:13,223 [INFO] Collecting physical correlation data for (5,6)
2026-06-16 04:19:13,224 [INFO] Collecting virtual correlation data for (H3,H3)
2026-06-16 04:19:13,226 [INFO] Collecting virtual correlation data for (H3,H4)
2026-06-16 04:19:13,228 [INFO] Collecting virtual correlation data for (H3,H5)
2026-06-16 04:19:13,231 [INFO] Collecting virtual correlation data for (H4,H4)
2026-06-16 04:19:13,233 [INFO] Collecting virtual correlation data for (H4,H5)
2026-06-16 04:19:13,235 [INFO] Collecting virtual correlation data for (H5,H5)
2026-06-16 04:19:13,254 [INFO] Starting writing data to file.
2026-06-16 04:19:13,334 [INFO] Saved data.
2026-06-16 04:19:13,449 [INFO] Merging 1 chunks into running total...
2026-06-16 04:19:13,450 [INFO] ============================================================
2026-06-16 04:19:13,451 [INFO] STATUS REPORT | Duration: 10.00 min (0.167 h)
2026-06-16 04:19:13,452 [INFO] ============================================================
2026-06-16 04:19:13,453 [INFO] COUNTRATES (Physical):
2026-06-16 04:19:13,454 [INFO]   Ch 1: 4.2 kHz (total: 2,491,066)
2026-06-16 04:19:13,454 [INFO]   Ch 2: 7.1 kHz (total: 4,283,529)
2026-06-16 04:19:13,455 [INFO]   Ch 3: 2.1 kHz (total: 1,279,328)
2026-06-16 04:19:13,456 [INFO]   Ch 4: 2.6 kHz (total: 1,549,879)
2026-06-16 04:19:13,456 [INFO]   Ch 5: 0.0 kHz (total: 24,746)
2026-06-16 04:19:13,457 [INFO]   Ch 6: 0.0 kHz (total: 15,509)
2026-06-16 04:19:13,457 [INFO] COUNTRATES (Virtual):
2026-06-16 04:19:13,458 [INFO]   H3: 11.3 kHz (total: 6,774,595)
2026-06-16 04:19:13,458 [INFO]   H4: 4.7 kHz (total: 2,829,207)
2026-06-16 04:19:13,459 [INFO]   H5: 0.1 kHz (total: 40,255)
2026-06-16 04:19:13,461 [INFO] ------------------------------------------------------------
2026-06-16 04:19:13,461 [INFO] COINCIDENCES (threshold: 100000)
2026-06-16 04:19:13,462 [INFO] ------------------------------------------------------------
2026-06-16 04:19:13,463 [INFO] Twofold (physical) (Reached Threshold):
2026-06-16 04:19:13,464 [INFO]   (1,2): 973 X
2026-06-16 04:19:13,464 [INFO]   (1,3): 274 X
2026-06-16 04:19:13,465 [INFO]   (1,4): 330 X
2026-06-16 04:19:13,466 [INFO]   (1,5): 9 X
2026-06-16 04:19:13,466 [INFO]   (1,6): 4 X
2026-06-16 04:19:13,467 [INFO]   (2,3): 474 X
2026-06-16 04:19:13,467 [INFO]   (2,4): 587 X
2026-06-16 04:19:13,468 [INFO]   (2,5): 9 X
2026-06-16 04:19:13,468 [INFO]   (2,6): 8 X
2026-06-16 04:19:13,470 [INFO]   (3,4): 188 X
2026-06-16 04:19:13,470 [INFO]   (3,5): 1 X
2026-06-16 04:19:13,471 [INFO]   (3,6): 3 X
2026-06-16 04:19:13,471 [INFO]   (4,5): 4 X
2026-06-16 04:19:13,472 [INFO]   (4,6): 3 X
2026-06-16 04:19:13,473 [INFO]   (5,6): 0 X
2026-06-16 04:19:13,473 [INFO] ============================================================
2026-06-16 04:19:13,474 [INFO] >>> 15 combination(s) below threshold <<<
2026-06-16 04:19:13,475 [INFO] ============================================================
2026-06-16 04:19:13,552 [INFO] Updated merged data: C:\Users\QUANTUM\OneDrive - ENSTA\!Working files\HBT\HBT Data\Tests_Jun\2026-06-15_20-01-37_g2_heralded_virtual\MERGED\20-01-37_2026-06-15_3.43mW_num0_MERGED.pkl
2026-06-16 04:19:13,591 [INFO] Found 0 connected Time Tagger(s)
2026-06-16 04:19:15,198 [INFO] t:   1 s, Board temperature: 40.9 °C, FPGA temperature: 56.9 °C
2026-06-16 04:19:16,765 [INFO] t:   2 s, Board temperature: 40.9 °C, FPGA temperature: 56.8 °C
2026-06-16 04:19:18,317 [INFO] t:   3 s, Board temperature: 40.9 °C, FPGA temperature: 56.9 °C
2026-06-16 04:19:19,883 [INFO] t:   4 s, Board temperature: 40.8 °C, FPGA temperature: 57.0 °C
2026-06-16 04:19:21,440 [INFO] t:   5 s, Board temperature: 40.8 °C, FPGA temperature: 56.9 °C
2026-06-16 04:19:21,440 [INFO] The Time Tagger is warmed up.
2026-06-16 04:19:21,441 [INFO] Time Tagger initialized.
2026-06-16 04:19:21,442 [INFO] Chunk 2/6 | Elapsed: 20.0 min
2026-06-16 04:19:21,443 [INFO] Initializing experiment on Time Tagger.
2026-06-16 04:19:21,443 [INFO] Deadtime for channel 1: 0 ps
2026-06-16 04:19:21,444 [INFO] Deadtime for channel 2: 0 ps
2026-06-16 04:19:21,445 [INFO] Deadtime for channel 3: 0 ps
2026-06-16 04:19:21,445 [INFO] Deadtime for channel 4: 0 ps
2026-06-16 04:19:21,446 [INFO] Deadtime for channel 5: 0 ps
2026-06-16 04:19:21,446 [INFO] Deadtime for channel 6: 0 ps
2026-06-16 04:19:21,447 [INFO] Delays on channels enabled.
2026-06-16 04:19:21,448 [INFO] Delay for channel 1: requested=0 ps, actual=0 ps
2026-06-16 04:19:21,448 [INFO] Delay for channel 2: requested=-1000 ps, actual=-1000 ps
2026-06-16 04:19:21,449 [INFO] Delay for channel 3: requested=20000 ps, actual=20000 ps
2026-06-16 04:19:21,450 [INFO] Delay for channel 4: requested=16500 ps, actual=16500 ps
2026-06-16 04:19:21,450 [INFO] Delay for channel 5: requested=17800 ps, actual=17800 ps
2026-06-16 04:19:21,451 [INFO] Delay for channel 6: requested=17300 ps, actual=17300 ps
2026-06-16 04:19:21,452 [INFO] Executing synchronized correlation measurement.
2026-06-16 04:19:21,452 [INFO] Delays on channels enabled.
2026-06-16 04:19:21,453 [INFO] Delay for channel 1: requested=0 ps, actual=0 ps.
2026-06-16 04:19:21,453 [INFO] Delay for channel 2: requested=-1000 ps, actual=-1000 ps.
2026-06-16 04:19:21,454 [INFO] Delay for channel 3: requested=20000 ps, actual=20000 ps.
2026-06-16 04:19:21,454 [INFO] Delay for channel 4: requested=16500 ps, actual=16500 ps.
2026-06-16 04:19:21,455 [INFO] Delay for channel 5: requested=17800 ps, actual=17800 ps.
2026-06-16 04:19:21,456 [INFO] Delay for channel 6: requested=17300 ps, actual=17300 ps.
2026-06-16 04:19:21,456 [INFO] Initializing measurement with virtual mode channels for ALL heralding permutations.
2026-06-16 04:19:21,457 [INFO] Automatically generated modes from input: {'H3': [1, 2], 'H4': [3, 4], 'H5': [5, 6]}
2026-06-16 04:19:21,457 [INFO] Setting up virtual channels...
2026-06-16 04:19:21,459 [INFO] Initializing physical channel correlation histograms...
2026-06-16 04:19:21,459 [INFO]   Physical correlation: ch1 <-> ch2
2026-06-16 04:19:21,460 [INFO]   Physical correlation: ch1 <-> ch3
2026-06-16 04:19:21,460 [INFO]   Physical correlation: ch1 <-> ch4
2026-06-16 04:19:21,461 [INFO]   Physical correlation: ch1 <-> ch5
2026-06-16 04:19:21,462 [INFO]   Physical correlation: ch1 <-> ch6
2026-06-16 04:19:21,462 [INFO]   Physical correlation: ch2 <-> ch3
2026-06-16 04:19:21,463 [INFO]   Physical correlation: ch2 <-> ch4
2026-06-16 04:19:21,464 [INFO]   Physical correlation: ch2 <-> ch5
2026-06-16 04:19:21,465 [INFO]   Physical correlation: ch2 <-> ch6
2026-06-16 04:19:21,465 [INFO]   Physical correlation: ch3 <-> ch4
2026-06-16 04:19:21,466 [INFO]   Physical correlation: ch3 <-> ch5
2026-06-16 04:19:21,467 [INFO]   Physical correlation: ch3 <-> ch6
2026-06-16 04:19:21,467 [INFO]   Physical correlation: ch4 <-> ch5
2026-06-16 04:19:21,468 [INFO]   Physical correlation: ch4 <-> ch6
2026-06-16 04:19:21,469 [INFO]   Physical correlation: ch5 <-> ch6
2026-06-16 04:19:21,469 [INFO] Initializing virtual mode correlation histograms...
2026-06-16 04:19:21,470 [INFO]   Within-mode (H3): ch1 <-> ch2
2026-06-16 04:19:21,471 [INFO]   Cross-mode: H3 <-> H4
2026-06-16 04:19:21,471 [INFO]   Cross-mode: H3 <-> H5
2026-06-16 04:19:21,472 [INFO]   Within-mode (H4): ch3 <-> ch4
2026-06-16 04:19:21,473 [INFO]   Cross-mode: H4 <-> H5
2026-06-16 04:19:21,473 [INFO]   Within-mode (H5): ch5 <-> ch6
2026-06-16 04:19:21,475 [INFO] Measurement starting for 10.000min / 0.167h
2026-06-16 04:29:21,790 [INFO] Measurements finished.
2026-06-16 04:29:21,791 [INFO] Collecting measurement data...
2026-06-16 04:29:21,792 [INFO] Collecting physical correlation data for (1,2)
2026-06-16 04:29:21,794 [INFO] Collecting physical correlation data for (1,3)
2026-06-16 04:29:21,796 [INFO] Collecting physical correlation data for (1,4)
2026-06-16 04:29:21,798 [INFO] Collecting physical correlation data for (1,5)
2026-06-16 04:29:21,800 [INFO] Collecting physical correlation data for (1,6)
2026-06-16 04:29:21,802 [INFO] Collecting physical correlation data for (2,3)
2026-06-16 04:29:21,804 [INFO] Collecting physical correlation data for (2,4)
2026-06-16 04:29:21,807 [INFO] Collecting physical correlation data for (2,5)
2026-06-16 04:29:21,808 [INFO] Collecting physical correlation data for (2,6)
2026-06-16 04:29:21,811 [INFO] Collecting physical correlation data for (3,4)
2026-06-16 04:29:21,812 [INFO] Collecting physical correlation data for (3,5)
2026-06-16 04:29:21,814 [INFO] Collecting physical correlation data for (3,6)
2026-06-16 04:29:21,816 [INFO] Collecting physical correlation data for (4,5)
2026-06-16 04:29:21,818 [INFO] Collecting physical correlation data for (4,6)
2026-06-16 04:29:21,820 [INFO] Collecting physical correlation data for (5,6)
2026-06-16 04:29:21,822 [INFO] Collecting virtual correlation data for (H3,H3)
2026-06-16 04:29:21,824 [INFO] Collecting virtual correlation data for (H3,H4)
2026-06-16 04:29:21,826 [INFO] Collecting virtual correlation data for (H3,H5)
2026-06-16 04:29:21,828 [INFO] Collecting virtual correlation data for (H4,H4)
2026-06-16 04:29:21,830 [INFO] Collecting virtual correlation data for (H4,H5)
2026-06-16 04:29:21,832 [INFO] Collecting virtual correlation data for (H5,H5)
2026-06-16 04:29:21,851 [INFO] Starting writing data to file.
2026-06-16 04:29:21,931 [INFO] Saved data.
2026-06-16 04:29:22,029 [INFO] Merging 1 chunks into running total...
2026-06-16 04:29:22,188 [INFO] ============================================================
2026-06-16 04:29:22,189 [INFO] STATUS REPORT | Duration: 20.00 min (0.333 h)
2026-06-16 04:29:22,190 [INFO] ============================================================
2026-06-16 04:29:22,190 [INFO] COUNTRATES (Physical):
2026-06-16 04:29:22,191 [INFO]   Ch 1: 4.2 kHz (total: 4,985,599)
2026-06-16 04:29:22,191 [INFO]   Ch 2: 7.1 kHz (total: 8,573,544)
2026-06-16 04:29:22,192 [INFO]   Ch 3: 2.1 kHz (total: 2,558,012)
2026-06-16 04:29:22,193 [INFO]   Ch 4: 2.6 kHz (total: 3,100,446)
2026-06-16 04:29:22,194 [INFO]   Ch 5: 0.0 kHz (total: 49,192)
2026-06-16 04:29:22,194 [INFO]   Ch 6: 0.0 kHz (total: 30,763)
2026-06-16 04:29:22,195 [INFO] COUNTRATES (Virtual):
2026-06-16 04:29:22,196 [INFO]   H3: 11.3 kHz (total: 13,559,143)
2026-06-16 04:29:22,196 [INFO]   H4: 4.7 kHz (total: 5,658,458)
2026-06-16 04:29:22,197 [INFO]   H5: 0.1 kHz (total: 79,955)
2026-06-16 04:29:22,197 [INFO] ------------------------------------------------------------
2026-06-16 04:29:22,198 [INFO] COINCIDENCES (threshold: 100000)
2026-06-16 04:29:22,199 [INFO] ------------------------------------------------------------
2026-06-16 04:29:22,199 [INFO] Twofold (physical) (Reached Threshold):
2026-06-16 04:29:22,201 [INFO]   (1,2): 1,980 X
2026-06-16 04:29:22,201 [INFO]   (1,3): 545 X
2026-06-16 04:29:22,202 [INFO]   (1,4): 698 X
2026-06-16 04:29:22,202 [INFO]   (1,5): 15 X
2026-06-16 04:29:22,203 [INFO]   (1,6): 6 X
2026-06-16 04:29:22,204 [INFO]   (2,3): 987 X
2026-06-16 04:29:22,204 [INFO]   (2,4): 1,198 X
2026-06-16 04:29:22,205 [INFO]   (2,5): 17 X
2026-06-16 04:29:22,206 [INFO]   (2,6): 16 X
2026-06-16 04:29:22,206 [INFO]   (3,4): 365 X
2026-06-16 04:29:22,207 [INFO]   (3,5): 3 X
2026-06-16 04:29:22,207 [INFO]   (3,6): 4 X
2026-06-16 04:29:22,208 [INFO]   (4,5): 10 X
2026-06-16 04:29:22,209 [INFO]   (4,6): 8 X
2026-06-16 04:29:22,209 [INFO]   (5,6): 0 X
2026-06-16 04:29:22,210 [INFO] ============================================================
2026-06-16 04:29:22,210 [INFO] >>> 15 combination(s) below threshold <<<
2026-06-16 04:29:22,211 [INFO] ============================================================
2026-06-16 04:29:22,291 [INFO] Updated merged data: C:\Users\QUANTUM\OneDrive - ENSTA\!Working files\HBT\HBT Data\Tests_Jun\2026-06-15_20-01-37_g2_heralded_virtual\MERGED\20-01-37_2026-06-15_3.43mW_num0_MERGED.pkl
2026-06-16 04:29:22,331 [INFO] Found 0 connected Time Tagger(s)
2026-06-16 04:29:23,928 [INFO] t:   1 s, Board temperature: 41.2 °C, FPGA temperature: 56.9 °C
2026-06-16 04:29:25,492 [INFO] t:   2 s, Board temperature: 41.1 °C, FPGA temperature: 56.8 °C
2026-06-16 04:29:27,064 [INFO] t:   3 s, Board temperature: 41.1 °C, FPGA temperature: 56.8 °C
2026-06-16 04:29:28,622 [INFO] t:   4 s, Board temperature: 41.1 °C, FPGA temperature: 56.9 °C
2026-06-16 04:29:30,210 [INFO] t:   5 s, Board temperature: 41.2 °C, FPGA temperature: 56.9 °C
2026-06-16 04:29:30,211 [INFO] The Time Tagger is warmed up.
2026-06-16 04:29:30,212 [INFO] Time Tagger initialized.
2026-06-16 04:29:30,213 [INFO] Chunk 3/6 | Elapsed: 30.0 min
2026-06-16 04:29:30,214 [INFO] Initializing experiment on Time Tagger.
2026-06-16 04:29:30,215 [INFO] Deadtime for channel 1: 0 ps
2026-06-16 04:29:30,216 [INFO] Deadtime for channel 2: 0 ps
2026-06-16 04:29:30,217 [INFO] Deadtime for channel 3: 0 ps
2026-06-16 04:29:30,217 [INFO] Deadtime for channel 4: 0 ps
2026-06-16 04:29:30,217 [INFO] Deadtime for channel 5: 0 ps
2026-06-16 04:29:30,218 [INFO] Deadtime for channel 6: 0 ps
2026-06-16 04:29:30,219 [INFO] Delays on channels enabled.
2026-06-16 04:29:30,219 [INFO] Delay for channel 1: requested=0 ps, actual=0 ps
2026-06-16 04:29:30,220 [INFO] Delay for channel 2: requested=-1000 ps, actual=-1000 ps
2026-06-16 04:29:30,221 [INFO] Delay for channel 3: requested=20000 ps, actual=20000 ps
2026-06-16 04:29:30,221 [INFO] Delay for channel 4: requested=16500 ps, actual=16500 ps
2026-06-16 04:29:30,222 [INFO] Delay for channel 5: requested=17800 ps, actual=17800 ps
2026-06-16 04:29:30,223 [INFO] Delay for channel 6: requested=17300 ps, actual=17300 ps
2026-06-16 04:29:30,223 [INFO] Executing synchronized correlation measurement.
2026-06-16 04:29:30,224 [INFO] Delays on channels enabled.
2026-06-16 04:29:30,225 [INFO] Delay for channel 1: requested=0 ps, actual=0 ps.
2026-06-16 04:29:30,225 [INFO] Delay for channel 2: requested=-1000 ps, actual=-1000 ps.
2026-06-16 04:29:30,226 [INFO] Delay for channel 3: requested=20000 ps, actual=20000 ps.
2026-06-16 04:29:30,226 [INFO] Delay for channel 4: requested=16500 ps, actual=16500 ps.
2026-06-16 04:29:30,226 [INFO] Delay for channel 5: requested=17800 ps, actual=17800 ps.
2026-06-16 04:29:30,227 [INFO] Delay for channel 6: requested=17300 ps, actual=17300 ps.
2026-06-16 04:29:30,228 [INFO] Initializing measurement with virtual mode channels for ALL heralding permutations.
2026-06-16 04:29:30,228 [INFO] Automatically generated modes from input: {'H3': [1, 2], 'H4': [3, 4], 'H5': [5, 6]}
2026-06-16 04:29:30,229 [INFO] Setting up virtual channels...
2026-06-16 04:29:30,231 [INFO] Initializing physical channel correlation histograms...
2026-06-16 04:29:30,231 [INFO]   Physical correlation: ch1 <-> ch2
2026-06-16 04:29:30,232 [INFO]   Physical correlation: ch1 <-> ch3
2026-06-16 04:29:30,233 [INFO]   Physical correlation: ch1 <-> ch4
2026-06-16 04:29:30,233 [INFO]   Physical correlation: ch1 <-> ch5
2026-06-16 04:29:30,234 [INFO]   Physical correlation: ch1 <-> ch6
2026-06-16 04:29:30,235 [INFO]   Physical correlation: ch2 <-> ch3
2026-06-16 04:29:30,236 [INFO]   Physical correlation: ch2 <-> ch4
2026-06-16 04:29:30,236 [INFO]   Physical correlation: ch2 <-> ch5
2026-06-16 04:29:30,237 [INFO]   Physical correlation: ch2 <-> ch6
2026-06-16 04:29:30,238 [INFO]   Physical correlation: ch3 <-> ch4
2026-06-16 04:29:30,239 [INFO]   Physical correlation: ch3 <-> ch5
2026-06-16 04:29:30,239 [INFO]   Physical correlation: ch3 <-> ch6
2026-06-16 04:29:30,240 [INFO]   Physical correlation: ch4 <-> ch5
2026-06-16 04:29:30,241 [INFO]   Physical correlation: ch4 <-> ch6
2026-06-16 04:29:30,241 [INFO]   Physical correlation: ch5 <-> ch6
2026-06-16 04:29:30,242 [INFO] Initializing virtual mode correlation histograms...
2026-06-16 04:29:30,243 [INFO]   Within-mode (H3): ch1 <-> ch2
2026-06-16 04:29:30,244 [INFO]   Cross-mode: H3 <-> H4
2026-06-16 04:29:30,244 [INFO]   Cross-mode: H3 <-> H5
2026-06-16 04:29:30,245 [INFO]   Within-mode (H4): ch3 <-> ch4
2026-06-16 04:29:30,246 [INFO]   Cross-mode: H4 <-> H5
2026-06-16 04:29:30,246 [INFO]   Within-mode (H5): ch5 <-> ch6
2026-06-16 04:29:30,247 [INFO] Measurement starting for 10.000min / 0.167h
2026-06-16 04:39:30,553 [INFO] Measurements finished.
2026-06-16 04:39:30,554 [INFO] Collecting measurement data...
2026-06-16 04:39:30,555 [INFO] Collecting physical correlation data for (1,2)
2026-06-16 04:39:30,558 [INFO] Collecting physical correlation data for (1,3)
2026-06-16 04:39:30,561 [INFO] Collecting physical correlation data for (1,4)
2026-06-16 04:39:30,564 [INFO] Collecting physical correlation data for (1,5)
2026-06-16 04:39:30,566 [INFO] Collecting physical correlation data for (1,6)
2026-06-16 04:39:30,569 [INFO] Collecting physical correlation data for (2,3)
2026-06-16 04:39:30,571 [INFO] Collecting physical correlation data for (2,4)
2026-06-16 04:39:30,574 [INFO] Collecting physical correlation data for (2,5)
2026-06-16 04:39:30,576 [INFO] Collecting physical correlation data for (2,6)
2026-06-16 04:39:30,578 [INFO] Collecting physical correlation data for (3,4)
2026-06-16 04:39:30,581 [INFO] Collecting physical correlation data for (3,5)
2026-06-16 04:39:30,583 [INFO] Collecting physical correlation data for (3,6)
2026-06-16 04:39:30,586 [INFO] Collecting physical correlation data for (4,5)
2026-06-16 04:39:30,588 [INFO] Collecting physical correlation data for (4,6)
2026-06-16 04:39:30,591 [INFO] Collecting physical correlation data for (5,6)
2026-06-16 04:39:30,593 [INFO] Collecting virtual correlation data for (H3,H3)
2026-06-16 04:39:30,595 [INFO] Collecting virtual correlation data for (H3,H4)
2026-06-16 04:39:30,597 [INFO] Collecting virtual correlation data for (H3,H5)
2026-06-16 04:39:30,600 [INFO] Collecting virtual correlation data for (H4,H4)
2026-06-16 04:39:30,602 [INFO] Collecting virtual correlation data for (H4,H5)
2026-06-16 04:39:30,604 [INFO] Collecting virtual correlation data for (H5,H5)
2026-06-16 04:39:30,624 [INFO] Starting writing data to file.
2026-06-16 04:39:30,723 [INFO] Saved data.
2026-06-16 04:39:30,858 [INFO] Merging 1 chunks into running total...
2026-06-16 04:39:31,036 [INFO] ============================================================
2026-06-16 04:39:31,036 [INFO] STATUS REPORT | Duration: 30.00 min (0.500 h)
2026-06-16 04:39:31,037 [INFO] ============================================================
2026-06-16 04:39:31,038 [INFO] COUNTRATES (Physical):
2026-06-16 04:39:31,038 [INFO]   Ch 1: 4.2 kHz (total: 7,487,698)
2026-06-16 04:39:31,039 [INFO]   Ch 2: 7.1 kHz (total: 12,866,994)
2026-06-16 04:39:31,040 [INFO]   Ch 3: 2.1 kHz (total: 3,837,440)
2026-06-16 04:39:31,041 [INFO]   Ch 4: 2.6 kHz (total: 4,649,293)
2026-06-16 04:39:31,042 [INFO]   Ch 5: 0.0 kHz (total: 73,678)
2026-06-16 04:39:31,043 [INFO]   Ch 6: 0.0 kHz (total: 46,034)
2026-06-16 04:39:31,043 [INFO] COUNTRATES (Virtual):
2026-06-16 04:39:31,044 [INFO]   H3: 11.3 kHz (total: 20,354,692)
2026-06-16 04:39:31,045 [INFO]   H4: 4.7 kHz (total: 8,486,733)
2026-06-16 04:39:31,046 [INFO]   H5: 0.1 kHz (total: 119,712)
2026-06-16 04:39:31,046 [INFO] ------------------------------------------------------------
2026-06-16 04:39:31,047 [INFO] COINCIDENCES (threshold: 100000)
2026-06-16 04:39:31,047 [INFO] ------------------------------------------------------------
2026-06-16 04:39:31,048 [INFO] Twofold (physical) (Reached Threshold):
2026-06-16 04:39:31,049 [INFO]   (1,2): 2,945 X
2026-06-16 04:39:31,049 [INFO]   (1,3): 828 X
2026-06-16 04:39:31,050 [INFO]   (1,4): 1,025 X
2026-06-16 04:39:31,051 [INFO]   (1,5): 23 X
2026-06-16 04:39:31,052 [INFO]   (1,6): 7 X
2026-06-16 04:39:31,052 [INFO]   (2,3): 1,458 X
2026-06-16 04:39:31,053 [INFO]   (2,4): 1,765 X
2026-06-16 04:39:31,054 [INFO]   (2,5): 28 X
2026-06-16 04:39:31,054 [INFO]   (2,6): 26 X
2026-06-16 04:39:31,055 [INFO]   (3,4): 554 X
2026-06-16 04:39:31,056 [INFO]   (3,5): 5 X
2026-06-16 04:39:31,056 [INFO]   (3,6): 7 X
2026-06-16 04:39:31,057 [INFO]   (4,5): 11 X
2026-06-16 04:39:31,058 [INFO]   (4,6): 11 X
2026-06-16 04:39:31,059 [INFO]   (5,6): 0 X
2026-06-16 04:39:31,059 [INFO] ============================================================
2026-06-16 04:39:31,060 [INFO] >>> 15 combination(s) below threshold <<<
2026-06-16 04:39:31,060 [INFO] ============================================================
2026-06-16 04:39:31,176 [INFO] Updated merged data: C:\Users\QUANTUM\OneDrive - ENSTA\!Working files\HBT\HBT Data\Tests_Jun\2026-06-15_20-01-37_g2_heralded_virtual\MERGED\20-01-37_2026-06-15_3.43mW_num0_MERGED.pkl
2026-06-16 04:39:31,223 [INFO] Found 0 connected Time Tagger(s)
2026-06-16 04:39:32,814 [INFO] t:   1 s, Board temperature: 40.9 °C, FPGA temperature: 56.9 °C
2026-06-16 04:39:34,387 [INFO] t:   2 s, Board temperature: 40.9 °C, FPGA temperature: 56.9 °C
2026-06-16 04:39:35,950 [INFO] t:   3 s, Board temperature: 40.9 °C, FPGA temperature: 56.9 °C
2026-06-16 04:39:37,505 [INFO] t:   4 s, Board temperature: 40.9 °C, FPGA temperature: 56.9 °C
2026-06-16 04:39:39,061 [INFO] t:   5 s, Board temperature: 41.0 °C, FPGA temperature: 56.9 °C
2026-06-16 04:39:39,061 [INFO] The Time Tagger is warmed up.
2026-06-16 04:39:39,062 [INFO] Time Tagger initialized.
2026-06-16 04:39:39,063 [INFO] Chunk 4/6 | Elapsed: 40.0 min
2026-06-16 04:39:39,063 [INFO] Initializing experiment on Time Tagger.
2026-06-16 04:39:39,064 [INFO] Deadtime for channel 1: 0 ps
2026-06-16 04:39:39,065 [INFO] Deadtime for channel 2: 0 ps
2026-06-16 04:39:39,066 [INFO] Deadtime for channel 3: 0 ps
2026-06-16 04:39:39,067 [INFO] Deadtime for channel 4: 0 ps
2026-06-16 04:39:39,067 [INFO] Deadtime for channel 5: 0 ps
2026-06-16 04:39:39,068 [INFO] Deadtime for channel 6: 0 ps
2026-06-16 04:39:39,069 [INFO] Delays on channels enabled.
2026-06-16 04:39:39,069 [INFO] Delay for channel 1: requested=0 ps, actual=0 ps
2026-06-16 04:39:39,070 [INFO] Delay for channel 2: requested=-1000 ps, actual=-1000 ps
2026-06-16 04:39:39,070 [INFO] Delay for channel 3: requested=20000 ps, actual=20000 ps
2026-06-16 04:39:39,071 [INFO] Delay for channel 4: requested=16500 ps, actual=16500 ps
2026-06-16 04:39:39,072 [INFO] Delay for channel 5: requested=17800 ps, actual=17800 ps
2026-06-16 04:39:39,072 [INFO] Delay for channel 6: requested=17300 ps, actual=17300 ps
2026-06-16 04:39:39,073 [INFO] Executing synchronized correlation measurement.
2026-06-16 04:39:39,074 [INFO] Delays on channels enabled.
2026-06-16 04:39:39,074 [INFO] Delay for channel 1: requested=0 ps, actual=0 ps.
2026-06-16 04:39:39,075 [INFO] Delay for channel 2: requested=-1000 ps, actual=-1000 ps.
2026-06-16 04:39:39,076 [INFO] Delay for channel 3: requested=20000 ps, actual=20000 ps.
2026-06-16 04:39:39,076 [INFO] Delay for channel 4: requested=16500 ps, actual=16500 ps.
2026-06-16 04:39:39,077 [INFO] Delay for channel 5: requested=17800 ps, actual=17800 ps.
2026-06-16 04:39:39,077 [INFO] Delay for channel 6: requested=17300 ps, actual=17300 ps.
2026-06-16 04:39:39,078 [INFO] Initializing measurement with virtual mode channels for ALL heralding permutations.
2026-06-16 04:39:39,079 [INFO] Automatically generated modes from input: {'H3': [1, 2], 'H4': [3, 4], 'H5': [5, 6]}
2026-06-16 04:39:39,079 [INFO] Setting up virtual channels...
2026-06-16 04:39:39,081 [INFO] Initializing physical channel correlation histograms...
2026-06-16 04:39:39,081 [INFO]   Physical correlation: ch1 <-> ch2
2026-06-16 04:39:39,082 [INFO]   Physical correlation: ch1 <-> ch3
2026-06-16 04:39:39,083 [INFO]   Physical correlation: ch1 <-> ch4
2026-06-16 04:39:39,083 [INFO]   Physical correlation: ch1 <-> ch5
2026-06-16 04:39:39,084 [INFO]   Physical correlation: ch1 <-> ch6
2026-06-16 04:39:39,085 [INFO]   Physical correlation: ch2 <-> ch3
2026-06-16 04:39:39,085 [INFO]   Physical correlation: ch2 <-> ch4
2026-06-16 04:39:39,086 [INFO]   Physical correlation: ch2 <-> ch5
2026-06-16 04:39:39,087 [INFO]   Physical correlation: ch2 <-> ch6
2026-06-16 04:39:39,087 [INFO]   Physical correlation: ch3 <-> ch4
2026-06-16 04:39:39,088 [INFO]   Physical correlation: ch3 <-> ch5
2026-06-16 04:39:39,089 [INFO]   Physical correlation: ch3 <-> ch6
2026-06-16 04:39:39,089 [INFO]   Physical correlation: ch4 <-> ch5
2026-06-16 04:39:39,090 [INFO]   Physical correlation: ch4 <-> ch6
2026-06-16 04:39:39,091 [INFO]   Physical correlation: ch5 <-> ch6
2026-06-16 04:39:39,091 [INFO] Initializing virtual mode correlation histograms...
2026-06-16 04:39:39,092 [INFO]   Within-mode (H3): ch1 <-> ch2
2026-06-16 04:39:39,093 [INFO]   Cross-mode: H3 <-> H4
2026-06-16 04:39:39,094 [INFO]   Cross-mode: H3 <-> H5
2026-06-16 04:39:39,094 [INFO]   Within-mode (H4): ch3 <-> ch4
2026-06-16 04:39:39,095 [INFO]   Cross-mode: H4 <-> H5
2026-06-16 04:39:39,096 [INFO]   Within-mode (H5): ch5 <-> ch6
2026-06-16 04:39:39,098 [INFO] Measurement starting for 10.000min / 0.167h
2026-06-16 04:49:39,423 [INFO] Measurements finished.
2026-06-16 04:49:39,424 [INFO] Collecting measurement data...
2026-06-16 04:49:39,426 [INFO] Collecting physical correlation data for (1,2)
2026-06-16 04:49:39,430 [INFO] Collecting physical correlation data for (1,3)
2026-06-16 04:49:39,435 [INFO] Collecting physical correlation data for (1,4)
2026-06-16 04:49:39,438 [INFO] Collecting physical correlation data for (1,5)
2026-06-16 04:49:39,439 [INFO] Collecting physical correlation data for (1,6)
2026-06-16 04:49:39,441 [INFO] Collecting physical correlation data for (2,3)
2026-06-16 04:49:39,443 [INFO] Collecting physical correlation data for (2,4)
2026-06-16 04:49:39,445 [INFO] Collecting physical correlation data for (2,5)
2026-06-16 04:49:39,447 [INFO] Collecting physical correlation data for (2,6)
2026-06-16 04:49:39,449 [INFO] Collecting physical correlation data for (3,4)
2026-06-16 04:49:39,450 [INFO] Collecting physical correlation data for (3,5)
2026-06-16 04:49:39,452 [INFO] Collecting physical correlation data for (3,6)
2026-06-16 04:49:39,454 [INFO] Collecting physical correlation data for (4,5)
2026-06-16 04:49:39,456 [INFO] Collecting physical correlation data for (4,6)
2026-06-16 04:49:39,458 [INFO] Collecting physical correlation data for (5,6)
2026-06-16 04:49:39,460 [INFO] Collecting virtual correlation data for (H3,H3)
2026-06-16 04:49:39,462 [INFO] Collecting virtual correlation data for (H3,H4)
2026-06-16 04:49:39,464 [INFO] Collecting virtual correlation data for (H3,H5)
2026-06-16 04:49:39,466 [INFO] Collecting virtual correlation data for (H4,H4)
2026-06-16 04:49:39,468 [INFO] Collecting virtual correlation data for (H4,H5)
2026-06-16 04:49:39,470 [INFO] Collecting virtual correlation data for (H5,H5)
2026-06-16 04:49:39,488 [INFO] Starting writing data to file.
2026-06-16 04:49:39,568 [INFO] Saved data.
2026-06-16 04:49:39,688 [INFO] Merging 1 chunks into running total...
2026-06-16 04:49:39,856 [INFO] ============================================================
2026-06-16 04:49:39,857 [INFO] STATUS REPORT | Duration: 40.00 min (0.667 h)
2026-06-16 04:49:39,858 [INFO] ============================================================
2026-06-16 04:49:39,859 [INFO] COUNTRATES (Physical):
2026-06-16 04:49:39,860 [INFO]   Ch 1: 4.2 kHz (total: 9,979,855)
2026-06-16 04:49:39,860 [INFO]   Ch 2: 7.1 kHz (total: 17,151,942)
2026-06-16 04:49:39,861 [INFO]   Ch 3: 2.1 kHz (total: 5,115,382)
2026-06-16 04:49:39,862 [INFO]   Ch 4: 2.6 kHz (total: 6,199,282)
2026-06-16 04:49:39,863 [INFO]   Ch 5: 0.0 kHz (total: 98,158)
2026-06-16 04:49:39,863 [INFO]   Ch 6: 0.0 kHz (total: 61,366)
2026-06-16 04:49:39,864 [INFO] COUNTRATES (Virtual):
2026-06-16 04:49:39,865 [INFO]   H3: 11.3 kHz (total: 27,131,797)
2026-06-16 04:49:39,865 [INFO]   H4: 4.7 kHz (total: 11,314,664)
2026-06-16 04:49:39,866 [INFO]   H5: 0.1 kHz (total: 159,524)
2026-06-16 04:49:39,867 [INFO] ------------------------------------------------------------
2026-06-16 04:49:39,867 [INFO] COINCIDENCES (threshold: 100000)
2026-06-16 04:49:39,867 [INFO] ------------------------------------------------------------
2026-06-16 04:49:39,867 [INFO] Twofold (physical) (Reached Threshold):
2026-06-16 04:49:39,868 [INFO]   (1,2): 3,886 X
2026-06-16 04:49:39,869 [INFO]   (1,3): 1,094 X
2026-06-16 04:49:39,869 [INFO]   (1,4): 1,343 X
2026-06-16 04:49:39,870 [INFO]   (1,5): 27 X
2026-06-16 04:49:39,870 [INFO]   (1,6): 9 X
2026-06-16 04:49:39,871 [INFO]   (2,3): 1,902 X
2026-06-16 04:49:39,871 [INFO]   (2,4): 2,334 X
2026-06-16 04:49:39,872 [INFO]   (2,5): 41 X
2026-06-16 04:49:39,872 [INFO]   (2,6): 32 X
2026-06-16 04:49:39,873 [INFO]   (3,4): 705 X
2026-06-16 04:49:39,874 [INFO]   (3,5): 7 X
2026-06-16 04:49:39,874 [INFO]   (3,6): 9 X
2026-06-16 04:49:39,875 [INFO]   (4,5): 12 X
2026-06-16 04:49:39,875 [INFO]   (4,6): 16 X
2026-06-16 04:49:39,876 [INFO]   (5,6): 0 X
2026-06-16 04:49:39,877 [INFO] ============================================================
2026-06-16 04:49:39,877 [INFO] >>> 15 combination(s) below threshold <<<
2026-06-16 04:49:39,878 [INFO] ============================================================
2026-06-16 04:49:39,961 [INFO] Updated merged data: C:\Users\QUANTUM\OneDrive - ENSTA\!Working files\HBT\HBT Data\Tests_Jun\2026-06-15_20-01-37_g2_heralded_virtual\MERGED\20-01-37_2026-06-15_3.43mW_num0_MERGED.pkl
2026-06-16 04:49:40,001 [INFO] Found 0 connected Time Tagger(s)
2026-06-16 04:49:41,615 [INFO] t:   1 s, Board temperature: 40.6 °C, FPGA temperature: 56.3 °C
2026-06-16 04:49:43,178 [INFO] t:   2 s, Board temperature: 40.6 °C, FPGA temperature: 56.4 °C
2026-06-16 04:49:44,737 [INFO] t:   3 s, Board temperature: 40.5 °C, FPGA temperature: 56.3 °C
2026-06-16 04:49:46,292 [INFO] t:   4 s, Board temperature: 40.6 °C, FPGA temperature: 56.4 °C
2026-06-16 04:49:47,851 [INFO] t:   5 s, Board temperature: 40.5 °C, FPGA temperature: 56.4 °C
2026-06-16 04:49:47,852 [INFO] The Time Tagger is warmed up.
2026-06-16 04:49:47,852 [INFO] Time Tagger initialized.
2026-06-16 04:49:47,854 [INFO] Chunk 5/6 | Elapsed: 50.0 min
2026-06-16 04:49:47,854 [INFO] Initializing experiment on Time Tagger.
2026-06-16 04:49:47,855 [INFO] Deadtime for channel 1: 0 ps
2026-06-16 04:49:47,856 [INFO] Deadtime for channel 2: 0 ps
2026-06-16 04:49:47,857 [INFO] Deadtime for channel 3: 0 ps
2026-06-16 04:49:47,857 [INFO] Deadtime for channel 4: 0 ps
2026-06-16 04:49:47,858 [INFO] Deadtime for channel 5: 0 ps
2026-06-16 04:49:47,858 [INFO] Deadtime for channel 6: 0 ps
2026-06-16 04:49:47,859 [INFO] Delays on channels enabled.
2026-06-16 04:49:47,860 [INFO] Delay for channel 1: requested=0 ps, actual=0 ps
2026-06-16 04:49:47,860 [INFO] Delay for channel 2: requested=-1000 ps, actual=-1000 ps
2026-06-16 04:49:47,861 [INFO] Delay for channel 3: requested=20000 ps, actual=20000 ps
2026-06-16 04:49:47,862 [INFO] Delay for channel 4: requested=16500 ps, actual=16500 ps
2026-06-16 04:49:47,862 [INFO] Delay for channel 5: requested=17800 ps, actual=17800 ps
2026-06-16 04:49:47,863 [INFO] Delay for channel 6: requested=17300 ps, actual=17300 ps
2026-06-16 04:49:47,863 [INFO] Executing synchronized correlation measurement.
2026-06-16 04:49:47,864 [INFO] Delays on channels enabled.
2026-06-16 04:49:47,865 [INFO] Delay for channel 1: requested=0 ps, actual=0 ps.
2026-06-16 04:49:47,866 [INFO] Delay for channel 2: requested=-1000 ps, actual=-1000 ps.
2026-06-16 04:49:47,866 [INFO] Delay for channel 3: requested=20000 ps, actual=20000 ps.
2026-06-16 04:49:47,867 [INFO] Delay for channel 4: requested=16500 ps, actual=16500 ps.
2026-06-16 04:49:47,867 [INFO] Delay for channel 5: requested=17800 ps, actual=17800 ps.
2026-06-16 04:49:47,868 [INFO] Delay for channel 6: requested=17300 ps, actual=17300 ps.
2026-06-16 04:49:47,869 [INFO] Initializing measurement with virtual mode channels for ALL heralding permutations.
2026-06-16 04:49:47,870 [INFO] Automatically generated modes from input: {'H3': [1, 2], 'H4': [3, 4], 'H5': [5, 6]}
2026-06-16 04:49:47,870 [INFO] Setting up virtual channels...
2026-06-16 04:49:47,871 [INFO] Initializing physical channel correlation histograms...
2026-06-16 04:49:47,872 [INFO]   Physical correlation: ch1 <-> ch2
2026-06-16 04:49:47,873 [INFO]   Physical correlation: ch1 <-> ch3
2026-06-16 04:49:47,873 [INFO]   Physical correlation: ch1 <-> ch4
2026-06-16 04:49:47,874 [INFO]   Physical correlation: ch1 <-> ch5
2026-06-16 04:49:47,875 [INFO]   Physical correlation: ch1 <-> ch6
2026-06-16 04:49:47,875 [INFO]   Physical correlation: ch2 <-> ch3
2026-06-16 04:49:47,876 [INFO]   Physical correlation: ch2 <-> ch4
2026-06-16 04:49:47,877 [INFO]   Physical correlation: ch2 <-> ch5
2026-06-16 04:49:47,877 [INFO]   Physical correlation: ch2 <-> ch6
2026-06-16 04:49:47,878 [INFO]   Physical correlation: ch3 <-> ch4
2026-06-16 04:49:47,879 [INFO]   Physical correlation: ch3 <-> ch5
2026-06-16 04:49:47,879 [INFO]   Physical correlation: ch3 <-> ch6
2026-06-16 04:49:47,880 [INFO]   Physical correlation: ch4 <-> ch5
2026-06-16 04:49:47,881 [INFO]   Physical correlation: ch4 <-> ch6
2026-06-16 04:49:47,881 [INFO]   Physical correlation: ch5 <-> ch6
2026-06-16 04:49:47,882 [INFO] Initializing virtual mode correlation histograms...
2026-06-16 04:49:47,883 [INFO]   Within-mode (H3): ch1 <-> ch2
2026-06-16 04:49:47,883 [INFO]   Cross-mode: H3 <-> H4
2026-06-16 04:49:47,884 [INFO]   Cross-mode: H3 <-> H5
2026-06-16 04:49:47,885 [INFO]   Within-mode (H4): ch3 <-> ch4
2026-06-16 04:49:47,885 [INFO]   Cross-mode: H4 <-> H5
2026-06-16 04:49:47,886 [INFO]   Within-mode (H5): ch5 <-> ch6
2026-06-16 04:49:47,888 [INFO] Measurement starting for 10.000min / 0.167h
2026-06-16 04:59:48,205 [INFO] Measurements finished.
2026-06-16 04:59:48,206 [INFO] Collecting measurement data...
2026-06-16 04:59:48,208 [INFO] Collecting physical correlation data for (1,2)
2026-06-16 04:59:48,213 [INFO] Collecting physical correlation data for (1,3)
2026-06-16 04:59:48,218 [INFO] Collecting physical correlation data for (1,4)
2026-06-16 04:59:48,223 [INFO] Collecting physical correlation data for (1,5)
2026-06-16 04:59:48,228 [INFO] Collecting physical correlation data for (1,6)
2026-06-16 04:59:48,233 [INFO] Collecting physical correlation data for (2,3)
2026-06-16 04:59:48,238 [INFO] Collecting physical correlation data for (2,4)
2026-06-16 04:59:48,243 [INFO] Collecting physical correlation data for (2,5)
2026-06-16 04:59:48,248 [INFO] Collecting physical correlation data for (2,6)
2026-06-16 04:59:48,252 [INFO] Collecting physical correlation data for (3,4)
2026-06-16 04:59:48,255 [INFO] Collecting physical correlation data for (3,5)
2026-06-16 04:59:48,258 [INFO] Collecting physical correlation data for (3,6)
2026-06-16 04:59:48,261 [INFO] Collecting physical correlation data for (4,5)
2026-06-16 04:59:48,264 [INFO] Collecting physical correlation data for (4,6)
2026-06-16 04:59:48,266 [INFO] Collecting physical correlation data for (5,6)
2026-06-16 04:59:48,269 [INFO] Collecting virtual correlation data for (H3,H3)
2026-06-16 04:59:48,271 [INFO] Collecting virtual correlation data for (H3,H4)
2026-06-16 04:59:48,274 [INFO] Collecting virtual correlation data for (H3,H5)
2026-06-16 04:59:48,276 [INFO] Collecting virtual correlation data for (H4,H4)
2026-06-16 04:59:48,278 [INFO] Collecting virtual correlation data for (H4,H5)
2026-06-16 04:59:48,281 [INFO] Collecting virtual correlation data for (H5,H5)
2026-06-16 04:59:48,301 [INFO] Starting writing data to file.
2026-06-16 04:59:48,389 [INFO] Saved data.
2026-06-16 04:59:48,514 [INFO] Merging 1 chunks into running total...
2026-06-16 04:59:48,672 [INFO] ============================================================
2026-06-16 04:59:48,673 [INFO] STATUS REPORT | Duration: 50.00 min (0.833 h)
2026-06-16 04:59:48,674 [INFO] ============================================================
2026-06-16 04:59:48,674 [INFO] COUNTRATES (Physical):
2026-06-16 04:59:48,675 [INFO]   Ch 1: 4.2 kHz (total: 12,469,302)
2026-06-16 04:59:48,676 [INFO]   Ch 2: 7.1 kHz (total: 21,438,209)
2026-06-16 04:59:48,677 [INFO]   Ch 3: 2.1 kHz (total: 6,394,644)
2026-06-16 04:59:48,677 [INFO]   Ch 4: 2.6 kHz (total: 7,752,282)
2026-06-16 04:59:48,678 [INFO]   Ch 5: 0.0 kHz (total: 122,945)
2026-06-16 04:59:48,678 [INFO]   Ch 6: 0.0 kHz (total: 76,925)
2026-06-16 04:59:48,679 [INFO] COUNTRATES (Virtual):
2026-06-16 04:59:48,680 [INFO]   H3: 11.3 kHz (total: 33,907,511)
2026-06-16 04:59:48,681 [INFO]   H4: 4.7 kHz (total: 14,146,926)
2026-06-16 04:59:48,681 [INFO]   H5: 0.1 kHz (total: 199,870)
2026-06-16 04:59:48,682 [INFO] ------------------------------------------------------------
2026-06-16 04:59:48,683 [INFO] COINCIDENCES (threshold: 100000)
2026-06-16 04:59:48,683 [INFO] ------------------------------------------------------------
2026-06-16 04:59:48,684 [INFO] Twofold (physical) (Reached Threshold):
2026-06-16 04:59:48,684 [INFO]   (1,2): 4,821 X
2026-06-16 04:59:48,685 [INFO]   (1,3): 1,370 X
2026-06-16 04:59:48,686 [INFO]   (1,4): 1,658 X
2026-06-16 04:59:48,686 [INFO]   (1,5): 34 X
2026-06-16 04:59:48,687 [INFO]   (1,6): 12 X
2026-06-16 04:59:48,687 [INFO]   (2,3): 2,404 X
2026-06-16 04:59:48,688 [INFO]   (2,4): 2,884 X
2026-06-16 04:59:48,689 [INFO]   (2,5): 50 X
2026-06-16 04:59:48,689 [INFO]   (2,6): 38 X
2026-06-16 04:59:48,690 [INFO]   (3,4): 898 X
2026-06-16 04:59:48,691 [INFO]   (3,5): 8 X
2026-06-16 04:59:48,691 [INFO]   (3,6): 9 X
2026-06-16 04:59:48,692 [INFO]   (4,5): 15 X
2026-06-16 04:59:48,692 [INFO]   (4,6): 17 X
2026-06-16 04:59:48,693 [INFO]   (5,6): 0 X
2026-06-16 04:59:48,694 [INFO] ============================================================
2026-06-16 04:59:48,694 [INFO] >>> 15 combination(s) below threshold <<<
2026-06-16 04:59:48,695 [INFO] ============================================================
2026-06-16 04:59:48,775 [INFO] Updated merged data: C:\Users\QUANTUM\OneDrive - ENSTA\!Working files\HBT\HBT Data\Tests_Jun\2026-06-15_20-01-37_g2_heralded_virtual\MERGED\20-01-37_2026-06-15_3.43mW_num0_MERGED.pkl
2026-06-16 04:59:48,815 [INFO] Found 0 connected Time Tagger(s)
2026-06-16 04:59:50,426 [INFO] t:   1 s, Board temperature: 41.2 °C, FPGA temperature: 56.8 °C
2026-06-16 04:59:51,979 [INFO] t:   2 s, Board temperature: 41.1 °C, FPGA temperature: 56.8 °C
2026-06-16 04:59:53,544 [INFO] t:   3 s, Board temperature: 41.2 °C, FPGA temperature: 56.9 °C
2026-06-16 04:59:55,103 [INFO] t:   4 s, Board temperature: 41.0 °C, FPGA temperature: 56.9 °C
2026-06-16 04:59:56,662 [INFO] t:   5 s, Board temperature: 41.1 °C, FPGA temperature: 56.9 °C
2026-06-16 04:59:56,662 [INFO] The Time Tagger is warmed up.
2026-06-16 04:59:56,663 [INFO] Time Tagger initialized.
2026-06-16 04:59:56,664 [INFO] Chunk 6/6 | Elapsed: 60.0 min
2026-06-16 04:59:56,665 [INFO] Initializing experiment on Time Tagger.
2026-06-16 04:59:56,666 [INFO] Deadtime for channel 1: 0 ps
2026-06-16 04:59:56,666 [INFO] Deadtime for channel 2: 0 ps
2026-06-16 04:59:56,667 [INFO] Deadtime for channel 3: 0 ps
2026-06-16 04:59:56,667 [INFO] Deadtime for channel 4: 0 ps
2026-06-16 04:59:56,668 [INFO] Deadtime for channel 5: 0 ps
2026-06-16 04:59:56,669 [INFO] Deadtime for channel 6: 0 ps
2026-06-16 04:59:56,669 [INFO] Delays on channels enabled.
2026-06-16 04:59:56,670 [INFO] Delay for channel 1: requested=0 ps, actual=0 ps
2026-06-16 04:59:56,671 [INFO] Delay for channel 2: requested=-1000 ps, actual=-1000 ps
2026-06-16 04:59:56,671 [INFO] Delay for channel 3: requested=20000 ps, actual=20000 ps
2026-06-16 04:59:56,672 [INFO] Delay for channel 4: requested=16500 ps, actual=16500 ps
2026-06-16 04:59:56,673 [INFO] Delay for channel 5: requested=17800 ps, actual=17800 ps
2026-06-16 04:59:56,673 [INFO] Delay for channel 6: requested=17300 ps, actual=17300 ps
2026-06-16 04:59:56,674 [INFO] Executing synchronized correlation measurement.
2026-06-16 04:59:56,674 [INFO] Delays on channels enabled.
2026-06-16 04:59:56,675 [INFO] Delay for channel 1: requested=0 ps, actual=0 ps.
2026-06-16 04:59:56,675 [INFO] Delay for channel 2: requested=-1000 ps, actual=-1000 ps.
2026-06-16 04:59:56,676 [INFO] Delay for channel 3: requested=20000 ps, actual=20000 ps.
2026-06-16 04:59:56,677 [INFO] Delay for channel 4: requested=16500 ps, actual=16500 ps.
2026-06-16 04:59:56,677 [INFO] Delay for channel 5: requested=17800 ps, actual=17800 ps.
2026-06-16 04:59:56,678 [INFO] Delay for channel 6: requested=17300 ps, actual=17300 ps.
2026-06-16 04:59:56,678 [INFO] Initializing measurement with virtual mode channels for ALL heralding permutations.
2026-06-16 04:59:56,679 [INFO] Automatically generated modes from input: {'H3': [1, 2], 'H4': [3, 4], 'H5': [5, 6]}
2026-06-16 04:59:56,680 [INFO] Setting up virtual channels...
2026-06-16 04:59:56,681 [INFO] Initializing physical channel correlation histograms...
2026-06-16 04:59:56,681 [INFO]   Physical correlation: ch1 <-> ch2
2026-06-16 04:59:56,682 [INFO]   Physical correlation: ch1 <-> ch3
2026-06-16 04:59:56,683 [INFO]   Physical correlation: ch1 <-> ch4
2026-06-16 04:59:56,684 [INFO]   Physical correlation: ch1 <-> ch5
2026-06-16 04:59:56,684 [INFO]   Physical correlation: ch1 <-> ch6
2026-06-16 04:59:56,685 [INFO]   Physical correlation: ch2 <-> ch3
2026-06-16 04:59:56,686 [INFO]   Physical correlation: ch2 <-> ch4
2026-06-16 04:59:56,686 [INFO]   Physical correlation: ch2 <-> ch5
2026-06-16 04:59:56,687 [INFO]   Physical correlation: ch2 <-> ch6
2026-06-16 04:59:56,688 [INFO]   Physical correlation: ch3 <-> ch4
2026-06-16 04:59:56,688 [INFO]   Physical correlation: ch3 <-> ch5
2026-06-16 04:59:56,689 [INFO]   Physical correlation: ch3 <-> ch6
2026-06-16 04:59:56,690 [INFO]   Physical correlation: ch4 <-> ch5
2026-06-16 04:59:56,690 [INFO]   Physical correlation: ch4 <-> ch6
2026-06-16 04:59:56,691 [INFO]   Physical correlation: ch5 <-> ch6
2026-06-16 04:59:56,692 [INFO] Initializing virtual mode correlation histograms...
2026-06-16 04:59:56,692 [INFO]   Within-mode (H3): ch1 <-> ch2
2026-06-16 04:59:56,693 [INFO]   Cross-mode: H3 <-> H4
2026-06-16 04:59:56,694 [INFO]   Cross-mode: H3 <-> H5
2026-06-16 04:59:56,694 [INFO]   Within-mode (H4): ch3 <-> ch4
2026-06-16 04:59:56,695 [INFO]   Cross-mode: H4 <-> H5
2026-06-16 04:59:56,696 [INFO]   Within-mode (H5): ch5 <-> ch6
2026-06-16 04:59:56,698 [INFO] Measurement starting for 10.000min / 0.167h
2026-06-16 05:09:57,008 [INFO] Measurements finished.
2026-06-16 05:09:57,009 [INFO] Collecting measurement data...
2026-06-16 05:09:57,011 [INFO] Collecting physical correlation data for (1,2)
2026-06-16 05:09:57,016 [INFO] Collecting physical correlation data for (1,3)
2026-06-16 05:09:57,020 [INFO] Collecting physical correlation data for (1,4)
2026-06-16 05:09:57,025 [INFO] Collecting physical correlation data for (1,5)
2026-06-16 05:09:57,029 [INFO] Collecting physical correlation data for (1,6)
2026-06-16 05:09:57,033 [INFO] Collecting physical correlation data for (2,3)
2026-06-16 05:09:57,036 [INFO] Collecting physical correlation data for (2,4)
2026-06-16 05:09:57,038 [INFO] Collecting physical correlation data for (2,5)
2026-06-16 05:09:57,040 [INFO] Collecting physical correlation data for (2,6)
2026-06-16 05:09:57,042 [INFO] Collecting physical correlation data for (3,4)
2026-06-16 05:09:57,044 [INFO] Collecting physical correlation data for (3,5)
2026-06-16 05:09:57,046 [INFO] Collecting physical correlation data for (3,6)
2026-06-16 05:09:57,047 [INFO] Collecting physical correlation data for (4,5)
2026-06-16 05:09:57,049 [INFO] Collecting physical correlation data for (4,6)
2026-06-16 05:09:57,051 [INFO] Collecting physical correlation data for (5,6)
2026-06-16 05:09:57,053 [INFO] Collecting virtual correlation data for (H3,H3)
2026-06-16 05:09:57,055 [INFO] Collecting virtual correlation data for (H3,H4)
2026-06-16 05:09:57,057 [INFO] Collecting virtual correlation data for (H3,H5)
2026-06-16 05:09:57,059 [INFO] Collecting virtual correlation data for (H4,H4)
2026-06-16 05:09:57,060 [INFO] Collecting virtual correlation data for (H4,H5)
2026-06-16 05:09:57,062 [INFO] Collecting virtual correlation data for (H5,H5)
2026-06-16 05:09:57,080 [INFO] Starting writing data to file.
2026-06-16 05:09:57,162 [INFO] Saved data.
2026-06-16 05:09:57,281 [INFO] Merging 1 chunks into running total...
2026-06-16 05:09:57,443 [INFO] ============================================================
2026-06-16 05:09:57,444 [INFO] STATUS REPORT | Duration: 60.00 min (1.000 h)
2026-06-16 05:09:57,445 [INFO] ============================================================
2026-06-16 05:09:57,446 [INFO] COUNTRATES (Physical):
2026-06-16 05:09:57,447 [INFO]   Ch 1: 4.2 kHz (total: 14,963,574)
2026-06-16 05:09:57,447 [INFO]   Ch 2: 7.1 kHz (total: 25,727,411)
2026-06-16 05:09:57,448 [INFO]   Ch 3: 2.1 kHz (total: 7,671,293)
2026-06-16 05:09:57,449 [INFO]   Ch 4: 2.6 kHz (total: 9,304,142)
2026-06-16 05:09:57,450 [INFO]   Ch 5: 0.0 kHz (total: 147,606)
2026-06-16 05:09:57,450 [INFO]   Ch 6: 0.0 kHz (total: 92,508)
2026-06-16 05:09:57,451 [INFO] COUNTRATES (Virtual):
2026-06-16 05:09:57,451 [INFO]   H3: 11.3 kHz (total: 40,690,985)
2026-06-16 05:09:57,452 [INFO]   H4: 4.7 kHz (total: 16,975,435)
2026-06-16 05:09:57,453 [INFO]   H5: 0.1 kHz (total: 240,114)
2026-06-16 05:09:57,454 [INFO] ------------------------------------------------------------
2026-06-16 05:09:57,454 [INFO] COINCIDENCES (threshold: 100000)
2026-06-16 05:09:57,455 [INFO] ------------------------------------------------------------
2026-06-16 05:09:57,456 [INFO] Twofold (physical) (Reached Threshold):
2026-06-16 05:09:57,457 [INFO]   (1,2): 5,769 X
2026-06-16 05:09:57,457 [INFO]   (1,3): 1,656 X
2026-06-16 05:09:57,458 [INFO]   (1,4): 1,978 X
2026-06-16 05:09:57,458 [INFO]   (1,5): 40 X
2026-06-16 05:09:57,459 [INFO]   (1,6): 13 X
2026-06-16 05:09:57,459 [INFO]   (2,3): 2,862 X
2026-06-16 05:09:57,460 [INFO]   (2,4): 3,449 X
2026-06-16 05:09:57,461 [INFO]   (2,5): 56 X
2026-06-16 05:09:57,461 [INFO]   (2,6): 40 X
2026-06-16 05:09:57,462 [INFO]   (3,4): 1,059 X
2026-06-16 05:09:57,463 [INFO]   (3,5): 8 X
2026-06-16 05:09:57,463 [INFO]   (3,6): 10 X
2026-06-16 05:09:57,464 [INFO]   (4,5): 20 X
2026-06-16 05:09:57,464 [INFO]   (4,6): 21 X
2026-06-16 05:09:57,465 [INFO]   (5,6): 0 X
2026-06-16 05:09:57,466 [INFO] ============================================================
2026-06-16 05:09:57,466 [INFO] >>> 15 combination(s) below threshold <<<
2026-06-16 05:09:57,467 [INFO] ============================================================
2026-06-16 05:09:57,547 [INFO] Updated merged data: C:\Users\QUANTUM\OneDrive - ENSTA\!Working files\HBT\HBT Data\Tests_Jun\2026-06-15_20-01-37_g2_heralded_virtual\MERGED\20-01-37_2026-06-15_3.43mW_num0_MERGED.pkl
2026-06-16 05:09:57,627 [INFO] Final merged data saved to: C:\Users\QUANTUM\OneDrive - ENSTA\!Working files\HBT\HBT Data\Tests_Jun\2026-06-15_20-01-37_g2_heralded_virtual\MERGED\20-01-37_2026-06-15_3.43mW_num0_MERGED.pkl
2026-06-16 05:09:57,628 [INFO] Total merged duration: 60.00 min
2026-06-16 05:09:57,629 [INFO] Measurement completed in 60.89 min
2026-06-16 05:09:58,481 [INFO] Stage Position: 39.0
2026-06-16 05:09:58,481 [INFO] Starting chunked acquisition (max 6 chunks / 60.0 min)
2026-06-16 05:09:58,482 [INFO] Chunk duration: 10 min
2026-06-16 05:09:58,483 [INFO] Threshold: 100000 counts, checking every 1 chunks
2026-06-16 05:09:58,541 [INFO] Found 0 connected Time Tagger(s)
2026-06-16 05:10:00,153 [INFO] t:   1 s, Board temperature: 41.0 °C, FPGA temperature: 57.1 °C
2026-06-16 05:10:01,738 [INFO] t:   2 s, Board temperature: 41.2 °C, FPGA temperature: 57.1 °C
2026-06-16 05:10:03,308 [INFO] t:   3 s, Board temperature: 41.2 °C, FPGA temperature: 57.1 °C
2026-06-16 05:10:04,869 [INFO] t:   4 s, Board temperature: 41.1 °C, FPGA temperature: 57.1 °C
2026-06-16 05:10:06,412 [INFO] t:   5 s, Board temperature: 41.1 °C, FPGA temperature: 57.1 °C
2026-06-16 05:10:06,412 [INFO] The Time Tagger is warmed up.
2026-06-16 05:10:06,413 [INFO] Time Tagger initialized.
2026-06-16 05:10:06,414 [INFO] Chunk 1/6 | Elapsed: 10.0 min
2026-06-16 05:10:06,415 [INFO] Initializing experiment on Time Tagger.
2026-06-16 05:10:06,416 [INFO] Deadtime for channel 1: 0 ps
2026-06-16 05:10:06,416 [INFO] Deadtime for channel 2: 0 ps
2026-06-16 05:10:06,417 [INFO] Deadtime for channel 3: 0 ps
2026-06-16 05:10:06,418 [INFO] Deadtime for channel 4: 0 ps
2026-06-16 05:10:06,418 [INFO] Deadtime for channel 5: 0 ps
2026-06-16 05:10:06,419 [INFO] Deadtime for channel 6: 0 ps
2026-06-16 05:10:06,419 [INFO] Delays on channels enabled.
2026-06-16 05:10:06,420 [INFO] Delay for channel 1: requested=0 ps, actual=0 ps
2026-06-16 05:10:06,421 [INFO] Delay for channel 2: requested=-1000 ps, actual=-1000 ps
2026-06-16 05:10:06,421 [INFO] Delay for channel 3: requested=20000 ps, actual=20000 ps
2026-06-16 05:10:06,422 [INFO] Delay for channel 4: requested=16500 ps, actual=16500 ps
2026-06-16 05:10:06,423 [INFO] Delay for channel 5: requested=17800 ps, actual=17800 ps
2026-06-16 05:10:06,423 [INFO] Delay for channel 6: requested=17300 ps, actual=17300 ps
2026-06-16 05:10:06,424 [INFO] Executing synchronized correlation measurement.
2026-06-16 05:10:06,424 [INFO] Delays on channels enabled.
2026-06-16 05:10:06,425 [INFO] Delay for channel 1: requested=0 ps, actual=0 ps.
2026-06-16 05:10:06,425 [INFO] Delay for channel 2: requested=-1000 ps, actual=-1000 ps.
2026-06-16 05:10:06,426 [INFO] Delay for channel 3: requested=20000 ps, actual=20000 ps.
2026-06-16 05:10:06,427 [INFO] Delay for channel 4: requested=16500 ps, actual=16500 ps.
2026-06-16 05:10:06,427 [INFO] Delay for channel 5: requested=17800 ps, actual=17800 ps.
2026-06-16 05:10:06,428 [INFO] Delay for channel 6: requested=17300 ps, actual=17300 ps.
2026-06-16 05:10:06,429 [INFO] Initializing measurement with virtual mode channels for ALL heralding permutations.
2026-06-16 05:10:06,429 [INFO] Automatically generated modes from input: {'H3': [1, 2], 'H4': [3, 4], 'H5': [5, 6]}
2026-06-16 05:10:06,430 [INFO] Setting up virtual channels...
2026-06-16 05:10:06,431 [INFO] Initializing physical channel correlation histograms...
2026-06-16 05:10:06,432 [INFO]   Physical correlation: ch1 <-> ch2
2026-06-16 05:10:06,432 [INFO]   Physical correlation: ch1 <-> ch3
2026-06-16 05:10:06,433 [INFO]   Physical correlation: ch1 <-> ch4
2026-06-16 05:10:06,434 [INFO]   Physical correlation: ch1 <-> ch5
2026-06-16 05:10:06,434 [INFO]   Physical correlation: ch1 <-> ch6
2026-06-16 05:10:06,435 [INFO]   Physical correlation: ch2 <-> ch3
2026-06-16 05:10:06,436 [INFO]   Physical correlation: ch2 <-> ch4
2026-06-16 05:10:06,436 [INFO]   Physical correlation: ch2 <-> ch5
2026-06-16 05:10:06,437 [INFO]   Physical correlation: ch2 <-> ch6
2026-06-16 05:10:06,438 [INFO]   Physical correlation: ch3 <-> ch4
2026-06-16 05:10:06,438 [INFO]   Physical correlation: ch3 <-> ch5
2026-06-16 05:10:06,439 [INFO]   Physical correlation: ch3 <-> ch6
2026-06-16 05:10:06,440 [INFO]   Physical correlation: ch4 <-> ch5
2026-06-16 05:10:06,441 [INFO]   Physical correlation: ch4 <-> ch6
2026-06-16 05:10:06,441 [INFO]   Physical correlation: ch5 <-> ch6
2026-06-16 05:10:06,442 [INFO] Initializing virtual mode correlation histograms...
2026-06-16 05:10:06,443 [INFO]   Within-mode (H3): ch1 <-> ch2
2026-06-16 05:10:06,443 [INFO]   Cross-mode: H3 <-> H4
2026-06-16 05:10:06,444 [INFO]   Cross-mode: H3 <-> H5
2026-06-16 05:10:06,445 [INFO]   Within-mode (H4): ch3 <-> ch4
2026-06-16 05:10:06,445 [INFO]   Cross-mode: H4 <-> H5
2026-06-16 05:10:06,446 [INFO]   Within-mode (H5): ch5 <-> ch6
2026-06-16 05:10:06,448 [INFO] Measurement starting for 10.000min / 0.167h
2026-06-16 05:20:06,765 [INFO] Measurements finished.
2026-06-16 05:20:06,766 [INFO] Collecting measurement data...
2026-06-16 05:20:06,767 [INFO] Collecting physical correlation data for (1,2)
2026-06-16 05:20:06,770 [INFO] Collecting physical correlation data for (1,3)
2026-06-16 05:20:06,772 [INFO] Collecting physical correlation data for (1,4)
2026-06-16 05:20:06,775 [INFO] Collecting physical correlation data for (1,5)
2026-06-16 05:20:06,777 [INFO] Collecting physical correlation data for (1,6)
2026-06-16 05:20:06,779 [INFO] Collecting physical correlation data for (2,3)
2026-06-16 05:20:06,782 [INFO] Collecting physical correlation data for (2,4)
2026-06-16 05:20:06,784 [INFO] Collecting physical correlation data for (2,5)
2026-06-16 05:20:06,786 [INFO] Collecting physical correlation data for (2,6)
2026-06-16 05:20:06,789 [INFO] Collecting physical correlation data for (3,4)
2026-06-16 05:20:06,791 [INFO] Collecting physical correlation data for (3,5)
2026-06-16 05:20:06,793 [INFO] Collecting physical correlation data for (3,6)
2026-06-16 05:20:06,796 [INFO] Collecting physical correlation data for (4,5)
2026-06-16 05:20:06,798 [INFO] Collecting physical correlation data for (4,6)
2026-06-16 05:20:06,800 [INFO] Collecting physical correlation data for (5,6)
2026-06-16 05:20:06,802 [INFO] Collecting virtual correlation data for (H3,H3)
2026-06-16 05:20:06,805 [INFO] Collecting virtual correlation data for (H3,H4)
2026-06-16 05:20:06,807 [INFO] Collecting virtual correlation data for (H3,H5)
2026-06-16 05:20:06,810 [INFO] Collecting virtual correlation data for (H4,H4)
2026-06-16 05:20:06,812 [INFO] Collecting virtual correlation data for (H4,H5)
2026-06-16 05:20:06,814 [INFO] Collecting virtual correlation data for (H5,H5)
2026-06-16 05:20:06,834 [INFO] Starting writing data to file.
2026-06-16 05:20:06,927 [INFO] Saved data.
2026-06-16 05:20:07,055 [INFO] Merging 1 chunks into running total...
2026-06-16 05:20:07,056 [INFO] ============================================================
2026-06-16 05:20:07,056 [INFO] STATUS REPORT | Duration: 10.00 min (0.167 h)
2026-06-16 05:20:07,057 [INFO] ============================================================
2026-06-16 05:20:07,058 [INFO] COUNTRATES (Physical):
2026-06-16 05:20:07,059 [INFO]   Ch 1: 2.1 kHz (total: 1,259,568)
2026-06-16 05:20:07,060 [INFO]   Ch 2: 4.4 kHz (total: 2,642,107)
2026-06-16 05:20:07,061 [INFO]   Ch 3: 1.7 kHz (total: 993,545)
2026-06-16 05:20:07,062 [INFO]   Ch 4: 2.1 kHz (total: 1,266,992)
2026-06-16 05:20:07,063 [INFO]   Ch 5: 0.0 kHz (total: 21,215)
2026-06-16 05:20:07,063 [INFO]   Ch 6: 0.0 kHz (total: 12,041)
2026-06-16 05:20:07,064 [INFO] COUNTRATES (Virtual):
2026-06-16 05:20:07,065 [INFO]   H3: 6.5 kHz (total: 3,901,675)
2026-06-16 05:20:07,066 [INFO]   H4: 3.8 kHz (total: 2,260,537)
2026-06-16 05:20:07,067 [INFO]   H5: 0.1 kHz (total: 33,256)
2026-06-16 05:20:07,067 [INFO] ------------------------------------------------------------
2026-06-16 05:20:07,068 [INFO] COINCIDENCES (threshold: 100000)
2026-06-16 05:20:07,069 [INFO] ------------------------------------------------------------
2026-06-16 05:20:07,070 [INFO] Twofold (physical) (Reached Threshold):
2026-06-16 05:20:07,070 [INFO]   (1,2): 302 X
2026-06-16 05:20:07,071 [INFO]   (1,3): 100 X
2026-06-16 05:20:07,072 [INFO]   (1,4): 164 X
2026-06-16 05:20:07,073 [INFO]   (1,5): 0 X
2026-06-16 05:20:07,074 [INFO]   (1,6): 1 X
2026-06-16 05:20:07,075 [INFO]   (2,3): 243 X
2026-06-16 05:20:07,076 [INFO]   (2,4): 260 X
2026-06-16 05:20:07,077 [INFO]   (2,5): 6 X
2026-06-16 05:20:07,077 [INFO]   (2,6): 3 X
2026-06-16 05:20:07,078 [INFO]   (3,4): 113 X
2026-06-16 05:20:07,079 [INFO]   (3,5): 3 X
2026-06-16 05:20:07,081 [INFO]   (3,6): 2 X
2026-06-16 05:20:07,081 [INFO]   (4,5): 2 X
2026-06-16 05:20:07,082 [INFO]   (4,6): 1 X
2026-06-16 05:20:07,083 [INFO]   (5,6): 0 X
2026-06-16 05:20:07,083 [INFO] ============================================================
2026-06-16 05:20:07,084 [INFO] >>> 15 combination(s) below threshold <<<
2026-06-16 05:20:07,084 [INFO] ============================================================
2026-06-16 05:20:07,186 [INFO] Updated merged data: C:\Users\QUANTUM\OneDrive - ENSTA\!Working files\HBT\HBT Data\Tests_Jun\2026-06-15_20-01-37_g2_heralded_virtual\MERGED\20-01-37_2026-06-15_2.47mW_num0_MERGED.pkl
2026-06-16 05:20:07,236 [INFO] Found 0 connected Time Tagger(s)
2026-06-16 05:20:08,838 [INFO] t:   1 s, Board temperature: 41.1 °C, FPGA temperature: 56.8 °C
2026-06-16 05:20:10,404 [INFO] t:   2 s, Board temperature: 41.2 °C, FPGA temperature: 56.8 °C
2026-06-16 05:20:11,982 [INFO] t:   3 s, Board temperature: 41.2 °C, FPGA temperature: 56.8 °C
2026-06-16 05:20:13,542 [INFO] t:   4 s, Board temperature: 41.2 °C, FPGA temperature: 56.9 °C
2026-06-16 05:20:15,088 [INFO] t:   5 s, Board temperature: 41.1 °C, FPGA temperature: 56.8 °C
2026-06-16 05:20:15,088 [INFO] The Time Tagger is warmed up.
2026-06-16 05:20:15,089 [INFO] Time Tagger initialized.
2026-06-16 05:20:15,090 [INFO] Chunk 2/6 | Elapsed: 20.0 min
2026-06-16 05:20:15,091 [INFO] Initializing experiment on Time Tagger.
2026-06-16 05:20:15,092 [INFO] Deadtime for channel 1: 0 ps
2026-06-16 05:20:15,093 [INFO] Deadtime for channel 2: 0 ps
2026-06-16 05:20:15,093 [INFO] Deadtime for channel 3: 0 ps
2026-06-16 05:20:15,094 [INFO] Deadtime for channel 4: 0 ps
2026-06-16 05:20:15,094 [INFO] Deadtime for channel 5: 0 ps
2026-06-16 05:20:15,095 [INFO] Deadtime for channel 6: 0 ps
2026-06-16 05:20:15,096 [INFO] Delays on channels enabled.
2026-06-16 05:20:15,096 [INFO] Delay for channel 1: requested=0 ps, actual=0 ps
2026-06-16 05:20:15,097 [INFO] Delay for channel 2: requested=-1000 ps, actual=-1000 ps
2026-06-16 05:20:15,098 [INFO] Delay for channel 3: requested=20000 ps, actual=20000 ps
2026-06-16 05:20:15,098 [INFO] Delay for channel 4: requested=16500 ps, actual=16500 ps
2026-06-16 05:20:15,099 [INFO] Delay for channel 5: requested=17800 ps, actual=17800 ps
2026-06-16 05:20:15,099 [INFO] Delay for channel 6: requested=17300 ps, actual=17300 ps
2026-06-16 05:20:15,100 [INFO] Executing synchronized correlation measurement.
2026-06-16 05:20:15,101 [INFO] Delays on channels enabled.
2026-06-16 05:20:15,101 [INFO] Delay for channel 1: requested=0 ps, actual=0 ps.
2026-06-16 05:20:15,102 [INFO] Delay for channel 2: requested=-1000 ps, actual=-1000 ps.
2026-06-16 05:20:15,103 [INFO] Delay for channel 3: requested=20000 ps, actual=20000 ps.
2026-06-16 05:20:15,103 [INFO] Delay for channel 4: requested=16500 ps, actual=16500 ps.
2026-06-16 05:20:15,104 [INFO] Delay for channel 5: requested=17800 ps, actual=17800 ps.
2026-06-16 05:20:15,104 [INFO] Delay for channel 6: requested=17300 ps, actual=17300 ps.
2026-06-16 05:20:15,105 [INFO] Initializing measurement with virtual mode channels for ALL heralding permutations.
2026-06-16 05:20:15,105 [INFO] Automatically generated modes from input: {'H3': [1, 2], 'H4': [3, 4], 'H5': [5, 6]}
2026-06-16 05:20:15,106 [INFO] Setting up virtual channels...
2026-06-16 05:20:15,107 [INFO] Initializing physical channel correlation histograms...
2026-06-16 05:20:15,108 [INFO]   Physical correlation: ch1 <-> ch2
2026-06-16 05:20:15,109 [INFO]   Physical correlation: ch1 <-> ch3
2026-06-16 05:20:15,109 [INFO]   Physical correlation: ch1 <-> ch4
2026-06-16 05:20:15,110 [INFO]   Physical correlation: ch1 <-> ch5
2026-06-16 05:20:15,111 [INFO]   Physical correlation: ch1 <-> ch6
2026-06-16 05:20:15,111 [INFO]   Physical correlation: ch2 <-> ch3
2026-06-16 05:20:15,112 [INFO]   Physical correlation: ch2 <-> ch4
2026-06-16 05:20:15,113 [INFO]   Physical correlation: ch2 <-> ch5
2026-06-16 05:20:15,113 [INFO]   Physical correlation: ch2 <-> ch6
2026-06-16 05:20:15,114 [INFO]   Physical correlation: ch3 <-> ch4
2026-06-16 05:20:15,115 [INFO]   Physical correlation: ch3 <-> ch5
2026-06-16 05:20:15,115 [INFO]   Physical correlation: ch3 <-> ch6
2026-06-16 05:20:15,116 [INFO]   Physical correlation: ch4 <-> ch5
2026-06-16 05:20:15,117 [INFO]   Physical correlation: ch4 <-> ch6
2026-06-16 05:20:15,118 [INFO]   Physical correlation: ch5 <-> ch6
2026-06-16 05:20:15,118 [INFO] Initializing virtual mode correlation histograms...
2026-06-16 05:20:15,119 [INFO]   Within-mode (H3): ch1 <-> ch2
2026-06-16 05:20:15,120 [INFO]   Cross-mode: H3 <-> H4
2026-06-16 05:20:15,120 [INFO]   Cross-mode: H3 <-> H5
2026-06-16 05:20:15,121 [INFO]   Within-mode (H4): ch3 <-> ch4
2026-06-16 05:20:15,122 [INFO]   Cross-mode: H4 <-> H5
2026-06-16 05:20:15,123 [INFO]   Within-mode (H5): ch5 <-> ch6
2026-06-16 05:20:15,124 [INFO] Measurement starting for 10.000min / 0.167h
2026-06-16 05:30:15,443 [INFO] Measurements finished.
2026-06-16 05:30:15,444 [INFO] Collecting measurement data...
2026-06-16 05:30:15,446 [INFO] Collecting physical correlation data for (1,2)
2026-06-16 05:30:15,451 [INFO] Collecting physical correlation data for (1,3)
2026-06-16 05:30:15,455 [INFO] Collecting physical correlation data for (1,4)
2026-06-16 05:30:15,460 [INFO] Collecting physical correlation data for (1,5)
2026-06-16 05:30:15,463 [INFO] Collecting physical correlation data for (1,6)
2026-06-16 05:30:15,464 [INFO] Collecting physical correlation data for (2,3)
2026-06-16 05:30:15,466 [INFO] Collecting physical correlation data for (2,4)
2026-06-16 05:30:15,468 [INFO] Collecting physical correlation data for (2,5)
2026-06-16 05:30:15,470 [INFO] Collecting physical correlation data for (2,6)
2026-06-16 05:30:15,471 [INFO] Collecting physical correlation data for (3,4)
2026-06-16 05:30:15,473 [INFO] Collecting physical correlation data for (3,5)
2026-06-16 05:30:15,475 [INFO] Collecting physical correlation data for (3,6)
2026-06-16 05:30:15,477 [INFO] Collecting physical correlation data for (4,5)
2026-06-16 05:30:15,479 [INFO] Collecting physical correlation data for (4,6)
2026-06-16 05:30:15,482 [INFO] Collecting physical correlation data for (5,6)
2026-06-16 05:30:15,483 [INFO] Collecting virtual correlation data for (H3,H3)
2026-06-16 05:30:15,485 [INFO] Collecting virtual correlation data for (H3,H4)
2026-06-16 05:30:15,487 [INFO] Collecting virtual correlation data for (H3,H5)
2026-06-16 05:30:15,489 [INFO] Collecting virtual correlation data for (H4,H4)
2026-06-16 05:30:15,491 [INFO] Collecting virtual correlation data for (H4,H5)
2026-06-16 05:30:15,493 [INFO] Collecting virtual correlation data for (H5,H5)
2026-06-16 05:30:15,511 [INFO] Starting writing data to file.
2026-06-16 05:30:15,591 [INFO] Saved data.
2026-06-16 05:30:15,692 [INFO] Merging 1 chunks into running total...
2026-06-16 05:30:15,853 [INFO] ============================================================
2026-06-16 05:30:15,854 [INFO] STATUS REPORT | Duration: 20.00 min (0.333 h)
2026-06-16 05:30:15,855 [INFO] ============================================================
2026-06-16 05:30:15,856 [INFO] COUNTRATES (Physical):
2026-06-16 05:30:15,857 [INFO]   Ch 1: 2.1 kHz (total: 2,516,001)
2026-06-16 05:30:15,858 [INFO]   Ch 2: 4.4 kHz (total: 5,283,756)
2026-06-16 05:30:15,859 [INFO]   Ch 3: 1.7 kHz (total: 1,989,564)
2026-06-16 05:30:15,859 [INFO]   Ch 4: 2.1 kHz (total: 2,536,660)
2026-06-16 05:30:15,860 [INFO]   Ch 5: 0.0 kHz (total: 42,373)
2026-06-16 05:30:15,861 [INFO]   Ch 6: 0.0 kHz (total: 24,301)
2026-06-16 05:30:15,861 [INFO] COUNTRATES (Virtual):
2026-06-16 05:30:15,862 [INFO]   H3: 6.5 kHz (total: 7,799,757)
2026-06-16 05:30:15,862 [INFO]   H4: 3.8 kHz (total: 4,526,224)
2026-06-16 05:30:15,863 [INFO]   H5: 0.1 kHz (total: 66,674)
2026-06-16 05:30:15,864 [INFO] ------------------------------------------------------------
2026-06-16 05:30:15,864 [INFO] COINCIDENCES (threshold: 100000)
2026-06-16 05:30:15,865 [INFO] ------------------------------------------------------------
2026-06-16 05:30:15,866 [INFO] Twofold (physical) (Reached Threshold):
2026-06-16 05:30:15,866 [INFO]   (1,2): 583 X
2026-06-16 05:30:15,867 [INFO]   (1,3): 211 X
2026-06-16 05:30:15,868 [INFO]   (1,4): 303 X
2026-06-16 05:30:15,868 [INFO]   (1,5): 0 X
2026-06-16 05:30:15,869 [INFO]   (1,6): 3 X
2026-06-16 05:30:15,870 [INFO]   (2,3): 441 X
2026-06-16 05:30:15,870 [INFO]   (2,4): 543 X
2026-06-16 05:30:15,871 [INFO]   (2,5): 8 X
2026-06-16 05:30:15,871 [INFO]   (2,6): 6 X
2026-06-16 05:30:15,872 [INFO]   (3,4): 212 X
2026-06-16 05:30:15,872 [INFO]   (3,5): 6 X
2026-06-16 05:30:15,873 [INFO]   (3,6): 6 X
2026-06-16 05:30:15,874 [INFO]   (4,5): 5 X
2026-06-16 05:30:15,874 [INFO]   (4,6): 3 X
2026-06-16 05:30:15,875 [INFO]   (5,6): 0 X
2026-06-16 05:30:15,876 [INFO] ============================================================
2026-06-16 05:30:15,876 [INFO] >>> 15 combination(s) below threshold <<<
2026-06-16 05:30:15,877 [INFO] ============================================================
2026-06-16 05:30:15,961 [INFO] Updated merged data: C:\Users\QUANTUM\OneDrive - ENSTA\!Working files\HBT\HBT Data\Tests_Jun\2026-06-15_20-01-37_g2_heralded_virtual\MERGED\20-01-37_2026-06-15_2.47mW_num0_MERGED.pkl
2026-06-16 05:30:16,000 [INFO] Found 0 connected Time Tagger(s)
2026-06-16 05:30:17,609 [INFO] t:   1 s, Board temperature: 40.8 °C, FPGA temperature: 56.7 °C
2026-06-16 05:30:19,178 [INFO] t:   2 s, Board temperature: 40.8 °C, FPGA temperature: 56.8 °C
2026-06-16 05:30:20,739 [INFO] t:   3 s, Board temperature: 40.8 °C, FPGA temperature: 56.8 °C
2026-06-16 05:30:22,282 [INFO] t:   4 s, Board temperature: 40.8 °C, FPGA temperature: 56.9 °C
2026-06-16 05:30:23,845 [INFO] t:   5 s, Board temperature: 40.8 °C, FPGA temperature: 56.9 °C
2026-06-16 05:30:23,845 [INFO] The Time Tagger is warmed up.
2026-06-16 05:30:23,846 [INFO] Time Tagger initialized.
2026-06-16 05:30:23,847 [INFO] Chunk 3/6 | Elapsed: 30.0 min
2026-06-16 05:30:23,848 [INFO] Initializing experiment on Time Tagger.
2026-06-16 05:30:23,849 [INFO] Deadtime for channel 1: 0 ps
2026-06-16 05:30:23,850 [INFO] Deadtime for channel 2: 0 ps
2026-06-16 05:30:23,850 [INFO] Deadtime for channel 3: 0 ps
2026-06-16 05:30:23,851 [INFO] Deadtime for channel 4: 0 ps
2026-06-16 05:30:23,851 [INFO] Deadtime for channel 5: 0 ps
2026-06-16 05:30:23,852 [INFO] Deadtime for channel 6: 0 ps
2026-06-16 05:30:23,852 [INFO] Delays on channels enabled.
2026-06-16 05:30:23,853 [INFO] Delay for channel 1: requested=0 ps, actual=0 ps
2026-06-16 05:30:23,854 [INFO] Delay for channel 2: requested=-1000 ps, actual=-1000 ps
2026-06-16 05:30:23,854 [INFO] Delay for channel 3: requested=20000 ps, actual=20000 ps
2026-06-16 05:30:23,855 [INFO] Delay for channel 4: requested=16500 ps, actual=16500 ps
2026-06-16 05:30:23,855 [INFO] Delay for channel 5: requested=17800 ps, actual=17800 ps
2026-06-16 05:30:23,856 [INFO] Delay for channel 6: requested=17300 ps, actual=17300 ps
2026-06-16 05:30:23,857 [INFO] Executing synchronized correlation measurement.
2026-06-16 05:30:23,857 [INFO] Delays on channels enabled.
2026-06-16 05:30:23,858 [INFO] Delay for channel 1: requested=0 ps, actual=0 ps.
2026-06-16 05:30:23,858 [INFO] Delay for channel 2: requested=-1000 ps, actual=-1000 ps.
2026-06-16 05:30:23,858 [INFO] Delay for channel 3: requested=20000 ps, actual=20000 ps.
2026-06-16 05:30:23,859 [INFO] Delay for channel 4: requested=16500 ps, actual=16500 ps.
2026-06-16 05:30:23,859 [INFO] Delay for channel 5: requested=17800 ps, actual=17800 ps.
2026-06-16 05:30:23,860 [INFO] Delay for channel 6: requested=17300 ps, actual=17300 ps.
2026-06-16 05:30:23,861 [INFO] Initializing measurement with virtual mode channels for ALL heralding permutations.
2026-06-16 05:30:23,861 [INFO] Automatically generated modes from input: {'H3': [1, 2], 'H4': [3, 4], 'H5': [5, 6]}
2026-06-16 05:30:23,862 [INFO] Setting up virtual channels...
2026-06-16 05:30:23,863 [INFO] Initializing physical channel correlation histograms...
2026-06-16 05:30:23,863 [INFO]   Physical correlation: ch1 <-> ch2
2026-06-16 05:30:23,864 [INFO]   Physical correlation: ch1 <-> ch3
2026-06-16 05:30:23,865 [INFO]   Physical correlation: ch1 <-> ch4
2026-06-16 05:30:23,865 [INFO]   Physical correlation: ch1 <-> ch5
2026-06-16 05:30:23,866 [INFO]   Physical correlation: ch1 <-> ch6
2026-06-16 05:30:23,867 [INFO]   Physical correlation: ch2 <-> ch3
2026-06-16 05:30:23,868 [INFO]   Physical correlation: ch2 <-> ch4
2026-06-16 05:30:23,868 [INFO]   Physical correlation: ch2 <-> ch5
2026-06-16 05:30:23,869 [INFO]   Physical correlation: ch2 <-> ch6
2026-06-16 05:30:23,870 [INFO]   Physical correlation: ch3 <-> ch4
2026-06-16 05:30:23,870 [INFO]   Physical correlation: ch3 <-> ch5
2026-06-16 05:30:23,871 [INFO]   Physical correlation: ch3 <-> ch6
2026-06-16 05:30:23,872 [INFO]   Physical correlation: ch4 <-> ch5
2026-06-16 05:30:23,872 [INFO]   Physical correlation: ch4 <-> ch6
2026-06-16 05:30:23,873 [INFO]   Physical correlation: ch5 <-> ch6
2026-06-16 05:30:23,874 [INFO] Initializing virtual mode correlation histograms...
2026-06-16 05:30:23,874 [INFO]   Within-mode (H3): ch1 <-> ch2
2026-06-16 05:30:23,875 [INFO]   Cross-mode: H3 <-> H4
2026-06-16 05:30:23,876 [INFO]   Cross-mode: H3 <-> H5
2026-06-16 05:30:23,876 [INFO]   Within-mode (H4): ch3 <-> ch4
2026-06-16 05:30:23,877 [INFO]   Cross-mode: H4 <-> H5
2026-06-16 05:30:23,878 [INFO]   Within-mode (H5): ch5 <-> ch6
2026-06-16 05:30:23,880 [INFO] Measurement starting for 10.000min / 0.167h
2026-06-16 05:40:24,200 [INFO] Measurements finished.
2026-06-16 05:40:24,201 [INFO] Collecting measurement data...
2026-06-16 05:40:24,203 [INFO] Collecting physical correlation data for (1,2)
2026-06-16 05:40:24,207 [INFO] Collecting physical correlation data for (1,3)
2026-06-16 05:40:24,212 [INFO] Collecting physical correlation data for (1,4)
2026-06-16 05:40:24,217 [INFO] Collecting physical correlation data for (1,5)
2026-06-16 05:40:24,222 [INFO] Collecting physical correlation data for (1,6)
2026-06-16 05:40:24,227 [INFO] Collecting physical correlation data for (2,3)
2026-06-16 05:40:24,232 [INFO] Collecting physical correlation data for (2,4)
2026-06-16 05:40:24,237 [INFO] Collecting physical correlation data for (2,5)
2026-06-16 05:40:24,241 [INFO] Collecting physical correlation data for (2,6)
2026-06-16 05:40:24,245 [INFO] Collecting physical correlation data for (3,4)
2026-06-16 05:40:24,249 [INFO] Collecting physical correlation data for (3,5)
2026-06-16 05:40:24,252 [INFO] Collecting physical correlation data for (3,6)
2026-06-16 05:40:24,254 [INFO] Collecting physical correlation data for (4,5)
2026-06-16 05:40:24,257 [INFO] Collecting physical correlation data for (4,6)
2026-06-16 05:40:24,260 [INFO] Collecting physical correlation data for (5,6)
2026-06-16 05:40:24,263 [INFO] Collecting virtual correlation data for (H3,H3)
2026-06-16 05:40:24,266 [INFO] Collecting virtual correlation data for (H3,H4)
2026-06-16 05:40:24,268 [INFO] Collecting virtual correlation data for (H3,H5)
2026-06-16 05:40:24,270 [INFO] Collecting virtual correlation data for (H4,H4)
2026-06-16 05:40:24,272 [INFO] Collecting virtual correlation data for (H4,H5)
2026-06-16 05:40:24,274 [INFO] Collecting virtual correlation data for (H5,H5)
2026-06-16 05:40:24,293 [INFO] Starting writing data to file.
2026-06-16 05:40:24,373 [INFO] Saved data.
2026-06-16 05:40:24,504 [INFO] Merging 1 chunks into running total...
2026-06-16 05:40:24,665 [INFO] ============================================================
2026-06-16 05:40:24,666 [INFO] STATUS REPORT | Duration: 30.00 min (0.500 h)
2026-06-16 05:40:24,667 [INFO] ============================================================
2026-06-16 05:40:24,668 [INFO] COUNTRATES (Physical):
2026-06-16 05:40:24,669 [INFO]   Ch 1: 2.1 kHz (total: 3,772,934)
2026-06-16 05:40:24,670 [INFO]   Ch 2: 4.4 kHz (total: 7,925,527)
2026-06-16 05:40:24,670 [INFO]   Ch 3: 1.7 kHz (total: 2,986,363)
2026-06-16 05:40:24,671 [INFO]   Ch 4: 2.1 kHz (total: 3,805,305)
2026-06-16 05:40:24,672 [INFO]   Ch 5: 0.0 kHz (total: 63,842)
2026-06-16 05:40:24,673 [INFO]   Ch 6: 0.0 kHz (total: 36,301)
2026-06-16 05:40:24,673 [INFO] COUNTRATES (Virtual):
2026-06-16 05:40:24,674 [INFO]   H3: 6.5 kHz (total: 11,698,461)
2026-06-16 05:40:24,675 [INFO]   H4: 3.8 kHz (total: 6,791,668)
2026-06-16 05:40:24,675 [INFO]   H5: 0.1 kHz (total: 100,143)
2026-06-16 05:40:24,676 [INFO] ------------------------------------------------------------
2026-06-16 05:40:24,677 [INFO] COINCIDENCES (threshold: 100000)
2026-06-16 05:40:24,677 [INFO] ------------------------------------------------------------
2026-06-16 05:40:24,678 [INFO] Twofold (physical) (Reached Threshold):
2026-06-16 05:40:24,679 [INFO]   (1,2): 856 X
2026-06-16 05:40:24,680 [INFO]   (1,3): 306 X
2026-06-16 05:40:24,680 [INFO]   (1,4): 420 X
2026-06-16 05:40:24,681 [INFO]   (1,5): 0 X
2026-06-16 05:40:24,682 [INFO]   (1,6): 7 X
2026-06-16 05:40:24,682 [INFO]   (2,3): 691 X
2026-06-16 05:40:24,683 [INFO]   (2,4): 843 X
2026-06-16 05:40:24,683 [INFO]   (2,5): 14 X
2026-06-16 05:40:24,684 [INFO]   (2,6): 9 X
2026-06-16 05:40:24,685 [INFO]   (3,4): 310 X
2026-06-16 05:40:24,685 [INFO]   (3,5): 7 X
2026-06-16 05:40:24,686 [INFO]   (3,6): 7 X
2026-06-16 05:40:24,687 [INFO]   (4,5): 10 X
2026-06-16 05:40:24,687 [INFO]   (4,6): 5 X
2026-06-16 05:40:24,688 [INFO]   (5,6): 0 X
2026-06-16 05:40:24,688 [INFO] ============================================================
2026-06-16 05:40:24,689 [INFO] >>> 15 combination(s) below threshold <<<
2026-06-16 05:40:24,689 [INFO] ============================================================
2026-06-16 05:40:24,774 [INFO] Updated merged data: C:\Users\QUANTUM\OneDrive - ENSTA\!Working files\HBT\HBT Data\Tests_Jun\2026-06-15_20-01-37_g2_heralded_virtual\MERGED\20-01-37_2026-06-15_2.47mW_num0_MERGED.pkl
2026-06-16 05:40:24,814 [INFO] Found 0 connected Time Tagger(s)
2026-06-16 05:40:26,426 [INFO] t:   1 s, Board temperature: 41.0 °C, FPGA temperature: 56.9 °C
2026-06-16 05:40:27,998 [INFO] t:   2 s, Board temperature: 41.0 °C, FPGA temperature: 56.9 °C
2026-06-16 05:40:29,600 [INFO] t:   3 s, Board temperature: 40.9 °C, FPGA temperature: 56.9 °C
2026-06-16 05:40:31,166 [INFO] t:   4 s, Board temperature: 40.9 °C, FPGA temperature: 56.9 °C
2026-06-16 05:40:32,725 [INFO] t:   5 s, Board temperature: 40.8 °C, FPGA temperature: 56.8 °C
2026-06-16 05:40:32,725 [INFO] The Time Tagger is warmed up.
2026-06-16 05:40:32,726 [INFO] Time Tagger initialized.
2026-06-16 05:40:32,728 [INFO] Chunk 4/6 | Elapsed: 40.0 min
2026-06-16 05:40:32,728 [INFO] Initializing experiment on Time Tagger.
2026-06-16 05:40:32,729 [INFO] Deadtime for channel 1: 0 ps
2026-06-16 05:40:32,730 [INFO] Deadtime for channel 2: 0 ps
2026-06-16 05:40:32,731 [INFO] Deadtime for channel 3: 0 ps
2026-06-16 05:40:32,731 [INFO] Deadtime for channel 4: 0 ps
2026-06-16 05:40:32,732 [INFO] Deadtime for channel 5: 0 ps
2026-06-16 05:40:32,733 [INFO] Deadtime for channel 6: 0 ps
2026-06-16 05:40:32,733 [INFO] Delays on channels enabled.
2026-06-16 05:40:32,734 [INFO] Delay for channel 1: requested=0 ps, actual=0 ps
2026-06-16 05:40:32,734 [INFO] Delay for channel 2: requested=-1000 ps, actual=-1000 ps
2026-06-16 05:40:32,735 [INFO] Delay for channel 3: requested=20000 ps, actual=20000 ps
2026-06-16 05:40:32,736 [INFO] Delay for channel 4: requested=16500 ps, actual=16500 ps
2026-06-16 05:40:32,736 [INFO] Delay for channel 5: requested=17800 ps, actual=17800 ps
2026-06-16 05:40:32,737 [INFO] Delay for channel 6: requested=17300 ps, actual=17300 ps
2026-06-16 05:40:32,738 [INFO] Executing synchronized correlation measurement.
2026-06-16 05:40:32,738 [INFO] Delays on channels enabled.
2026-06-16 05:40:32,739 [INFO] Delay for channel 1: requested=0 ps, actual=0 ps.
2026-06-16 05:40:32,739 [INFO] Delay for channel 2: requested=-1000 ps, actual=-1000 ps.
2026-06-16 05:40:32,740 [INFO] Delay for channel 3: requested=20000 ps, actual=20000 ps.
2026-06-16 05:40:32,740 [INFO] Delay for channel 4: requested=16500 ps, actual=16500 ps.
2026-06-16 05:40:32,741 [INFO] Delay for channel 5: requested=17800 ps, actual=17800 ps.
2026-06-16 05:40:32,742 [INFO] Delay for channel 6: requested=17300 ps, actual=17300 ps.
2026-06-16 05:40:32,743 [INFO] Initializing measurement with virtual mode channels for ALL heralding permutations.
2026-06-16 05:40:32,743 [INFO] Automatically generated modes from input: {'H3': [1, 2], 'H4': [3, 4], 'H5': [5, 6]}
2026-06-16 05:40:32,744 [INFO] Setting up virtual channels...
2026-06-16 05:40:32,745 [INFO] Initializing physical channel correlation histograms...
2026-06-16 05:40:32,745 [INFO]   Physical correlation: ch1 <-> ch2
2026-06-16 05:40:32,746 [INFO]   Physical correlation: ch1 <-> ch3
2026-06-16 05:40:32,747 [INFO]   Physical correlation: ch1 <-> ch4
2026-06-16 05:40:32,747 [INFO]   Physical correlation: ch1 <-> ch5
2026-06-16 05:40:32,748 [INFO]   Physical correlation: ch1 <-> ch6
2026-06-16 05:40:32,749 [INFO]   Physical correlation: ch2 <-> ch3
2026-06-16 05:40:32,749 [INFO]   Physical correlation: ch2 <-> ch4
2026-06-16 05:40:32,750 [INFO]   Physical correlation: ch2 <-> ch5
2026-06-16 05:40:32,751 [INFO]   Physical correlation: ch2 <-> ch6
2026-06-16 05:40:32,751 [INFO]   Physical correlation: ch3 <-> ch4
2026-06-16 05:40:32,752 [INFO]   Physical correlation: ch3 <-> ch5
2026-06-16 05:40:32,753 [INFO]   Physical correlation: ch3 <-> ch6
2026-06-16 05:40:32,753 [INFO]   Physical correlation: ch4 <-> ch5
2026-06-16 05:40:32,754 [INFO]   Physical correlation: ch4 <-> ch6
2026-06-16 05:40:32,755 [INFO]   Physical correlation: ch5 <-> ch6
2026-06-16 05:40:32,755 [INFO] Initializing virtual mode correlation histograms...
2026-06-16 05:40:32,756 [INFO]   Within-mode (H3): ch1 <-> ch2
2026-06-16 05:40:32,757 [INFO]   Cross-mode: H3 <-> H4
2026-06-16 05:40:32,757 [INFO]   Cross-mode: H3 <-> H5
2026-06-16 05:40:32,758 [INFO]   Within-mode (H4): ch3 <-> ch4
2026-06-16 05:40:32,759 [INFO]   Cross-mode: H4 <-> H5
2026-06-16 05:40:32,759 [INFO]   Within-mode (H5): ch5 <-> ch6
2026-06-16 05:40:32,761 [INFO] Measurement starting for 10.000min / 0.167h
2026-06-16 05:50:33,086 [INFO] Measurements finished.
2026-06-16 05:50:33,088 [INFO] Collecting measurement data...
2026-06-16 05:50:33,090 [INFO] Collecting physical correlation data for (1,2)
2026-06-16 05:50:33,094 [INFO] Collecting physical correlation data for (1,3)
2026-06-16 05:50:33,098 [INFO] Collecting physical correlation data for (1,4)
2026-06-16 05:50:33,100 [INFO] Collecting physical correlation data for (1,5)
2026-06-16 05:50:33,102 [INFO] Collecting physical correlation data for (1,6)
2026-06-16 05:50:33,104 [INFO] Collecting physical correlation data for (2,3)
2026-06-16 05:50:33,106 [INFO] Collecting physical correlation data for (2,4)
2026-06-16 05:50:33,108 [INFO] Collecting physical correlation data for (2,5)
2026-06-16 05:50:33,110 [INFO] Collecting physical correlation data for (2,6)
2026-06-16 05:50:33,111 [INFO] Collecting physical correlation data for (3,4)
2026-06-16 05:50:33,113 [INFO] Collecting physical correlation data for (3,5)
2026-06-16 05:50:33,116 [INFO] Collecting physical correlation data for (3,6)
2026-06-16 05:50:33,118 [INFO] Collecting physical correlation data for (4,5)
2026-06-16 05:50:33,119 [INFO] Collecting physical correlation data for (4,6)
2026-06-16 05:50:33,121 [INFO] Collecting physical correlation data for (5,6)
2026-06-16 05:50:33,123 [INFO] Collecting virtual correlation data for (H3,H3)
2026-06-16 05:50:33,125 [INFO] Collecting virtual correlation data for (H3,H4)
2026-06-16 05:50:33,127 [INFO] Collecting virtual correlation data for (H3,H5)
2026-06-16 05:50:33,129 [INFO] Collecting virtual correlation data for (H4,H4)
2026-06-16 05:50:33,131 [INFO] Collecting virtual correlation data for (H4,H5)
2026-06-16 05:50:33,133 [INFO] Collecting virtual correlation data for (H5,H5)
2026-06-16 05:50:33,151 [INFO] Starting writing data to file.
2026-06-16 05:50:33,231 [INFO] Saved data.
2026-06-16 05:50:33,349 [INFO] Merging 1 chunks into running total...
2026-06-16 05:50:33,509 [INFO] ============================================================
2026-06-16 05:50:33,509 [INFO] STATUS REPORT | Duration: 40.00 min (0.667 h)
2026-06-16 05:50:33,510 [INFO] ============================================================
2026-06-16 05:50:33,511 [INFO] COUNTRATES (Physical):
2026-06-16 05:50:33,512 [INFO]   Ch 1: 2.1 kHz (total: 5,024,571)
2026-06-16 05:50:33,513 [INFO]   Ch 2: 4.4 kHz (total: 10,566,149)
2026-06-16 05:50:33,513 [INFO]   Ch 3: 1.7 kHz (total: 3,981,803)
2026-06-16 05:50:33,514 [INFO]   Ch 4: 2.1 kHz (total: 5,071,333)
2026-06-16 05:50:33,515 [INFO]   Ch 5: 0.0 kHz (total: 85,335)
2026-06-16 05:50:33,516 [INFO]   Ch 6: 0.0 kHz (total: 48,663)
2026-06-16 05:50:33,516 [INFO] COUNTRATES (Virtual):
2026-06-16 05:50:33,517 [INFO]   H3: 6.5 kHz (total: 15,590,720)
2026-06-16 05:50:33,518 [INFO]   H4: 3.8 kHz (total: 9,053,136)
2026-06-16 05:50:33,519 [INFO]   H5: 0.1 kHz (total: 133,998)
2026-06-16 05:50:33,520 [INFO] ------------------------------------------------------------
2026-06-16 05:50:33,521 [INFO] COINCIDENCES (threshold: 100000)
2026-06-16 05:50:33,521 [INFO] ------------------------------------------------------------
2026-06-16 05:50:33,522 [INFO] Twofold (physical) (Reached Threshold):
2026-06-16 05:50:33,523 [INFO]   (1,2): 1,137 X
2026-06-16 05:50:33,524 [INFO]   (1,3): 419 X
2026-06-16 05:50:33,525 [INFO]   (1,4): 559 X
2026-06-16 05:50:33,526 [INFO]   (1,5): 1 X
2026-06-16 05:50:33,527 [INFO]   (1,6): 8 X
2026-06-16 05:50:33,527 [INFO]   (2,3): 929 X
2026-06-16 05:50:33,528 [INFO]   (2,4): 1,115 X
2026-06-16 05:50:33,529 [INFO]   (2,5): 21 X
2026-06-16 05:50:33,529 [INFO]   (2,6): 10 X
2026-06-16 05:50:33,530 [INFO]   (3,4): 428 X
2026-06-16 05:50:33,530 [INFO]   (3,5): 7 X
2026-06-16 05:50:33,532 [INFO]   (3,6): 9 X
2026-06-16 05:50:33,533 [INFO]   (4,5): 11 X
2026-06-16 05:50:33,533 [INFO]   (4,6): 6 X
2026-06-16 05:50:33,534 [INFO]   (5,6): 0 X
2026-06-16 05:50:33,535 [INFO] ============================================================
2026-06-16 05:50:33,535 [INFO] >>> 15 combination(s) below threshold <<<
2026-06-16 05:50:33,536 [INFO] ============================================================
2026-06-16 05:50:33,614 [INFO] Updated merged data: C:\Users\QUANTUM\OneDrive - ENSTA\!Working files\HBT\HBT Data\Tests_Jun\2026-06-15_20-01-37_g2_heralded_virtual\MERGED\20-01-37_2026-06-15_2.47mW_num0_MERGED.pkl
2026-06-16 05:50:33,655 [INFO] Found 0 connected Time Tagger(s)
2026-06-16 05:50:35,254 [INFO] t:   1 s, Board temperature: 40.9 °C, FPGA temperature: 56.9 °C
2026-06-16 05:50:36,826 [INFO] t:   2 s, Board temperature: 41.0 °C, FPGA temperature: 56.9 °C
2026-06-16 05:50:38,382 [INFO] t:   3 s, Board temperature: 40.9 °C, FPGA temperature: 56.9 °C
2026-06-16 05:50:39,934 [INFO] t:   4 s, Board temperature: 40.9 °C, FPGA temperature: 56.9 °C
2026-06-16 05:50:41,503 [INFO] t:   5 s, Board temperature: 40.9 °C, FPGA temperature: 56.9 °C
2026-06-16 05:50:41,504 [INFO] The Time Tagger is warmed up.
2026-06-16 05:50:41,505 [INFO] Time Tagger initialized.
2026-06-16 05:50:41,506 [INFO] Chunk 5/6 | Elapsed: 50.0 min
2026-06-16 05:50:41,507 [INFO] Initializing experiment on Time Tagger.
2026-06-16 05:50:41,507 [INFO] Deadtime for channel 1: 0 ps
2026-06-16 05:50:41,508 [INFO] Deadtime for channel 2: 0 ps
2026-06-16 05:50:41,508 [INFO] Deadtime for channel 3: 0 ps
2026-06-16 05:50:41,509 [INFO] Deadtime for channel 4: 0 ps
2026-06-16 05:50:41,510 [INFO] Deadtime for channel 5: 0 ps
2026-06-16 05:50:41,511 [INFO] Deadtime for channel 6: 0 ps
2026-06-16 05:50:41,511 [INFO] Delays on channels enabled.
2026-06-16 05:50:41,512 [INFO] Delay for channel 1: requested=0 ps, actual=0 ps
2026-06-16 05:50:41,512 [INFO] Delay for channel 2: requested=-1000 ps, actual=-1000 ps
2026-06-16 05:50:41,513 [INFO] Delay for channel 3: requested=20000 ps, actual=20000 ps
2026-06-16 05:50:41,514 [INFO] Delay for channel 4: requested=16500 ps, actual=16500 ps
2026-06-16 05:50:41,515 [INFO] Delay for channel 5: requested=17800 ps, actual=17800 ps
2026-06-16 05:50:41,515 [INFO] Delay for channel 6: requested=17300 ps, actual=17300 ps
2026-06-16 05:50:41,516 [INFO] Executing synchronized correlation measurement.
2026-06-16 05:50:41,517 [INFO] Delays on channels enabled.
2026-06-16 05:50:41,518 [INFO] Delay for channel 1: requested=0 ps, actual=0 ps.
2026-06-16 05:50:41,518 [INFO] Delay for channel 2: requested=-1000 ps, actual=-1000 ps.
2026-06-16 05:50:41,519 [INFO] Delay for channel 3: requested=20000 ps, actual=20000 ps.
2026-06-16 05:50:41,519 [INFO] Delay for channel 4: requested=16500 ps, actual=16500 ps.
2026-06-16 05:50:41,520 [INFO] Delay for channel 5: requested=17800 ps, actual=17800 ps.
2026-06-16 05:50:41,521 [INFO] Delay for channel 6: requested=17300 ps, actual=17300 ps.
2026-06-16 05:50:41,521 [INFO] Initializing measurement with virtual mode channels for ALL heralding permutations.
2026-06-16 05:50:41,522 [INFO] Automatically generated modes from input: {'H3': [1, 2], 'H4': [3, 4], 'H5': [5, 6]}
2026-06-16 05:50:41,522 [INFO] Setting up virtual channels...
2026-06-16 05:50:41,524 [INFO] Initializing physical channel correlation histograms...
2026-06-16 05:50:41,524 [INFO]   Physical correlation: ch1 <-> ch2
2026-06-16 05:50:41,525 [INFO]   Physical correlation: ch1 <-> ch3
2026-06-16 05:50:41,526 [INFO]   Physical correlation: ch1 <-> ch4
2026-06-16 05:50:41,527 [INFO]   Physical correlation: ch1 <-> ch5
2026-06-16 05:50:41,528 [INFO]   Physical correlation: ch1 <-> ch6
2026-06-16 05:50:41,528 [INFO]   Physical correlation: ch2 <-> ch3
2026-06-16 05:50:41,529 [INFO]   Physical correlation: ch2 <-> ch4
2026-06-16 05:50:41,530 [INFO]   Physical correlation: ch2 <-> ch5
2026-06-16 05:50:41,531 [INFO]   Physical correlation: ch2 <-> ch6
2026-06-16 05:50:41,531 [INFO]   Physical correlation: ch3 <-> ch4
2026-06-16 05:50:41,532 [INFO]   Physical correlation: ch3 <-> ch5
2026-06-16 05:50:41,533 [INFO]   Physical correlation: ch3 <-> ch6
2026-06-16 05:50:41,533 [INFO]   Physical correlation: ch4 <-> ch5
2026-06-16 05:50:41,534 [INFO]   Physical correlation: ch4 <-> ch6
2026-06-16 05:50:41,535 [INFO]   Physical correlation: ch5 <-> ch6
2026-06-16 05:50:41,536 [INFO] Initializing virtual mode correlation histograms...
2026-06-16 05:50:41,536 [INFO]   Within-mode (H3): ch1 <-> ch2
2026-06-16 05:50:41,537 [INFO]   Cross-mode: H3 <-> H4
2026-06-16 05:50:41,538 [INFO]   Cross-mode: H3 <-> H5
2026-06-16 05:50:41,539 [INFO]   Within-mode (H4): ch3 <-> ch4
2026-06-16 05:50:41,540 [INFO]   Cross-mode: H4 <-> H5
2026-06-16 05:50:41,540 [INFO]   Within-mode (H5): ch5 <-> ch6
2026-06-16 05:50:41,542 [INFO] Measurement starting for 10.000min / 0.167h
2026-06-16 06:00:41,845 [INFO] Measurements finished.
2026-06-16 06:00:41,846 [INFO] Collecting measurement data...
2026-06-16 06:00:41,847 [INFO] Collecting physical correlation data for (1,2)
2026-06-16 06:00:41,850 [INFO] Collecting physical correlation data for (1,3)
2026-06-16 06:00:41,853 [INFO] Collecting physical correlation data for (1,4)
2026-06-16 06:00:41,857 [INFO] Collecting physical correlation data for (1,5)
2026-06-16 06:00:41,861 [INFO] Collecting physical correlation data for (1,6)
2026-06-16 06:00:41,870 [INFO] Collecting physical correlation data for (2,3)
2026-06-16 06:00:41,873 [INFO] Collecting physical correlation data for (2,4)
2026-06-16 06:00:41,876 [INFO] Collecting physical correlation data for (2,5)
2026-06-16 06:00:41,878 [INFO] Collecting physical correlation data for (2,6)
2026-06-16 06:00:41,880 [INFO] Collecting physical correlation data for (3,4)
2026-06-16 06:00:41,883 [INFO] Collecting physical correlation data for (3,5)
2026-06-16 06:00:41,885 [INFO] Collecting physical correlation data for (3,6)
2026-06-16 06:00:41,888 [INFO] Collecting physical correlation data for (4,5)
2026-06-16 06:00:41,890 [INFO] Collecting physical correlation data for (4,6)
2026-06-16 06:00:41,892 [INFO] Collecting physical correlation data for (5,6)
2026-06-16 06:00:41,895 [INFO] Collecting virtual correlation data for (H3,H3)
2026-06-16 06:00:41,897 [INFO] Collecting virtual correlation data for (H3,H4)
2026-06-16 06:00:41,900 [INFO] Collecting virtual correlation data for (H3,H5)
2026-06-16 06:00:41,902 [INFO] Collecting virtual correlation data for (H4,H4)
2026-06-16 06:00:41,905 [INFO] Collecting virtual correlation data for (H4,H5)
2026-06-16 06:00:41,908 [INFO] Collecting virtual correlation data for (H5,H5)
2026-06-16 06:00:41,927 [INFO] Starting writing data to file.
2026-06-16 06:00:42,029 [INFO] Saved data.
2026-06-16 06:00:42,166 [INFO] Merging 1 chunks into running total...
2026-06-16 06:00:42,332 [INFO] ============================================================
2026-06-16 06:00:42,333 [INFO] STATUS REPORT | Duration: 50.00 min (0.833 h)
2026-06-16 06:00:42,334 [INFO] ============================================================
2026-06-16 06:00:42,335 [INFO] COUNTRATES (Physical):
2026-06-16 06:00:42,335 [INFO]   Ch 1: 2.1 kHz (total: 6,281,537)
2026-06-16 06:00:42,336 [INFO]   Ch 2: 4.4 kHz (total: 13,214,042)
2026-06-16 06:00:42,337 [INFO]   Ch 3: 1.7 kHz (total: 4,977,654)
2026-06-16 06:00:42,338 [INFO]   Ch 4: 2.1 kHz (total: 6,344,061)
2026-06-16 06:00:42,339 [INFO]   Ch 5: 0.0 kHz (total: 106,475)
2026-06-16 06:00:42,339 [INFO]   Ch 6: 0.0 kHz (total: 60,980)
2026-06-16 06:00:42,340 [INFO] COUNTRATES (Virtual):
2026-06-16 06:00:42,341 [INFO]   H3: 6.5 kHz (total: 19,495,579)
2026-06-16 06:00:42,341 [INFO]   H4: 3.8 kHz (total: 11,321,715)
2026-06-16 06:00:42,342 [INFO]   H5: 0.1 kHz (total: 167,455)
2026-06-16 06:00:42,342 [INFO] ------------------------------------------------------------
2026-06-16 06:00:42,343 [INFO] COINCIDENCES (threshold: 100000)
2026-06-16 06:00:42,344 [INFO] ------------------------------------------------------------
2026-06-16 06:00:42,345 [INFO] Twofold (physical) (Reached Threshold):
2026-06-16 06:00:42,345 [INFO]   (1,2): 1,406 X
2026-06-16 06:00:42,346 [INFO]   (1,3): 529 X
2026-06-16 06:00:42,346 [INFO]   (1,4): 677 X
2026-06-16 06:00:42,347 [INFO]   (1,5): 4 X
2026-06-16 06:00:42,347 [INFO]   (1,6): 9 X
2026-06-16 06:00:42,348 [INFO]   (2,3): 1,174 X
2026-06-16 06:00:42,349 [INFO]   (2,4): 1,405 X
2026-06-16 06:00:42,349 [INFO]   (2,5): 27 X
2026-06-16 06:00:42,350 [INFO]   (2,6): 16 X
2026-06-16 06:00:42,350 [INFO]   (3,4): 536 X
2026-06-16 06:00:42,351 [INFO]   (3,5): 9 X
2026-06-16 06:00:42,352 [INFO]   (3,6): 11 X
2026-06-16 06:00:42,352 [INFO]   (4,5): 14 X
2026-06-16 06:00:42,353 [INFO]   (4,6): 8 X
2026-06-16 06:00:42,354 [INFO]   (5,6): 0 X
2026-06-16 06:00:42,354 [INFO] ============================================================
2026-06-16 06:00:42,355 [INFO] >>> 15 combination(s) below threshold <<<
2026-06-16 06:00:42,356 [INFO] ============================================================
2026-06-16 06:00:42,445 [INFO] Updated merged data: C:\Users\QUANTUM\OneDrive - ENSTA\!Working files\HBT\HBT Data\Tests_Jun\2026-06-15_20-01-37_g2_heralded_virtual\MERGED\20-01-37_2026-06-15_2.47mW_num0_MERGED.pkl
2026-06-16 06:00:42,494 [INFO] Found 0 connected Time Tagger(s)
2026-06-16 06:00:44,089 [INFO] t:   1 s, Board temperature: 40.9 °C, FPGA temperature: 56.6 °C
2026-06-16 06:00:45,645 [INFO] t:   2 s, Board temperature: 40.9 °C, FPGA temperature: 56.6 °C
2026-06-16 06:00:47,207 [INFO] t:   3 s, Board temperature: 40.8 °C, FPGA temperature: 56.6 °C
2026-06-16 06:00:48,753 [INFO] t:   4 s, Board temperature: 40.8 °C, FPGA temperature: 56.6 °C
2026-06-16 06:00:50,300 [INFO] t:   5 s, Board temperature: 40.8 °C, FPGA temperature: 56.6 °C
2026-06-16 06:00:50,300 [INFO] The Time Tagger is warmed up.
2026-06-16 06:00:50,301 [INFO] Time Tagger initialized.
2026-06-16 06:00:50,302 [INFO] Chunk 6/6 | Elapsed: 60.0 min
2026-06-16 06:00:50,303 [INFO] Initializing experiment on Time Tagger.
2026-06-16 06:00:50,304 [INFO] Deadtime for channel 1: 0 ps
2026-06-16 06:00:50,305 [INFO] Deadtime for channel 2: 0 ps
2026-06-16 06:00:50,305 [INFO] Deadtime for channel 3: 0 ps
2026-06-16 06:00:50,306 [INFO] Deadtime for channel 4: 0 ps
2026-06-16 06:00:50,306 [INFO] Deadtime for channel 5: 0 ps
2026-06-16 06:00:50,307 [INFO] Deadtime for channel 6: 0 ps
2026-06-16 06:00:50,308 [INFO] Delays on channels enabled.
2026-06-16 06:00:50,308 [INFO] Delay for channel 1: requested=0 ps, actual=0 ps
2026-06-16 06:00:50,309 [INFO] Delay for channel 2: requested=-1000 ps, actual=-1000 ps
2026-06-16 06:00:50,310 [INFO] Delay for channel 3: requested=20000 ps, actual=20000 ps
2026-06-16 06:00:50,310 [INFO] Delay for channel 4: requested=16500 ps, actual=16500 ps
2026-06-16 06:00:50,311 [INFO] Delay for channel 5: requested=17800 ps, actual=17800 ps
2026-06-16 06:00:50,311 [INFO] Delay for channel 6: requested=17300 ps, actual=17300 ps
2026-06-16 06:00:50,312 [INFO] Executing synchronized correlation measurement.
2026-06-16 06:00:50,313 [INFO] Delays on channels enabled.
2026-06-16 06:00:50,313 [INFO] Delay for channel 1: requested=0 ps, actual=0 ps.
2026-06-16 06:00:50,314 [INFO] Delay for channel 2: requested=-1000 ps, actual=-1000 ps.
2026-06-16 06:00:50,314 [INFO] Delay for channel 3: requested=20000 ps, actual=20000 ps.
2026-06-16 06:00:50,315 [INFO] Delay for channel 4: requested=16500 ps, actual=16500 ps.
2026-06-16 06:00:50,316 [INFO] Delay for channel 5: requested=17800 ps, actual=17800 ps.
2026-06-16 06:00:50,316 [INFO] Delay for channel 6: requested=17300 ps, actual=17300 ps.
2026-06-16 06:00:50,317 [INFO] Initializing measurement with virtual mode channels for ALL heralding permutations.
2026-06-16 06:00:50,317 [INFO] Automatically generated modes from input: {'H3': [1, 2], 'H4': [3, 4], 'H5': [5, 6]}
2026-06-16 06:00:50,318 [INFO] Setting up virtual channels...
2026-06-16 06:00:50,319 [INFO] Initializing physical channel correlation histograms...
2026-06-16 06:00:50,320 [INFO]   Physical correlation: ch1 <-> ch2
2026-06-16 06:00:50,320 [INFO]   Physical correlation: ch1 <-> ch3
2026-06-16 06:00:50,321 [INFO]   Physical correlation: ch1 <-> ch4
2026-06-16 06:00:50,322 [INFO]   Physical correlation: ch1 <-> ch5
2026-06-16 06:00:50,322 [INFO]   Physical correlation: ch1 <-> ch6
2026-06-16 06:00:50,323 [INFO]   Physical correlation: ch2 <-> ch3
2026-06-16 06:00:50,324 [INFO]   Physical correlation: ch2 <-> ch4
2026-06-16 06:00:50,324 [INFO]   Physical correlation: ch2 <-> ch5
2026-06-16 06:00:50,325 [INFO]   Physical correlation: ch2 <-> ch6
2026-06-16 06:00:50,326 [INFO]   Physical correlation: ch3 <-> ch4
2026-06-16 06:00:50,326 [INFO]   Physical correlation: ch3 <-> ch5
2026-06-16 06:00:50,327 [INFO]   Physical correlation: ch3 <-> ch6
2026-06-16 06:00:50,328 [INFO]   Physical correlation: ch4 <-> ch5
2026-06-16 06:00:50,328 [INFO]   Physical correlation: ch4 <-> ch6
2026-06-16 06:00:50,329 [INFO]   Physical correlation: ch5 <-> ch6
2026-06-16 06:00:50,330 [INFO] Initializing virtual mode correlation histograms...
2026-06-16 06:00:50,331 [INFO]   Within-mode (H3): ch1 <-> ch2
2026-06-16 06:00:50,331 [INFO]   Cross-mode: H3 <-> H4
2026-06-16 06:00:50,332 [INFO]   Cross-mode: H3 <-> H5
2026-06-16 06:00:50,333 [INFO]   Within-mode (H4): ch3 <-> ch4
2026-06-16 06:00:50,333 [INFO]   Cross-mode: H4 <-> H5
2026-06-16 06:00:50,334 [INFO]   Within-mode (H5): ch5 <-> ch6
2026-06-16 06:00:50,336 [INFO] Measurement starting for 10.000min / 0.167h
2026-06-16 06:10:50,651 [INFO] Measurements finished.
2026-06-16 06:10:50,653 [INFO] Collecting measurement data...
2026-06-16 06:10:50,654 [INFO] Collecting physical correlation data for (1,2)
2026-06-16 06:10:50,659 [INFO] Collecting physical correlation data for (1,3)
2026-06-16 06:10:50,664 [INFO] Collecting physical correlation data for (1,4)
2026-06-16 06:10:50,668 [INFO] Collecting physical correlation data for (1,5)
2026-06-16 06:10:50,671 [INFO] Collecting physical correlation data for (1,6)
2026-06-16 06:10:50,673 [INFO] Collecting physical correlation data for (2,3)
2026-06-16 06:10:50,675 [INFO] Collecting physical correlation data for (2,4)
2026-06-16 06:10:50,677 [INFO] Collecting physical correlation data for (2,5)
2026-06-16 06:10:50,679 [INFO] Collecting physical correlation data for (2,6)
2026-06-16 06:10:50,681 [INFO] Collecting physical correlation data for (3,4)
2026-06-16 06:10:50,683 [INFO] Collecting physical correlation data for (3,5)
2026-06-16 06:10:50,685 [INFO] Collecting physical correlation data for (3,6)
2026-06-16 06:10:50,686 [INFO] Collecting physical correlation data for (4,5)
2026-06-16 06:10:50,688 [INFO] Collecting physical correlation data for (4,6)
2026-06-16 06:10:50,690 [INFO] Collecting physical correlation data for (5,6)
2026-06-16 06:10:50,692 [INFO] Collecting virtual correlation data for (H3,H3)
2026-06-16 06:10:50,693 [INFO] Collecting virtual correlation data for (H3,H4)
2026-06-16 06:10:50,695 [INFO] Collecting virtual correlation data for (H3,H5)
2026-06-16 06:10:50,697 [INFO] Collecting virtual correlation data for (H4,H4)
2026-06-16 06:10:50,699 [INFO] Collecting virtual correlation data for (H4,H5)
2026-06-16 06:10:50,701 [INFO] Collecting virtual correlation data for (H5,H5)
2026-06-16 06:10:50,719 [INFO] Starting writing data to file.
2026-06-16 06:10:50,800 [INFO] Saved data.
2026-06-16 06:10:50,919 [INFO] Merging 1 chunks into running total...
2026-06-16 06:10:51,077 [INFO] ============================================================
2026-06-16 06:10:51,078 [INFO] STATUS REPORT | Duration: 60.00 min (1.000 h)
2026-06-16 06:10:51,078 [INFO] ============================================================
2026-06-16 06:10:51,079 [INFO] COUNTRATES (Physical):
2026-06-16 06:10:51,079 [INFO]   Ch 1: 2.1 kHz (total: 7,538,404)
2026-06-16 06:10:51,080 [INFO]   Ch 2: 4.4 kHz (total: 15,857,554)
2026-06-16 06:10:51,081 [INFO]   Ch 3: 1.7 kHz (total: 5,977,499)
2026-06-16 06:10:51,082 [INFO]   Ch 4: 2.1 kHz (total: 7,613,035)
2026-06-16 06:10:51,082 [INFO]   Ch 5: 0.0 kHz (total: 127,616)
2026-06-16 06:10:51,083 [INFO]   Ch 6: 0.0 kHz (total: 73,266)
2026-06-16 06:10:51,084 [INFO] COUNTRATES (Virtual):
2026-06-16 06:10:51,085 [INFO]   H3: 6.5 kHz (total: 23,395,958)
2026-06-16 06:10:51,086 [INFO]   H4: 3.8 kHz (total: 13,590,534)
2026-06-16 06:10:51,086 [INFO]   H5: 0.1 kHz (total: 200,882)
2026-06-16 06:10:51,087 [INFO] ------------------------------------------------------------
2026-06-16 06:10:51,087 [INFO] COINCIDENCES (threshold: 100000)
2026-06-16 06:10:51,088 [INFO] ------------------------------------------------------------
2026-06-16 06:10:51,088 [INFO] Twofold (physical) (Reached Threshold):
2026-06-16 06:10:51,089 [INFO]   (1,2): 1,714 X
2026-06-16 06:10:51,090 [INFO]   (1,3): 621 X
2026-06-16 06:10:51,090 [INFO]   (1,4): 818 X
2026-06-16 06:10:51,091 [INFO]   (1,5): 7 X
2026-06-16 06:10:51,091 [INFO]   (1,6): 9 X
2026-06-16 06:10:51,092 [INFO]   (2,3): 1,394 X
2026-06-16 06:10:51,093 [INFO]   (2,4): 1,705 X
2026-06-16 06:10:51,093 [INFO]   (2,5): 27 X
2026-06-16 06:10:51,094 [INFO]   (2,6): 18 X
2026-06-16 06:10:51,095 [INFO]   (3,4): 626 X
2026-06-16 06:10:51,095 [INFO]   (3,5): 9 X
2026-06-16 06:10:51,096 [INFO]   (3,6): 11 X
2026-06-16 06:10:51,096 [INFO]   (4,5): 16 X
2026-06-16 06:10:51,097 [INFO]   (4,6): 9 X
2026-06-16 06:10:51,097 [INFO]   (5,6): 0 X
2026-06-16 06:10:51,098 [INFO] ============================================================
2026-06-16 06:10:51,099 [INFO] >>> 15 combination(s) below threshold <<<
2026-06-16 06:10:51,099 [INFO] ============================================================
2026-06-16 06:10:51,180 [INFO] Updated merged data: C:\Users\QUANTUM\OneDrive - ENSTA\!Working files\HBT\HBT Data\Tests_Jun\2026-06-15_20-01-37_g2_heralded_virtual\MERGED\20-01-37_2026-06-15_2.47mW_num0_MERGED.pkl
2026-06-16 06:10:51,261 [INFO] Final merged data saved to: C:\Users\QUANTUM\OneDrive - ENSTA\!Working files\HBT\HBT Data\Tests_Jun\2026-06-15_20-01-37_g2_heralded_virtual\MERGED\20-01-37_2026-06-15_2.47mW_num0_MERGED.pkl
2026-06-16 06:10:51,262 [INFO] Total merged duration: 60.00 min
2026-06-16 06:10:51,262 [INFO] Measurement completed in 60.89 min
2026-06-16 06:10:51,264 [INFO] Running cleanup...
2026-06-16 06:10:51,807 [INFO] Rotation stage(s) disconnected cleanly.
2026-06-16 06:10:51,808 [INFO] Successful finish.
