2026-06-15 17:44:18,857 [INFO] Script start.
2026-06-15 17:44:18,862 [INFO] ====================GENERAL SETTINGS====================
2026-06-15 17:44:18,862 [INFO] {'date': '2026-06-15', 'time': '17-44-18', 'experiment_type': 'g2_heralded_virtual', 'save_dir': 'C:\\Users\\QUANTUM\\OneDrive - ENSTA\\!Working files\\HBT\\HBT Data\\Tests_Jun\\2026-06-15_17-44-18_g2_heralded_virtual', 'material': 'CdTe110', 'laser': {'rep_rate_hz': 18880000.0, 'wavelength_nm': 2100}, 'timetagging': {'tt_mode': 'Standard', 'binwidth_ps': 100, 'num_bins': 50000, 'channels': [1, 2, 3, 4, 5, 6], 'mode_on_channel': ['H3T', 'H3R', 'H4T', 'H4R', 'H5T', 'H5R'], 'deadtime': [0, 0, 0, 0, 0, 0], 'delays': [0, -1000, 20000, 16500, 17800, 17300], 'coincidence_window': 25000, 'trigger': [], 'filter': []}, 'custom': {}}
2026-06-15 17:44:18,915 [INFO] Found 1 connected Time Tagger(s)
2026-06-15 17:44:23,326 [INFO] t:   1 s, Board temperature: 41.1 °C, FPGA temperature: 55.4 °C
2026-06-15 17:44:24,885 [INFO] t:   2 s, Board temperature: 41.1 °C, FPGA temperature: 55.8 °C
2026-06-15 17:44:26,454 [INFO] t:   3 s, Board temperature: 41.0 °C, FPGA temperature: 56.4 °C
2026-06-15 17:44:28,021 [INFO] t:   4 s, Board temperature: 41.1 °C, FPGA temperature: 56.6 °C
2026-06-15 17:44:29,610 [INFO] t:   5 s, Board temperature: 41.0 °C, FPGA temperature: 56.8 °C
2026-06-15 17:44:29,610 [INFO] The Time Tagger is warmed up.
2026-06-15 17:44:29,610 [INFO] Time Tagger initialized.
2026-06-15 17:44:31,903 [INFO] Stage Position: 22
2026-06-15 17:44:31,903 [INFO] Starting chunked acquisition (max 5 chunks / 10.0 min)
2026-06-15 17:44:31,903 [INFO] Chunk duration: 2 min
2026-06-15 17:44:31,903 [INFO] Threshold: 50000 counts, checking every 1 chunks
2026-06-15 17:44:31,950 [INFO] Found 0 connected Time Tagger(s)
2026-06-15 17:44:33,608 [INFO] t:   1 s, Board temperature: 41.2 °C, FPGA temperature: 56.9 °C
2026-06-15 17:44:35,195 [INFO] t:   2 s, Board temperature: 41.1 °C, FPGA temperature: 56.9 °C
2026-06-15 17:44:36,769 [INFO] t:   3 s, Board temperature: 41.1 °C, FPGA temperature: 57.0 °C
2026-06-15 17:44:38,320 [INFO] t:   4 s, Board temperature: 41.1 °C, FPGA temperature: 57.1 °C
2026-06-15 17:44:39,876 [INFO] t:   5 s, Board temperature: 41.2 °C, FPGA temperature: 57.1 °C
2026-06-15 17:44:39,876 [INFO] The Time Tagger is warmed up.
2026-06-15 17:44:39,876 [INFO] Time Tagger initialized.
2026-06-15 17:44:39,876 [INFO] Chunk 1/5 | Elapsed: 2.0 min
2026-06-15 17:44:39,876 [INFO] Initializing experiment on Time Tagger.
2026-06-15 17:44:39,876 [INFO] Deadtime for channel 1: 0 ps
2026-06-15 17:44:39,884 [INFO] Deadtime for channel 2: 0 ps
2026-06-15 17:44:39,884 [INFO] Deadtime for channel 3: 0 ps
2026-06-15 17:44:39,884 [INFO] Deadtime for channel 4: 0 ps
2026-06-15 17:44:39,884 [INFO] Deadtime for channel 5: 0 ps
2026-06-15 17:44:39,892 [INFO] Deadtime for channel 6: 0 ps
2026-06-15 17:44:39,892 [INFO] Delays on channels enabled.
2026-06-15 17:44:39,892 [INFO] Delay for channel 1: requested=0 ps, actual=0 ps
2026-06-15 17:44:39,892 [INFO] Delay for channel 2: requested=-1000 ps, actual=-1000 ps
2026-06-15 17:44:39,892 [INFO] Delay for channel 3: requested=20000 ps, actual=20000 ps
2026-06-15 17:44:39,892 [INFO] Delay for channel 4: requested=16500 ps, actual=16500 ps
2026-06-15 17:44:39,892 [INFO] Delay for channel 5: requested=17800 ps, actual=17800 ps
2026-06-15 17:44:39,892 [INFO] Delay for channel 6: requested=17300 ps, actual=17300 ps
2026-06-15 17:44:39,892 [INFO] Executing synchronized correlation measurement.
2026-06-15 17:44:39,892 [INFO] Delays on channels enabled.
2026-06-15 17:44:39,892 [INFO] Delay for channel 1: requested=0 ps, actual=0 ps.
2026-06-15 17:44:39,900 [INFO] Delay for channel 2: requested=-1000 ps, actual=-1000 ps.
2026-06-15 17:44:39,900 [INFO] Delay for channel 3: requested=20000 ps, actual=20000 ps.
2026-06-15 17:44:39,900 [INFO] Delay for channel 4: requested=16500 ps, actual=16500 ps.
2026-06-15 17:44:39,909 [INFO] Delay for channel 5: requested=17800 ps, actual=17800 ps.
2026-06-15 17:44:39,909 [INFO] Delay for channel 6: requested=17300 ps, actual=17300 ps.
2026-06-15 17:44:39,909 [INFO] Initializing measurement with virtual mode channels for ALL heralding permutations.
2026-06-15 17:44:39,909 [INFO] Automatically generated modes from input: {'H3': [1, 2], 'H4': [3, 4], 'H5': [5, 6]}
2026-06-15 17:44:39,909 [INFO] Setting up virtual channels...
2026-06-15 17:44:39,909 [INFO] Initializing physical channel correlation histograms...
2026-06-15 17:44:39,909 [INFO]   Physical correlation: ch1 <-> ch2
2026-06-15 17:44:39,909 [INFO]   Physical correlation: ch1 <-> ch3
2026-06-15 17:44:39,909 [INFO]   Physical correlation: ch1 <-> ch4
2026-06-15 17:44:39,909 [INFO]   Physical correlation: ch1 <-> ch5
2026-06-15 17:44:39,917 [INFO]   Physical correlation: ch1 <-> ch6
2026-06-15 17:44:39,917 [INFO]   Physical correlation: ch2 <-> ch3
2026-06-15 17:44:39,917 [INFO]   Physical correlation: ch2 <-> ch4
2026-06-15 17:44:39,917 [INFO]   Physical correlation: ch2 <-> ch5
2026-06-15 17:44:39,925 [INFO]   Physical correlation: ch2 <-> ch6
2026-06-15 17:44:39,925 [INFO]   Physical correlation: ch3 <-> ch4
2026-06-15 17:44:39,925 [INFO]   Physical correlation: ch3 <-> ch5
2026-06-15 17:44:39,925 [INFO]   Physical correlation: ch3 <-> ch6
2026-06-15 17:44:39,925 [INFO]   Physical correlation: ch4 <-> ch5
2026-06-15 17:44:39,925 [INFO]   Physical correlation: ch4 <-> ch6
2026-06-15 17:44:39,925 [INFO]   Physical correlation: ch5 <-> ch6
2026-06-15 17:44:39,925 [INFO] Initializing virtual mode correlation histograms...
2026-06-15 17:44:39,925 [INFO]   Within-mode (H3): ch1 <-> ch2
2026-06-15 17:44:39,925 [INFO]   Cross-mode: H3 <-> H4
2026-06-15 17:44:39,925 [INFO]   Cross-mode: H3 <-> H5
2026-06-15 17:44:39,933 [INFO]   Within-mode (H4): ch3 <-> ch4
2026-06-15 17:44:39,933 [INFO]   Cross-mode: H4 <-> H5
2026-06-15 17:44:39,933 [INFO]   Within-mode (H5): ch5 <-> ch6
2026-06-15 17:44:39,933 [INFO] Measurement starting for 2.000min / 0.033h
2026-06-15 17:46:57,485 [INFO] Measurements finished.
2026-06-15 17:46:57,485 [INFO] Collecting measurement data...
2026-06-15 17:46:57,485 [INFO] Collecting physical correlation data for (1,2)
2026-06-15 17:46:57,485 [INFO] Collecting physical correlation data for (1,3)
2026-06-15 17:46:57,485 [INFO] Collecting physical correlation data for (1,4)
2026-06-15 17:46:57,493 [INFO] Collecting physical correlation data for (1,5)
2026-06-15 17:46:57,493 [INFO] Collecting physical correlation data for (1,6)
2026-06-15 17:46:57,493 [INFO] Collecting physical correlation data for (2,3)
2026-06-15 17:46:57,501 [INFO] Collecting physical correlation data for (2,4)
2026-06-15 17:46:57,501 [INFO] Collecting physical correlation data for (2,5)
2026-06-15 17:46:57,501 [INFO] Collecting physical correlation data for (2,6)
2026-06-15 17:46:57,517 [INFO] Collecting physical correlation data for (3,4)
2026-06-15 17:46:57,517 [INFO] Collecting physical correlation data for (3,5)
2026-06-15 17:46:57,517 [INFO] Collecting physical correlation data for (3,6)
2026-06-15 17:46:57,526 [INFO] Collecting physical correlation data for (4,5)
2026-06-15 17:46:57,526 [INFO] Collecting physical correlation data for (4,6)
2026-06-15 17:46:57,526 [INFO] Collecting physical correlation data for (5,6)
2026-06-15 17:46:57,534 [INFO] Collecting virtual correlation data for (H3,H3)
2026-06-15 17:46:57,537 [INFO] Collecting virtual correlation data for (H3,H4)
2026-06-15 17:46:57,537 [INFO] Collecting virtual correlation data for (H3,H5)
2026-06-15 17:46:57,537 [INFO] Collecting virtual correlation data for (H4,H4)
2026-06-15 17:46:57,545 [INFO] Collecting virtual correlation data for (H4,H5)
2026-06-15 17:46:57,553 [INFO] Collecting virtual correlation data for (H5,H5)
2026-06-15 17:46:58,109 [INFO] Starting writing data to file.
2026-06-15 17:46:58,214 [INFO] Saved data.
2026-06-15 17:46:58,358 [INFO] Merging 1 chunks into running total...
2026-06-15 17:46:58,358 [INFO] ============================================================
2026-06-15 17:46:58,358 [INFO] STATUS REPORT | Duration: 2.00 min (0.033 h)
2026-06-15 17:46:58,358 [INFO] ============================================================
2026-06-15 17:46:58,358 [INFO] COUNTRATES (Physical):
2026-06-15 17:46:58,366 [INFO]   Ch 1: 1856.6 kHz (total: 205,206,907)
2026-06-15 17:46:58,366 [INFO]   Ch 2: 2395.0 kHz (total: 264,712,163)
2026-06-15 17:46:58,366 [INFO]   Ch 3: 1953.7 kHz (total: 215,942,027)
2026-06-15 17:46:58,366 [INFO]   Ch 4: 1951.6 kHz (total: 215,701,946)
2026-06-15 17:46:58,366 [INFO]   Ch 5: 923.8 kHz (total: 102,104,828)
2026-06-15 17:46:58,366 [INFO]   Ch 6: 885.4 kHz (total: 97,863,607)
2026-06-15 17:46:58,366 [INFO] COUNTRATES (Virtual):
2026-06-15 17:46:58,366 [INFO]   H3: 4251.6 kHz (total: 469,919,070)
2026-06-15 17:46:58,366 [INFO]   H4: 3905.3 kHz (total: 431,643,973)
2026-06-15 17:46:58,366 [INFO]   H5: 1809.2 kHz (total: 199,968,435)
2026-06-15 17:46:58,366 [INFO] ------------------------------------------------------------
2026-06-15 17:46:58,366 [INFO] COINCIDENCES (threshold: 50000)
2026-06-15 17:46:58,374 [INFO] ------------------------------------------------------------
2026-06-15 17:46:58,374 [INFO] Twofold (physical) (Reached Threshold):
2026-06-15 17:46:58,374 [INFO]   (1,2): 9,115,999 Y
2026-06-15 17:46:58,374 [INFO]   (1,3): 7,542,006 Y
2026-06-15 17:46:58,374 [INFO]   (1,4): 7,521,156 Y
2026-06-15 17:46:58,374 [INFO]   (1,5): 3,567,865 Y
2026-06-15 17:46:58,374 [INFO]   (1,6): 3,413,330 Y
2026-06-15 17:46:58,374 [INFO]   (2,3): 9,648,564 Y
2026-06-15 17:46:58,374 [INFO]   (2,4): 9,627,063 Y
2026-06-15 17:46:58,374 [INFO]   (2,5): 4,570,814 Y
2026-06-15 17:46:58,382 [INFO]   (2,6): 4,376,217 Y
2026-06-15 17:46:58,382 [INFO]   (3,4): 7,947,228 Y
2026-06-15 17:46:58,382 [INFO]   (3,5): 3,784,639 Y
2026-06-15 17:46:58,382 [INFO]   (3,6): 3,623,996 Y
2026-06-15 17:46:58,382 [INFO]   (4,5): 3,776,829 Y
2026-06-15 17:46:58,382 [INFO]   (4,6): 3,611,803 Y
2026-06-15 17:46:58,382 [INFO]   (5,6): 1,726,544 Y
2026-06-15 17:46:58,382 [INFO] ============================================================
2026-06-15 17:46:58,382 [INFO] >>> ALL THRESHOLDS REACHED <<<
2026-06-15 17:46:58,382 [INFO] ============================================================
2026-06-15 17:46:58,479 [INFO] Updated merged data: C:\Users\QUANTUM\OneDrive - ENSTA\!Working files\HBT\HBT Data\Tests_Jun\2026-06-15_17-44-18_g2_heralded_virtual\MERGED\17-44-18_2026-06-15_42.6mW_num0_MERGED.pkl
2026-06-15 17:46:58,479 [INFO] >>> THRESHOLD REACHED - STOPPING EARLY <<<
2026-06-15 17:46:58,568 [INFO] Final merged data saved to: C:\Users\QUANTUM\OneDrive - ENSTA\!Working files\HBT\HBT Data\Tests_Jun\2026-06-15_17-44-18_g2_heralded_virtual\MERGED\17-44-18_2026-06-15_42.6mW_num0_MERGED.pkl
2026-06-15 17:46:58,568 [INFO] Total merged duration: 2.00 min
2026-06-15 17:46:58,568 [INFO] Measurement completed in 2.48 min
2026-06-15 17:46:59,427 [INFO] Stage Position: 23
2026-06-15 17:46:59,427 [INFO] Starting chunked acquisition (max 5 chunks / 10.0 min)
2026-06-15 17:46:59,427 [INFO] Chunk duration: 2 min
2026-06-15 17:46:59,427 [INFO] Threshold: 50000 counts, checking every 1 chunks
2026-06-15 17:46:59,471 [INFO] Found 0 connected Time Tagger(s)
2026-06-15 17:47:01,092 [INFO] t:   1 s, Board temperature: 41.2 °C, FPGA temperature: 57.2 °C
2026-06-15 17:47:02,639 [INFO] t:   2 s, Board temperature: 41.1 °C, FPGA temperature: 57.2 °C
2026-06-15 17:47:04,206 [INFO] t:   3 s, Board temperature: 41.2 °C, FPGA temperature: 57.3 °C
2026-06-15 17:47:05,762 [INFO] t:   4 s, Board temperature: 41.2 °C, FPGA temperature: 57.4 °C
2026-06-15 17:47:07,326 [INFO] t:   5 s, Board temperature: 41.2 °C, FPGA temperature: 57.2 °C
2026-06-15 17:47:07,326 [INFO] The Time Tagger is warmed up.
2026-06-15 17:47:07,326 [INFO] Time Tagger initialized.
2026-06-15 17:47:07,326 [INFO] Chunk 1/5 | Elapsed: 2.0 min
2026-06-15 17:47:07,326 [INFO] Initializing experiment on Time Tagger.
2026-06-15 17:47:07,326 [INFO] Deadtime for channel 1: 0 ps
2026-06-15 17:47:07,335 [INFO] Deadtime for channel 2: 0 ps
2026-06-15 17:47:07,335 [INFO] Deadtime for channel 3: 0 ps
2026-06-15 17:47:07,335 [INFO] Deadtime for channel 4: 0 ps
2026-06-15 17:47:07,335 [INFO] Deadtime for channel 5: 0 ps
2026-06-15 17:47:07,335 [INFO] Deadtime for channel 6: 0 ps
2026-06-15 17:47:07,335 [INFO] Delays on channels enabled.
2026-06-15 17:47:07,335 [INFO] Delay for channel 1: requested=0 ps, actual=0 ps
2026-06-15 17:47:07,335 [INFO] Delay for channel 2: requested=-1000 ps, actual=-1000 ps
2026-06-15 17:47:07,335 [INFO] Delay for channel 3: requested=20000 ps, actual=20000 ps
2026-06-15 17:47:07,343 [INFO] Delay for channel 4: requested=16500 ps, actual=16500 ps
2026-06-15 17:47:07,343 [INFO] Delay for channel 5: requested=17800 ps, actual=17800 ps
2026-06-15 17:47:07,343 [INFO] Delay for channel 6: requested=17300 ps, actual=17300 ps
2026-06-15 17:47:07,343 [INFO] Executing synchronized correlation measurement.
2026-06-15 17:47:07,343 [INFO] Delays on channels enabled.
2026-06-15 17:47:07,343 [INFO] Delay for channel 1: requested=0 ps, actual=0 ps.
2026-06-15 17:47:07,343 [INFO] Delay for channel 2: requested=-1000 ps, actual=-1000 ps.
2026-06-15 17:47:07,343 [INFO] Delay for channel 3: requested=20000 ps, actual=20000 ps.
2026-06-15 17:47:07,353 [INFO] Delay for channel 4: requested=16500 ps, actual=16500 ps.
2026-06-15 17:47:07,353 [INFO] Delay for channel 5: requested=17800 ps, actual=17800 ps.
2026-06-15 17:47:07,353 [INFO] Delay for channel 6: requested=17300 ps, actual=17300 ps.
2026-06-15 17:47:07,353 [INFO] Initializing measurement with virtual mode channels for ALL heralding permutations.
2026-06-15 17:47:07,353 [INFO] Automatically generated modes from input: {'H3': [1, 2], 'H4': [3, 4], 'H5': [5, 6]}
2026-06-15 17:47:07,353 [INFO] Setting up virtual channels...
2026-06-15 17:47:07,353 [INFO] Initializing physical channel correlation histograms...
2026-06-15 17:47:07,353 [INFO]   Physical correlation: ch1 <-> ch2
2026-06-15 17:47:07,361 [INFO]   Physical correlation: ch1 <-> ch3
2026-06-15 17:47:07,361 [INFO]   Physical correlation: ch1 <-> ch4
2026-06-15 17:47:07,361 [INFO]   Physical correlation: ch1 <-> ch5
2026-06-15 17:47:07,379 [INFO]   Physical correlation: ch1 <-> ch6
2026-06-15 17:47:07,379 [INFO]   Physical correlation: ch2 <-> ch3
2026-06-15 17:47:07,379 [INFO]   Physical correlation: ch2 <-> ch4
2026-06-15 17:47:07,387 [INFO]   Physical correlation: ch2 <-> ch5
2026-06-15 17:47:07,388 [INFO]   Physical correlation: ch2 <-> ch6
2026-06-15 17:47:07,388 [INFO]   Physical correlation: ch3 <-> ch4
2026-06-15 17:47:07,388 [INFO]   Physical correlation: ch3 <-> ch5
2026-06-15 17:47:07,388 [INFO]   Physical correlation: ch3 <-> ch6
2026-06-15 17:47:07,388 [INFO]   Physical correlation: ch4 <-> ch5
2026-06-15 17:47:07,393 [INFO]   Physical correlation: ch4 <-> ch6
2026-06-15 17:47:07,393 [INFO]   Physical correlation: ch5 <-> ch6
2026-06-15 17:47:07,393 [INFO] Initializing virtual mode correlation histograms...
2026-06-15 17:47:07,393 [INFO]   Within-mode (H3): ch1 <-> ch2
2026-06-15 17:47:07,393 [INFO]   Cross-mode: H3 <-> H4
2026-06-15 17:47:07,393 [INFO]   Cross-mode: H3 <-> H5
2026-06-15 17:47:07,393 [INFO]   Within-mode (H4): ch3 <-> ch4
2026-06-15 17:47:07,393 [INFO]   Cross-mode: H4 <-> H5
2026-06-15 17:47:07,401 [INFO]   Within-mode (H5): ch5 <-> ch6
2026-06-15 17:47:07,401 [INFO] Measurement starting for 2.000min / 0.033h
2026-06-15 17:49:32,132 [INFO] Measurements finished.
2026-06-15 17:49:32,132 [INFO] Collecting measurement data...
2026-06-15 17:49:32,132 [INFO] Collecting physical correlation data for (1,2)
2026-06-15 17:49:32,132 [INFO] Collecting physical correlation data for (1,3)
2026-06-15 17:49:32,140 [INFO] Collecting physical correlation data for (1,4)
2026-06-15 17:49:32,144 [INFO] Collecting physical correlation data for (1,5)
2026-06-15 17:49:32,144 [INFO] Collecting physical correlation data for (1,6)
2026-06-15 17:49:32,144 [INFO] Collecting physical correlation data for (2,3)
2026-06-15 17:49:32,152 [INFO] Collecting physical correlation data for (2,4)
2026-06-15 17:49:32,152 [INFO] Collecting physical correlation data for (2,5)
2026-06-15 17:49:32,152 [INFO] Collecting physical correlation data for (2,6)
2026-06-15 17:49:32,160 [INFO] Collecting physical correlation data for (3,4)
2026-06-15 17:49:32,160 [INFO] Collecting physical correlation data for (3,5)
2026-06-15 17:49:32,160 [INFO] Collecting physical correlation data for (3,6)
2026-06-15 17:49:32,168 [INFO] Collecting physical correlation data for (4,5)
2026-06-15 17:49:32,168 [INFO] Collecting physical correlation data for (4,6)
2026-06-15 17:49:32,177 [INFO] Collecting physical correlation data for (5,6)
2026-06-15 17:49:32,177 [INFO] Collecting virtual correlation data for (H3,H3)
2026-06-15 17:49:32,177 [INFO] Collecting virtual correlation data for (H3,H4)
2026-06-15 17:49:32,185 [INFO] Collecting virtual correlation data for (H3,H5)
2026-06-15 17:49:32,193 [INFO] Collecting virtual correlation data for (H4,H4)
2026-06-15 17:49:32,193 [INFO] Collecting virtual correlation data for (H4,H5)
2026-06-15 17:49:32,201 [INFO] Collecting virtual correlation data for (H5,H5)
2026-06-15 17:49:33,038 [INFO] Starting writing data to file.
2026-06-15 17:49:33,160 [INFO] Saved data.
2026-06-15 17:49:33,333 [INFO] Merging 1 chunks into running total...
2026-06-15 17:49:33,333 [INFO] ============================================================
2026-06-15 17:49:33,333 [INFO] STATUS REPORT | Duration: 2.00 min (0.033 h)
2026-06-15 17:49:33,333 [INFO] ============================================================
2026-06-15 17:49:33,333 [INFO] COUNTRATES (Physical):
2026-06-15 17:49:33,333 [INFO]   Ch 1: 1576.0 kHz (total: 188,623,428)
2026-06-15 17:49:33,333 [INFO]   Ch 2: 2026.1 kHz (total: 242,493,575)
2026-06-15 17:49:33,333 [INFO]   Ch 3: 1572.3 kHz (total: 188,179,183)
2026-06-15 17:49:33,341 [INFO]   Ch 4: 1568.0 kHz (total: 187,666,783)
2026-06-15 17:49:33,341 [INFO]   Ch 5: 706.7 kHz (total: 84,587,108)
2026-06-15 17:49:33,341 [INFO]   Ch 6: 682.0 kHz (total: 81,624,163)
2026-06-15 17:49:33,341 [INFO] COUNTRATES (Virtual):
2026-06-15 17:49:33,341 [INFO]   H3: 3602.1 kHz (total: 431,117,003)
2026-06-15 17:49:33,341 [INFO]   H4: 3140.3 kHz (total: 375,845,966)
2026-06-15 17:49:33,341 [INFO]   H5: 1388.7 kHz (total: 166,211,271)
2026-06-15 17:49:33,341 [INFO] ------------------------------------------------------------
2026-06-15 17:49:33,341 [INFO] COINCIDENCES (threshold: 50000)
2026-06-15 17:49:33,341 [INFO] ------------------------------------------------------------
2026-06-15 17:49:33,341 [INFO] Twofold (physical) (Reached Threshold):
2026-06-15 17:49:33,349 [INFO]   (1,2): 9,104,703 Y
2026-06-15 17:49:33,349 [INFO]   (1,3): 7,170,548 Y
2026-06-15 17:49:33,349 [INFO]   (1,4): 7,142,113 Y
2026-06-15 17:49:33,349 [INFO]   (1,5): 3,226,807 Y
2026-06-15 17:49:33,349 [INFO]   (1,6): 3,095,118 Y
2026-06-15 17:49:33,349 [INFO]   (2,3): 9,169,992 Y
2026-06-15 17:49:33,349 [INFO]   (2,4): 9,132,301 Y
2026-06-15 17:49:33,349 [INFO]   (2,5): 4,132,250 Y
2026-06-15 17:49:33,349 [INFO]   (2,6): 3,968,949 Y
2026-06-15 17:49:33,349 [INFO]   (3,4): 7,178,959 Y
2026-06-15 17:49:33,349 [INFO]   (3,5): 3,256,987 Y
2026-06-15 17:49:33,349 [INFO]   (3,6): 3,125,718 Y
2026-06-15 17:49:33,349 [INFO]   (4,5): 3,245,571 Y
2026-06-15 17:49:33,359 [INFO]   (4,6): 3,116,718 Y
2026-06-15 17:49:33,359 [INFO]   (5,6): 1,415,828 Y
2026-06-15 17:49:33,359 [INFO] ============================================================
2026-06-15 17:49:33,359 [INFO] >>> ALL THRESHOLDS REACHED <<<
2026-06-15 17:49:33,359 [INFO] ============================================================
2026-06-15 17:49:33,461 [INFO] Updated merged data: C:\Users\QUANTUM\OneDrive - ENSTA\!Working files\HBT\HBT Data\Tests_Jun\2026-06-15_17-44-18_g2_heralded_virtual\MERGED\17-44-18_2026-06-15_39.4mW_num0_MERGED.pkl
2026-06-15 17:49:33,461 [INFO] >>> THRESHOLD REACHED - STOPPING EARLY <<<
2026-06-15 17:49:33,580 [INFO] Final merged data saved to: C:\Users\QUANTUM\OneDrive - ENSTA\!Working files\HBT\HBT Data\Tests_Jun\2026-06-15_17-44-18_g2_heralded_virtual\MERGED\17-44-18_2026-06-15_39.4mW_num0_MERGED.pkl
2026-06-15 17:49:33,580 [INFO] Total merged duration: 2.00 min
2026-06-15 17:49:33,580 [INFO] Measurement completed in 2.58 min
2026-06-15 17:49:34,895 [INFO] Stage Position: 26
2026-06-15 17:49:34,895 [INFO] Starting chunked acquisition (max 5 chunks / 10.0 min)
2026-06-15 17:49:34,895 [INFO] Chunk duration: 2 min
2026-06-15 17:49:34,895 [INFO] Threshold: 50000 counts, checking every 1 chunks
2026-06-15 17:49:34,937 [INFO] Found 0 connected Time Tagger(s)
2026-06-15 17:49:36,558 [INFO] t:   1 s, Board temperature: 41.2 °C, FPGA temperature: 57.4 °C
2026-06-15 17:49:38,121 [INFO] t:   2 s, Board temperature: 41.2 °C, FPGA temperature: 57.3 °C
2026-06-15 17:49:39,670 [INFO] t:   3 s, Board temperature: 41.1 °C, FPGA temperature: 57.4 °C
2026-06-15 17:49:41,232 [INFO] t:   4 s, Board temperature: 41.2 °C, FPGA temperature: 57.4 °C
2026-06-15 17:49:42,805 [INFO] t:   5 s, Board temperature: 41.2 °C, FPGA temperature: 57.2 °C
2026-06-15 17:49:42,805 [INFO] The Time Tagger is warmed up.
2026-06-15 17:49:42,805 [INFO] Time Tagger initialized.
2026-06-15 17:49:42,805 [INFO] Chunk 1/5 | Elapsed: 2.0 min
2026-06-15 17:49:42,805 [INFO] Initializing experiment on Time Tagger.
2026-06-15 17:49:42,805 [INFO] Deadtime for channel 1: 0 ps
2026-06-15 17:49:42,805 [INFO] Deadtime for channel 2: 0 ps
2026-06-15 17:49:42,805 [INFO] Deadtime for channel 3: 0 ps
2026-06-15 17:49:42,805 [INFO] Deadtime for channel 4: 0 ps
2026-06-15 17:49:42,813 [INFO] Deadtime for channel 5: 0 ps
2026-06-15 17:49:42,813 [INFO] Deadtime for channel 6: 0 ps
2026-06-15 17:49:42,815 [INFO] Delays on channels enabled.
2026-06-15 17:49:42,816 [INFO] Delay for channel 1: requested=0 ps, actual=0 ps
2026-06-15 17:49:42,816 [INFO] Delay for channel 2: requested=-1000 ps, actual=-1000 ps
2026-06-15 17:49:42,816 [INFO] Delay for channel 3: requested=20000 ps, actual=20000 ps
2026-06-15 17:49:42,816 [INFO] Delay for channel 4: requested=16500 ps, actual=16500 ps
2026-06-15 17:49:42,824 [INFO] Delay for channel 5: requested=17800 ps, actual=17800 ps
2026-06-15 17:49:42,824 [INFO] Delay for channel 6: requested=17300 ps, actual=17300 ps
2026-06-15 17:49:42,824 [INFO] Executing synchronized correlation measurement.
2026-06-15 17:49:42,824 [INFO] Delays on channels enabled.
2026-06-15 17:49:42,824 [INFO] Delay for channel 1: requested=0 ps, actual=0 ps.
2026-06-15 17:49:42,824 [INFO] Delay for channel 2: requested=-1000 ps, actual=-1000 ps.
2026-06-15 17:49:42,824 [INFO] Delay for channel 3: requested=20000 ps, actual=20000 ps.
2026-06-15 17:49:42,832 [INFO] Delay for channel 4: requested=16500 ps, actual=16500 ps.
2026-06-15 17:49:42,832 [INFO] Delay for channel 5: requested=17800 ps, actual=17800 ps.
2026-06-15 17:49:42,832 [INFO] Delay for channel 6: requested=17300 ps, actual=17300 ps.
2026-06-15 17:49:42,832 [INFO] Initializing measurement with virtual mode channels for ALL heralding permutations.
2026-06-15 17:49:42,832 [INFO] Automatically generated modes from input: {'H3': [1, 2], 'H4': [3, 4], 'H5': [5, 6]}
2026-06-15 17:49:42,832 [INFO] Setting up virtual channels...
2026-06-15 17:49:42,832 [INFO] Initializing physical channel correlation histograms...
2026-06-15 17:49:42,832 [INFO]   Physical correlation: ch1 <-> ch2
2026-06-15 17:49:42,840 [INFO]   Physical correlation: ch1 <-> ch3
2026-06-15 17:49:42,840 [INFO]   Physical correlation: ch1 <-> ch4
2026-06-15 17:49:42,840 [INFO]   Physical correlation: ch1 <-> ch5
2026-06-15 17:49:42,840 [INFO]   Physical correlation: ch1 <-> ch6
2026-06-15 17:49:42,840 [INFO]   Physical correlation: ch2 <-> ch3
2026-06-15 17:49:42,840 [INFO]   Physical correlation: ch2 <-> ch4
2026-06-15 17:49:42,840 [INFO]   Physical correlation: ch2 <-> ch5
2026-06-15 17:49:42,840 [INFO]   Physical correlation: ch2 <-> ch6
2026-06-15 17:49:42,840 [INFO]   Physical correlation: ch3 <-> ch4
2026-06-15 17:49:42,840 [INFO]   Physical correlation: ch3 <-> ch5
2026-06-15 17:49:42,848 [INFO]   Physical correlation: ch3 <-> ch6
2026-06-15 17:49:42,848 [INFO]   Physical correlation: ch4 <-> ch5
2026-06-15 17:49:42,848 [INFO]   Physical correlation: ch4 <-> ch6
2026-06-15 17:49:42,848 [INFO]   Physical correlation: ch5 <-> ch6
2026-06-15 17:49:42,848 [INFO] Initializing virtual mode correlation histograms...
2026-06-15 17:49:42,848 [INFO]   Within-mode (H3): ch1 <-> ch2
2026-06-15 17:49:42,848 [INFO]   Cross-mode: H3 <-> H4
2026-06-15 17:49:42,848 [INFO]   Cross-mode: H3 <-> H5
2026-06-15 17:49:42,856 [INFO]   Within-mode (H4): ch3 <-> ch4
2026-06-15 17:49:42,856 [INFO]   Cross-mode: H4 <-> H5
2026-06-15 17:49:42,856 [INFO]   Within-mode (H5): ch5 <-> ch6
2026-06-15 17:49:42,856 [INFO] Measurement starting for 2.000min / 0.033h
2026-06-15 17:51:51,043 [INFO] Measurements finished.
2026-06-15 17:51:51,043 [INFO] Collecting measurement data...
2026-06-15 17:51:51,043 [INFO] Collecting physical correlation data for (1,2)
2026-06-15 17:51:51,043 [INFO] Collecting physical correlation data for (1,3)
2026-06-15 17:51:51,052 [INFO] Collecting physical correlation data for (1,4)
2026-06-15 17:51:51,052 [INFO] Collecting physical correlation data for (1,5)
2026-06-15 17:51:51,060 [INFO] Collecting physical correlation data for (1,6)
2026-06-15 17:51:51,060 [INFO] Collecting physical correlation data for (2,3)
2026-06-15 17:51:51,065 [INFO] Collecting physical correlation data for (2,4)
2026-06-15 17:51:51,065 [INFO] Collecting physical correlation data for (2,5)
2026-06-15 17:51:51,073 [INFO] Collecting physical correlation data for (2,6)
2026-06-15 17:51:51,073 [INFO] Collecting physical correlation data for (3,4)
2026-06-15 17:51:51,073 [INFO] Collecting physical correlation data for (3,5)
2026-06-15 17:51:51,081 [INFO] Collecting physical correlation data for (3,6)
2026-06-15 17:51:51,081 [INFO] Collecting physical correlation data for (4,5)
2026-06-15 17:51:51,089 [INFO] Collecting physical correlation data for (4,6)
2026-06-15 17:51:51,089 [INFO] Collecting physical correlation data for (5,6)
2026-06-15 17:51:51,089 [INFO] Collecting virtual correlation data for (H3,H3)
2026-06-15 17:51:51,098 [INFO] Collecting virtual correlation data for (H3,H4)
2026-06-15 17:51:51,098 [INFO] Collecting virtual correlation data for (H3,H5)
2026-06-15 17:51:51,106 [INFO] Collecting virtual correlation data for (H4,H4)
2026-06-15 17:51:51,106 [INFO] Collecting virtual correlation data for (H4,H5)
2026-06-15 17:51:51,106 [INFO] Collecting virtual correlation data for (H5,H5)
2026-06-15 17:51:51,540 [INFO] Starting writing data to file.
2026-06-15 17:51:51,642 [INFO] Saved data.
2026-06-15 17:51:51,807 [INFO] Merging 1 chunks into running total...
2026-06-15 17:51:51,807 [INFO] ============================================================
2026-06-15 17:51:51,807 [INFO] STATUS REPORT | Duration: 2.00 min (0.033 h)
2026-06-15 17:51:51,807 [INFO] ============================================================
2026-06-15 17:51:51,815 [INFO] COUNTRATES (Physical):
2026-06-15 17:51:51,815 [INFO]   Ch 1: 827.5 kHz (total: 99,294,301)
2026-06-15 17:51:51,815 [INFO]   Ch 2: 1060.2 kHz (total: 127,221,119)
2026-06-15 17:51:51,815 [INFO]   Ch 3: 665.6 kHz (total: 79,877,197)
2026-06-15 17:51:51,815 [INFO]   Ch 4: 662.7 kHz (total: 79,521,101)
2026-06-15 17:51:51,815 [INFO]   Ch 5: 246.3 kHz (total: 29,550,967)
2026-06-15 17:51:51,815 [INFO]   Ch 6: 240.5 kHz (total: 28,860,644)
2026-06-15 17:51:51,815 [INFO] COUNTRATES (Virtual):
2026-06-15 17:51:51,815 [INFO]   H3: 1887.6 kHz (total: 226,515,420)
2026-06-15 17:51:51,815 [INFO]   H4: 1328.3 kHz (total: 159,398,298)
2026-06-15 17:51:51,815 [INFO]   H5: 486.8 kHz (total: 58,411,611)
2026-06-15 17:51:51,815 [INFO] ------------------------------------------------------------
2026-06-15 17:51:51,823 [INFO] COINCIDENCES (threshold: 50000)
2026-06-15 17:51:51,824 [INFO] ------------------------------------------------------------
2026-06-15 17:51:51,824 [INFO] Twofold (physical) (Reached Threshold):
2026-06-15 17:51:51,824 [INFO]   (1,2): 6,014,945 Y
2026-06-15 17:51:51,824 [INFO]   (1,3): 3,854,257 Y
2026-06-15 17:51:51,824 [INFO]   (1,4): 3,831,141 Y
2026-06-15 17:51:51,824 [INFO]   (1,5): 1,432,486 Y
2026-06-15 17:51:51,824 [INFO]   (1,6): 1,397,552 Y
2026-06-15 17:51:51,824 [INFO]   (2,3): 4,887,831 Y
2026-06-15 17:51:51,824 [INFO]   (2,4): 4,856,043 Y
2026-06-15 17:51:51,824 [INFO]   (2,5): 1,817,408 Y
2026-06-15 17:51:51,824 [INFO]   (2,6): 1,774,901 Y
2026-06-15 17:51:51,832 [INFO]   (3,4): 3,105,916 Y
2026-06-15 17:51:51,832 [INFO]   (3,5): 1,167,124 Y
2026-06-15 17:51:51,832 [INFO]   (3,6): 1,137,269 Y
2026-06-15 17:51:51,832 [INFO]   (4,5): 1,157,999 Y
2026-06-15 17:51:51,832 [INFO]   (4,6): 1,129,481 Y
2026-06-15 17:51:51,832 [INFO]   (5,6): 425,182 Y
2026-06-15 17:51:51,832 [INFO] ============================================================
2026-06-15 17:51:51,832 [INFO] >>> ALL THRESHOLDS REACHED <<<
2026-06-15 17:51:51,832 [INFO] ============================================================
2026-06-15 17:51:51,915 [INFO] Updated merged data: C:\Users\QUANTUM\OneDrive - ENSTA\!Working files\HBT\HBT Data\Tests_Jun\2026-06-15_17-44-18_g2_heralded_virtual\MERGED\17-44-18_2026-06-15_30mW_num0_MERGED.pkl
2026-06-15 17:51:51,915 [INFO] >>> THRESHOLD REACHED - STOPPING EARLY <<<
2026-06-15 17:51:52,014 [INFO] Final merged data saved to: C:\Users\QUANTUM\OneDrive - ENSTA\!Working files\HBT\HBT Data\Tests_Jun\2026-06-15_17-44-18_g2_heralded_virtual\MERGED\17-44-18_2026-06-15_30mW_num0_MERGED.pkl
2026-06-15 17:51:52,014 [INFO] Total merged duration: 2.00 min
2026-06-15 17:51:52,014 [INFO] Measurement completed in 2.31 min
2026-06-15 17:51:53,332 [INFO] Stage Position: 29
2026-06-15 17:51:53,332 [INFO] Starting chunked acquisition (max 5 chunks / 10.0 min)
2026-06-15 17:51:53,332 [INFO] Chunk duration: 2 min
2026-06-15 17:51:53,332 [INFO] Threshold: 50000 counts, checking every 1 chunks
2026-06-15 17:51:53,386 [INFO] Found 0 connected Time Tagger(s)
2026-06-15 17:51:55,009 [INFO] t:   1 s, Board temperature: 41.1 °C, FPGA temperature: 57.2 °C
2026-06-15 17:51:56,566 [INFO] t:   2 s, Board temperature: 41.1 °C, FPGA temperature: 57.2 °C
2026-06-15 17:51:58,121 [INFO] t:   3 s, Board temperature: 41.1 °C, FPGA temperature: 57.2 °C
2026-06-15 17:51:59,682 [INFO] t:   4 s, Board temperature: 41.2 °C, FPGA temperature: 57.1 °C
2026-06-15 17:52:01,238 [INFO] t:   5 s, Board temperature: 41.2 °C, FPGA temperature: 57.1 °C
2026-06-15 17:52:01,238 [INFO] The Time Tagger is warmed up.
2026-06-15 17:52:01,238 [INFO] Time Tagger initialized.
2026-06-15 17:52:01,238 [INFO] Chunk 1/5 | Elapsed: 2.0 min
2026-06-15 17:52:01,238 [INFO] Initializing experiment on Time Tagger.
2026-06-15 17:52:01,238 [INFO] Deadtime for channel 1: 0 ps
2026-06-15 17:52:01,238 [INFO] Deadtime for channel 2: 0 ps
2026-06-15 17:52:01,238 [INFO] Deadtime for channel 3: 0 ps
2026-06-15 17:52:01,238 [INFO] Deadtime for channel 4: 0 ps
2026-06-15 17:52:01,246 [INFO] Deadtime for channel 5: 0 ps
2026-06-15 17:52:01,246 [INFO] Deadtime for channel 6: 0 ps
2026-06-15 17:52:01,246 [INFO] Delays on channels enabled.
2026-06-15 17:52:01,246 [INFO] Delay for channel 1: requested=0 ps, actual=0 ps
2026-06-15 17:52:01,246 [INFO] Delay for channel 2: requested=-1000 ps, actual=-1000 ps
2026-06-15 17:52:01,246 [INFO] Delay for channel 3: requested=20000 ps, actual=20000 ps
2026-06-15 17:52:01,246 [INFO] Delay for channel 4: requested=16500 ps, actual=16500 ps
2026-06-15 17:52:01,246 [INFO] Delay for channel 5: requested=17800 ps, actual=17800 ps
2026-06-15 17:52:01,246 [INFO] Delay for channel 6: requested=17300 ps, actual=17300 ps
2026-06-15 17:52:01,246 [INFO] Executing synchronized correlation measurement.
2026-06-15 17:52:01,246 [INFO] Delays on channels enabled.
2026-06-15 17:52:01,254 [INFO] Delay for channel 1: requested=0 ps, actual=0 ps.
2026-06-15 17:52:01,254 [INFO] Delay for channel 2: requested=-1000 ps, actual=-1000 ps.
2026-06-15 17:52:01,254 [INFO] Delay for channel 3: requested=20000 ps, actual=20000 ps.
2026-06-15 17:52:01,254 [INFO] Delay for channel 4: requested=16500 ps, actual=16500 ps.
2026-06-15 17:52:01,254 [INFO] Delay for channel 5: requested=17800 ps, actual=17800 ps.
2026-06-15 17:52:01,254 [INFO] Delay for channel 6: requested=17300 ps, actual=17300 ps.
2026-06-15 17:52:01,254 [INFO] Initializing measurement with virtual mode channels for ALL heralding permutations.
2026-06-15 17:52:01,254 [INFO] Automatically generated modes from input: {'H3': [1, 2], 'H4': [3, 4], 'H5': [5, 6]}
2026-06-15 17:52:01,254 [INFO] Setting up virtual channels...
2026-06-15 17:52:01,254 [INFO] Initializing physical channel correlation histograms...
2026-06-15 17:52:01,254 [INFO]   Physical correlation: ch1 <-> ch2
2026-06-15 17:52:01,254 [INFO]   Physical correlation: ch1 <-> ch3
2026-06-15 17:52:01,262 [INFO]   Physical correlation: ch1 <-> ch4
2026-06-15 17:52:01,262 [INFO]   Physical correlation: ch1 <-> ch5
2026-06-15 17:52:01,262 [INFO]   Physical correlation: ch1 <-> ch6
2026-06-15 17:52:01,262 [INFO]   Physical correlation: ch2 <-> ch3
2026-06-15 17:52:01,262 [INFO]   Physical correlation: ch2 <-> ch4
2026-06-15 17:52:01,262 [INFO]   Physical correlation: ch2 <-> ch5
2026-06-15 17:52:01,262 [INFO]   Physical correlation: ch2 <-> ch6
2026-06-15 17:52:01,262 [INFO]   Physical correlation: ch3 <-> ch4
2026-06-15 17:52:01,262 [INFO]   Physical correlation: ch3 <-> ch5
2026-06-15 17:52:01,269 [INFO]   Physical correlation: ch3 <-> ch6
2026-06-15 17:52:01,269 [INFO]   Physical correlation: ch4 <-> ch5
2026-06-15 17:52:01,269 [INFO]   Physical correlation: ch4 <-> ch6
2026-06-15 17:52:01,269 [INFO]   Physical correlation: ch5 <-> ch6
2026-06-15 17:52:01,269 [INFO] Initializing virtual mode correlation histograms...
2026-06-15 17:52:01,269 [INFO]   Within-mode (H3): ch1 <-> ch2
2026-06-15 17:52:01,269 [INFO]   Cross-mode: H3 <-> H4
2026-06-15 17:52:01,269 [INFO]   Cross-mode: H3 <-> H5
2026-06-15 17:52:01,269 [INFO]   Within-mode (H4): ch3 <-> ch4
2026-06-15 17:52:01,269 [INFO]   Cross-mode: H4 <-> H5
2026-06-15 17:52:01,269 [INFO]   Within-mode (H5): ch5 <-> ch6
2026-06-15 17:52:01,277 [INFO] Measurement starting for 2.000min / 0.033h
2026-06-15 17:54:01,426 [INFO] Measurements finished.
2026-06-15 17:54:01,426 [INFO] Collecting measurement data...
2026-06-15 17:54:01,426 [INFO] Collecting physical correlation data for (1,2)
2026-06-15 17:54:01,435 [INFO] Collecting physical correlation data for (1,3)
2026-06-15 17:54:01,439 [INFO] Collecting physical correlation data for (1,4)
2026-06-15 17:54:01,439 [INFO] Collecting physical correlation data for (1,5)
2026-06-15 17:54:01,442 [INFO] Collecting physical correlation data for (1,6)
2026-06-15 17:54:01,442 [INFO] Collecting physical correlation data for (2,3)
2026-06-15 17:54:01,442 [INFO] Collecting physical correlation data for (2,4)
2026-06-15 17:54:01,450 [INFO] Collecting physical correlation data for (2,5)
2026-06-15 17:54:01,450 [INFO] Collecting physical correlation data for (2,6)
2026-06-15 17:54:01,450 [INFO] Collecting physical correlation data for (3,4)
2026-06-15 17:54:01,458 [INFO] Collecting physical correlation data for (3,5)
2026-06-15 17:54:01,458 [INFO] Collecting physical correlation data for (3,6)
2026-06-15 17:54:01,458 [INFO] Collecting physical correlation data for (4,5)
2026-06-15 17:54:01,458 [INFO] Collecting physical correlation data for (4,6)
2026-06-15 17:54:01,467 [INFO] Collecting physical correlation data for (5,6)
2026-06-15 17:54:01,467 [INFO] Collecting virtual correlation data for (H3,H3)
2026-06-15 17:54:01,470 [INFO] Collecting virtual correlation data for (H3,H4)
2026-06-15 17:54:01,470 [INFO] Collecting virtual correlation data for (H3,H5)
2026-06-15 17:54:01,470 [INFO] Collecting virtual correlation data for (H4,H4)
2026-06-15 17:54:01,478 [INFO] Collecting virtual correlation data for (H4,H5)
2026-06-15 17:54:01,479 [INFO] Collecting virtual correlation data for (H5,H5)
2026-06-15 17:54:01,508 [INFO] Starting writing data to file.
2026-06-15 17:54:01,601 [INFO] Saved data.
2026-06-15 17:54:01,745 [INFO] Merging 1 chunks into running total...
2026-06-15 17:54:01,745 [INFO] ============================================================
2026-06-15 17:54:01,745 [INFO] STATUS REPORT | Duration: 2.00 min (0.033 h)
2026-06-15 17:54:01,745 [INFO] ============================================================
2026-06-15 17:54:01,745 [INFO] COUNTRATES (Physical):
2026-06-15 17:54:01,753 [INFO]   Ch 1: 321.0 kHz (total: 38,520,805)
2026-06-15 17:54:01,753 [INFO]   Ch 2: 413.2 kHz (total: 49,589,825)
2026-06-15 17:54:01,753 [INFO]   Ch 3: 186.5 kHz (total: 22,376,862)
2026-06-15 17:54:01,753 [INFO]   Ch 4: 185.8 kHz (total: 22,297,418)
2026-06-15 17:54:01,753 [INFO]   Ch 5: 52.2 kHz (total: 6,268,640)
2026-06-15 17:54:01,753 [INFO]   Ch 6: 51.3 kHz (total: 6,155,772)
2026-06-15 17:54:01,753 [INFO] COUNTRATES (Virtual):
2026-06-15 17:54:01,753 [INFO]   H3: 734.3 kHz (total: 88,110,630)
2026-06-15 17:54:01,753 [INFO]   H4: 372.3 kHz (total: 44,674,280)
2026-06-15 17:54:01,753 [INFO]   H5: 103.5 kHz (total: 12,424,412)
2026-06-15 17:54:01,753 [INFO] ------------------------------------------------------------
2026-06-15 17:54:01,761 [INFO] COINCIDENCES (threshold: 50000)
2026-06-15 17:54:01,761 [INFO] ------------------------------------------------------------
2026-06-15 17:54:01,761 [INFO] Twofold (physical) (Reached Threshold):
2026-06-15 17:54:01,761 [INFO]   (1,2): 918,928 Y
2026-06-15 17:54:01,761 [INFO]   (1,3): 423,617 Y
2026-06-15 17:54:01,761 [INFO]   (1,4): 421,843 Y
2026-06-15 17:54:01,761 [INFO]   (1,5): 120,322 Y
2026-06-15 17:54:01,761 [INFO]   (1,6): 117,306 Y
2026-06-15 17:54:01,761 [INFO]   (2,3): 542,182 Y
2026-06-15 17:54:01,761 [INFO]   (2,4): 538,385 Y
2026-06-15 17:54:01,761 [INFO]   (2,5): 152,494 Y
2026-06-15 17:54:01,761 [INFO]   (2,6): 150,342 Y
2026-06-15 17:54:01,770 [INFO]   (3,4): 248,924 Y
2026-06-15 17:54:01,770 [INFO]   (3,5): 70,511 Y
2026-06-15 17:54:01,770 [INFO]   (3,6): 69,266 Y
2026-06-15 17:54:01,770 [INFO]   (4,5): 70,153 Y
2026-06-15 17:54:01,770 [INFO]   (4,6): 69,182 Y
2026-06-15 17:54:01,770 [INFO]   (5,6): 19,763 X
2026-06-15 17:54:01,770 [INFO] ============================================================
2026-06-15 17:54:01,770 [INFO] >>> 1 combination(s) below threshold <<<
2026-06-15 17:54:01,775 [INFO] ============================================================
2026-06-15 17:54:01,855 [INFO] Updated merged data: C:\Users\QUANTUM\OneDrive - ENSTA\!Working files\HBT\HBT Data\Tests_Jun\2026-06-15_17-44-18_g2_heralded_virtual\MERGED\17-44-18_2026-06-15_21mW_num0_MERGED.pkl
2026-06-15 17:54:01,896 [INFO] Found 0 connected Time Tagger(s)
2026-06-15 17:54:03,494 [INFO] t:   1 s, Board temperature: 41.1 °C, FPGA temperature: 56.9 °C
2026-06-15 17:54:05,062 [INFO] t:   2 s, Board temperature: 41.1 °C, FPGA temperature: 57.0 °C
2026-06-15 17:54:06,627 [INFO] t:   3 s, Board temperature: 41.0 °C, FPGA temperature: 57.0 °C
2026-06-15 17:54:08,182 [INFO] t:   4 s, Board temperature: 40.9 °C, FPGA temperature: 57.1 °C
2026-06-15 17:54:09,745 [INFO] t:   5 s, Board temperature: 40.9 °C, FPGA temperature: 57.1 °C
2026-06-15 17:54:09,745 [INFO] The Time Tagger is warmed up.
2026-06-15 17:54:09,745 [INFO] Time Tagger initialized.
2026-06-15 17:54:09,745 [INFO] Chunk 2/5 | Elapsed: 4.0 min
2026-06-15 17:54:09,745 [INFO] Initializing experiment on Time Tagger.
2026-06-15 17:54:09,745 [INFO] Deadtime for channel 1: 0 ps
2026-06-15 17:54:09,745 [INFO] Deadtime for channel 2: 0 ps
2026-06-15 17:54:09,745 [INFO] Deadtime for channel 3: 0 ps
2026-06-15 17:54:09,745 [INFO] Deadtime for channel 4: 0 ps
2026-06-15 17:54:09,745 [INFO] Deadtime for channel 5: 0 ps
2026-06-15 17:54:09,753 [INFO] Deadtime for channel 6: 0 ps
2026-06-15 17:54:09,753 [INFO] Delays on channels enabled.
2026-06-15 17:54:09,753 [INFO] Delay for channel 1: requested=0 ps, actual=0 ps
2026-06-15 17:54:09,753 [INFO] Delay for channel 2: requested=-1000 ps, actual=-1000 ps
2026-06-15 17:54:09,753 [INFO] Delay for channel 3: requested=20000 ps, actual=20000 ps
2026-06-15 17:54:09,753 [INFO] Delay for channel 4: requested=16500 ps, actual=16500 ps
2026-06-15 17:54:09,753 [INFO] Delay for channel 5: requested=17800 ps, actual=17800 ps
2026-06-15 17:54:09,753 [INFO] Delay for channel 6: requested=17300 ps, actual=17300 ps
2026-06-15 17:54:09,753 [INFO] Executing synchronized correlation measurement.
2026-06-15 17:54:09,753 [INFO] Delays on channels enabled.
2026-06-15 17:54:09,753 [INFO] Delay for channel 1: requested=0 ps, actual=0 ps.
2026-06-15 17:54:09,753 [INFO] Delay for channel 2: requested=-1000 ps, actual=-1000 ps.
2026-06-15 17:54:09,761 [INFO] Delay for channel 3: requested=20000 ps, actual=20000 ps.
2026-06-15 17:54:09,761 [INFO] Delay for channel 4: requested=16500 ps, actual=16500 ps.
2026-06-15 17:54:09,761 [INFO] Delay for channel 5: requested=17800 ps, actual=17800 ps.
2026-06-15 17:54:09,761 [INFO] Delay for channel 6: requested=17300 ps, actual=17300 ps.
2026-06-15 17:54:09,761 [INFO] Initializing measurement with virtual mode channels for ALL heralding permutations.
2026-06-15 17:54:09,761 [INFO] Automatically generated modes from input: {'H3': [1, 2], 'H4': [3, 4], 'H5': [5, 6]}
2026-06-15 17:54:09,761 [INFO] Setting up virtual channels...
2026-06-15 17:54:09,761 [INFO] Initializing physical channel correlation histograms...
2026-06-15 17:54:09,761 [INFO]   Physical correlation: ch1 <-> ch2
2026-06-15 17:54:09,761 [INFO]   Physical correlation: ch1 <-> ch3
2026-06-15 17:54:09,761 [INFO]   Physical correlation: ch1 <-> ch4
2026-06-15 17:54:09,761 [INFO]   Physical correlation: ch1 <-> ch5
2026-06-15 17:54:09,769 [INFO]   Physical correlation: ch1 <-> ch6
2026-06-15 17:54:09,769 [INFO]   Physical correlation: ch2 <-> ch3
2026-06-15 17:54:09,769 [INFO]   Physical correlation: ch2 <-> ch4
2026-06-15 17:54:09,769 [INFO]   Physical correlation: ch2 <-> ch5
2026-06-15 17:54:09,769 [INFO]   Physical correlation: ch2 <-> ch6
2026-06-15 17:54:09,769 [INFO]   Physical correlation: ch3 <-> ch4
2026-06-15 17:54:09,769 [INFO]   Physical correlation: ch3 <-> ch5
2026-06-15 17:54:09,769 [INFO]   Physical correlation: ch3 <-> ch6
2026-06-15 17:54:09,769 [INFO]   Physical correlation: ch4 <-> ch5
2026-06-15 17:54:09,769 [INFO]   Physical correlation: ch4 <-> ch6
2026-06-15 17:54:09,769 [INFO]   Physical correlation: ch5 <-> ch6
2026-06-15 17:54:09,769 [INFO] Initializing virtual mode correlation histograms...
2026-06-15 17:54:09,777 [INFO]   Within-mode (H3): ch1 <-> ch2
2026-06-15 17:54:09,777 [INFO]   Cross-mode: H3 <-> H4
2026-06-15 17:54:09,777 [INFO]   Cross-mode: H3 <-> H5
2026-06-15 17:54:09,777 [INFO]   Within-mode (H4): ch3 <-> ch4
2026-06-15 17:54:09,777 [INFO]   Cross-mode: H4 <-> H5
2026-06-15 17:54:09,777 [INFO]   Within-mode (H5): ch5 <-> ch6
2026-06-15 17:54:09,777 [INFO] Measurement starting for 2.000min / 0.033h
2026-06-15 17:56:09,938 [INFO] Measurements finished.
2026-06-15 17:56:09,938 [INFO] Collecting measurement data...
2026-06-15 17:56:09,938 [INFO] Collecting physical correlation data for (1,2)
2026-06-15 17:56:09,947 [INFO] Collecting physical correlation data for (1,3)
2026-06-15 17:56:09,947 [INFO] Collecting physical correlation data for (1,4)
2026-06-15 17:56:09,947 [INFO] Collecting physical correlation data for (1,5)
2026-06-15 17:56:09,955 [INFO] Collecting physical correlation data for (1,6)
2026-06-15 17:56:09,955 [INFO] Collecting physical correlation data for (2,3)
2026-06-15 17:56:09,955 [INFO] Collecting physical correlation data for (2,4)
2026-06-15 17:56:09,955 [INFO] Collecting physical correlation data for (2,5)
2026-06-15 17:56:09,963 [INFO] Collecting physical correlation data for (2,6)
2026-06-15 17:56:09,963 [INFO] Collecting physical correlation data for (3,4)
2026-06-15 17:56:09,963 [INFO] Collecting physical correlation data for (3,5)
2026-06-15 17:56:09,971 [INFO] Collecting physical correlation data for (3,6)
2026-06-15 17:56:09,971 [INFO] Collecting physical correlation data for (4,5)
2026-06-15 17:56:09,971 [INFO] Collecting physical correlation data for (4,6)
2026-06-15 17:56:09,979 [INFO] Collecting physical correlation data for (5,6)
2026-06-15 17:56:09,979 [INFO] Collecting virtual correlation data for (H3,H3)
2026-06-15 17:56:09,979 [INFO] Collecting virtual correlation data for (H3,H4)
2026-06-15 17:56:09,979 [INFO] Collecting virtual correlation data for (H3,H5)
2026-06-15 17:56:09,987 [INFO] Collecting virtual correlation data for (H4,H4)
2026-06-15 17:56:09,987 [INFO] Collecting virtual correlation data for (H4,H5)
2026-06-15 17:56:09,987 [INFO] Collecting virtual correlation data for (H5,H5)
2026-06-15 17:56:10,010 [INFO] Starting writing data to file.
2026-06-15 17:56:10,136 [INFO] Saved data.
2026-06-15 17:56:10,245 [INFO] Merging 1 chunks into running total...
2026-06-15 17:56:10,430 [INFO] ============================================================
2026-06-15 17:56:10,430 [INFO] STATUS REPORT | Duration: 4.00 min (0.067 h)
2026-06-15 17:56:10,430 [INFO] ============================================================
2026-06-15 17:56:10,430 [INFO] COUNTRATES (Physical):
2026-06-15 17:56:10,430 [INFO]   Ch 1: 321.0 kHz (total: 77,036,589)
2026-06-15 17:56:10,430 [INFO]   Ch 2: 412.9 kHz (total: 99,086,609)
2026-06-15 17:56:10,430 [INFO]   Ch 3: 186.1 kHz (total: 44,674,901)
2026-06-15 17:56:10,430 [INFO]   Ch 4: 185.5 kHz (total: 44,513,078)
2026-06-15 17:56:10,430 [INFO]   Ch 5: 52.1 kHz (total: 12,501,371)
2026-06-15 17:56:10,430 [INFO]   Ch 6: 51.2 kHz (total: 12,281,828)
2026-06-15 17:56:10,430 [INFO] COUNTRATES (Virtual):
2026-06-15 17:56:10,438 [INFO]   H3: 733.8 kHz (total: 176,123,198)
2026-06-15 17:56:10,438 [INFO]   H4: 371.6 kHz (total: 89,187,979)
2026-06-15 17:56:10,438 [INFO]   H5: 103.3 kHz (total: 24,783,199)
2026-06-15 17:56:10,439 [INFO] ------------------------------------------------------------
2026-06-15 17:56:10,439 [INFO] COINCIDENCES (threshold: 50000)
2026-06-15 17:56:10,439 [INFO] ------------------------------------------------------------
2026-06-15 17:56:10,439 [INFO] Twofold (physical) (Reached Threshold):
2026-06-15 17:56:10,439 [INFO]   (1,2): 1,835,464 Y
2026-06-15 17:56:10,439 [INFO]   (1,3): 846,053 Y
2026-06-15 17:56:10,439 [INFO]   (1,4): 842,079 Y
2026-06-15 17:56:10,447 [INFO]   (1,5): 239,562 Y
2026-06-15 17:56:10,447 [INFO]   (1,6): 234,217 Y
2026-06-15 17:56:10,447 [INFO]   (2,3): 1,079,510 Y
2026-06-15 17:56:10,447 [INFO]   (2,4): 1,072,026 Y
2026-06-15 17:56:10,447 [INFO]   (2,5): 303,938 Y
2026-06-15 17:56:10,447 [INFO]   (2,6): 299,329 Y
2026-06-15 17:56:10,447 [INFO]   (3,4): 494,655 Y
2026-06-15 17:56:10,447 [INFO]   (3,5): 140,390 Y
2026-06-15 17:56:10,455 [INFO]   (3,6): 138,027 Y
2026-06-15 17:56:10,455 [INFO]   (4,5): 139,936 Y
2026-06-15 17:56:10,455 [INFO]   (4,6): 137,559 Y
2026-06-15 17:56:10,455 [INFO]   (5,6): 39,075 X
2026-06-15 17:56:10,455 [INFO] ============================================================
2026-06-15 17:56:10,455 [INFO] >>> 1 combination(s) below threshold <<<
2026-06-15 17:56:10,455 [INFO] ============================================================
2026-06-15 17:56:10,549 [INFO] Updated merged data: C:\Users\QUANTUM\OneDrive - ENSTA\!Working files\HBT\HBT Data\Tests_Jun\2026-06-15_17-44-18_g2_heralded_virtual\MERGED\17-44-18_2026-06-15_21mW_num0_MERGED.pkl
2026-06-15 17:56:10,599 [INFO] Found 0 connected Time Tagger(s)
2026-06-15 17:56:12,214 [INFO] t:   1 s, Board temperature: 41.1 °C, FPGA temperature: 57.0 °C
2026-06-15 17:56:13,785 [INFO] t:   2 s, Board temperature: 41.1 °C, FPGA temperature: 56.9 °C
2026-06-15 17:56:15,328 [INFO] t:   3 s, Board temperature: 41.1 °C, FPGA temperature: 57.1 °C
2026-06-15 17:56:16,885 [INFO] t:   4 s, Board temperature: 41.1 °C, FPGA temperature: 57.0 °C
2026-06-15 17:56:18,454 [INFO] t:   5 s, Board temperature: 41.1 °C, FPGA temperature: 56.9 °C
2026-06-15 17:56:18,454 [INFO] The Time Tagger is warmed up.
2026-06-15 17:56:18,454 [INFO] Time Tagger initialized.
2026-06-15 17:56:18,454 [INFO] Chunk 3/5 | Elapsed: 6.0 min
2026-06-15 17:56:18,454 [INFO] Initializing experiment on Time Tagger.
2026-06-15 17:56:18,454 [INFO] Deadtime for channel 1: 0 ps
2026-06-15 17:56:18,454 [INFO] Deadtime for channel 2: 0 ps
2026-06-15 17:56:18,454 [INFO] Deadtime for channel 3: 0 ps
2026-06-15 17:56:18,454 [INFO] Deadtime for channel 4: 0 ps
2026-06-15 17:56:18,454 [INFO] Deadtime for channel 5: 0 ps
2026-06-15 17:56:18,462 [INFO] Deadtime for channel 6: 0 ps
2026-06-15 17:56:18,462 [INFO] Delays on channels enabled.
2026-06-15 17:56:18,462 [INFO] Delay for channel 1: requested=0 ps, actual=0 ps
2026-06-15 17:56:18,462 [INFO] Delay for channel 2: requested=-1000 ps, actual=-1000 ps
2026-06-15 17:56:18,462 [INFO] Delay for channel 3: requested=20000 ps, actual=20000 ps
2026-06-15 17:56:18,462 [INFO] Delay for channel 4: requested=16500 ps, actual=16500 ps
2026-06-15 17:56:18,462 [INFO] Delay for channel 5: requested=17800 ps, actual=17800 ps
2026-06-15 17:56:18,462 [INFO] Delay for channel 6: requested=17300 ps, actual=17300 ps
2026-06-15 17:56:18,462 [INFO] Executing synchronized correlation measurement.
2026-06-15 17:56:18,462 [INFO] Delays on channels enabled.
2026-06-15 17:56:18,462 [INFO] Delay for channel 1: requested=0 ps, actual=0 ps.
2026-06-15 17:56:18,462 [INFO] Delay for channel 2: requested=-1000 ps, actual=-1000 ps.
2026-06-15 17:56:18,462 [INFO] Delay for channel 3: requested=20000 ps, actual=20000 ps.
2026-06-15 17:56:18,462 [INFO] Delay for channel 4: requested=16500 ps, actual=16500 ps.
2026-06-15 17:56:18,470 [INFO] Delay for channel 5: requested=17800 ps, actual=17800 ps.
2026-06-15 17:56:18,470 [INFO] Delay for channel 6: requested=17300 ps, actual=17300 ps.
2026-06-15 17:56:18,470 [INFO] Initializing measurement with virtual mode channels for ALL heralding permutations.
2026-06-15 17:56:18,470 [INFO] Automatically generated modes from input: {'H3': [1, 2], 'H4': [3, 4], 'H5': [5, 6]}
2026-06-15 17:56:18,470 [INFO] Setting up virtual channels...
2026-06-15 17:56:18,470 [INFO] Initializing physical channel correlation histograms...
2026-06-15 17:56:18,470 [INFO]   Physical correlation: ch1 <-> ch2
2026-06-15 17:56:18,470 [INFO]   Physical correlation: ch1 <-> ch3
2026-06-15 17:56:18,470 [INFO]   Physical correlation: ch1 <-> ch4
2026-06-15 17:56:18,470 [INFO]   Physical correlation: ch1 <-> ch5
2026-06-15 17:56:18,470 [INFO]   Physical correlation: ch1 <-> ch6
2026-06-15 17:56:18,478 [INFO]   Physical correlation: ch2 <-> ch3
2026-06-15 17:56:18,478 [INFO]   Physical correlation: ch2 <-> ch4
2026-06-15 17:56:18,478 [INFO]   Physical correlation: ch2 <-> ch5
2026-06-15 17:56:18,478 [INFO]   Physical correlation: ch2 <-> ch6
2026-06-15 17:56:18,478 [INFO]   Physical correlation: ch3 <-> ch4
2026-06-15 17:56:18,478 [INFO]   Physical correlation: ch3 <-> ch5
2026-06-15 17:56:18,478 [INFO]   Physical correlation: ch3 <-> ch6
2026-06-15 17:56:18,478 [INFO]   Physical correlation: ch4 <-> ch5
2026-06-15 17:56:18,478 [INFO]   Physical correlation: ch4 <-> ch6
2026-06-15 17:56:18,478 [INFO]   Physical correlation: ch5 <-> ch6
2026-06-15 17:56:18,478 [INFO] Initializing virtual mode correlation histograms...
2026-06-15 17:56:18,478 [INFO]   Within-mode (H3): ch1 <-> ch2
2026-06-15 17:56:18,486 [INFO]   Cross-mode: H3 <-> H4
2026-06-15 17:56:18,486 [INFO]   Cross-mode: H3 <-> H5
2026-06-15 17:56:18,486 [INFO]   Within-mode (H4): ch3 <-> ch4
2026-06-15 17:56:18,486 [INFO]   Cross-mode: H4 <-> H5
2026-06-15 17:56:18,486 [INFO]   Within-mode (H5): ch5 <-> ch6
2026-06-15 17:56:18,486 [INFO] Measurement starting for 2.000min / 0.033h
2026-06-15 17:58:18,633 [INFO] Measurements finished.
2026-06-15 17:58:18,633 [INFO] Collecting measurement data...
2026-06-15 17:58:18,633 [INFO] Collecting physical correlation data for (1,2)
2026-06-15 17:58:18,641 [INFO] Collecting physical correlation data for (1,3)
2026-06-15 17:58:18,641 [INFO] Collecting physical correlation data for (1,4)
2026-06-15 17:58:18,641 [INFO] Collecting physical correlation data for (1,5)
2026-06-15 17:58:18,641 [INFO] Collecting physical correlation data for (1,6)
2026-06-15 17:58:18,649 [INFO] Collecting physical correlation data for (2,3)
2026-06-15 17:58:18,649 [INFO] Collecting physical correlation data for (2,4)
2026-06-15 17:58:18,649 [INFO] Collecting physical correlation data for (2,5)
2026-06-15 17:58:18,657 [INFO] Collecting physical correlation data for (2,6)
2026-06-15 17:58:18,657 [INFO] Collecting physical correlation data for (3,4)
2026-06-15 17:58:18,657 [INFO] Collecting physical correlation data for (3,5)
2026-06-15 17:58:18,657 [INFO] Collecting physical correlation data for (3,6)
2026-06-15 17:58:18,665 [INFO] Collecting physical correlation data for (4,5)
2026-06-15 17:58:18,665 [INFO] Collecting physical correlation data for (4,6)
2026-06-15 17:58:18,665 [INFO] Collecting physical correlation data for (5,6)
2026-06-15 17:58:18,665 [INFO] Collecting virtual correlation data for (H3,H3)
2026-06-15 17:58:18,674 [INFO] Collecting virtual correlation data for (H3,H4)
2026-06-15 17:58:18,674 [INFO] Collecting virtual correlation data for (H3,H5)
2026-06-15 17:58:18,674 [INFO] Collecting virtual correlation data for (H4,H4)
2026-06-15 17:58:18,682 [INFO] Collecting virtual correlation data for (H4,H5)
2026-06-15 17:58:18,682 [INFO] Collecting virtual correlation data for (H5,H5)
2026-06-15 17:58:18,703 [INFO] Starting writing data to file.
2026-06-15 17:58:18,791 [INFO] Saved data.
2026-06-15 17:58:18,913 [INFO] Merging 1 chunks into running total...
2026-06-15 17:58:19,078 [INFO] ============================================================
2026-06-15 17:58:19,078 [INFO] STATUS REPORT | Duration: 6.00 min (0.100 h)
2026-06-15 17:58:19,078 [INFO] ============================================================
2026-06-15 17:58:19,078 [INFO] COUNTRATES (Physical):
2026-06-15 17:58:19,086 [INFO]   Ch 1: 321.4 kHz (total: 115,720,863)
2026-06-15 17:58:19,086 [INFO]   Ch 2: 413.0 kHz (total: 148,694,135)
2026-06-15 17:58:19,087 [INFO]   Ch 3: 186.2 kHz (total: 67,037,921)
2026-06-15 17:58:19,088 [INFO]   Ch 4: 185.5 kHz (total: 66,783,523)
2026-06-15 17:58:19,088 [INFO]   Ch 5: 52.1 kHz (total: 18,750,517)
2026-06-15 17:58:19,088 [INFO]   Ch 6: 51.2 kHz (total: 18,424,106)
2026-06-15 17:58:19,088 [INFO] COUNTRATES (Virtual):
2026-06-15 17:58:19,088 [INFO]   H3: 734.5 kHz (total: 264,414,998)
2026-06-15 17:58:19,088 [INFO]   H4: 371.7 kHz (total: 133,821,444)
2026-06-15 17:58:19,088 [INFO]   H5: 103.3 kHz (total: 37,174,623)
2026-06-15 17:58:19,088 [INFO] ------------------------------------------------------------
2026-06-15 17:58:19,088 [INFO] COINCIDENCES (threshold: 50000)
2026-06-15 17:58:19,088 [INFO] ------------------------------------------------------------
2026-06-15 17:58:19,088 [INFO] Twofold (physical) (Reached Threshold):
2026-06-15 17:58:19,096 [INFO]   (1,2): 2,757,640 Y
2026-06-15 17:58:19,096 [INFO]   (1,3): 1,270,599 Y
2026-06-15 17:58:19,096 [INFO]   (1,4): 1,265,411 Y
2026-06-15 17:58:19,096 [INFO]   (1,5): 360,012 Y
2026-06-15 17:58:19,096 [INFO]   (1,6): 351,891 Y
2026-06-15 17:58:19,096 [INFO]   (2,3): 1,619,556 Y
2026-06-15 17:58:19,096 [INFO]   (2,4): 1,609,372 Y
2026-06-15 17:58:19,096 [INFO]   (2,5): 455,272 Y
2026-06-15 17:58:19,096 [INFO]   (2,6): 449,075 Y
2026-06-15 17:58:19,096 [INFO]   (3,4): 741,672 Y
2026-06-15 17:58:19,096 [INFO]   (3,5): 210,503 Y
2026-06-15 17:58:19,096 [INFO]   (3,6): 207,078 Y
2026-06-15 17:58:19,096 [INFO]   (4,5): 209,953 Y
2026-06-15 17:58:19,096 [INFO]   (4,6): 206,642 Y
2026-06-15 17:58:19,104 [INFO]   (5,6): 58,620 Y
2026-06-15 17:58:19,104 [INFO] ============================================================
2026-06-15 17:58:19,104 [INFO] >>> ALL THRESHOLDS REACHED <<<
2026-06-15 17:58:19,104 [INFO] ============================================================
2026-06-15 17:58:19,185 [INFO] Updated merged data: C:\Users\QUANTUM\OneDrive - ENSTA\!Working files\HBT\HBT Data\Tests_Jun\2026-06-15_17-44-18_g2_heralded_virtual\MERGED\17-44-18_2026-06-15_21mW_num0_MERGED.pkl
2026-06-15 17:58:19,185 [INFO] >>> THRESHOLD REACHED - STOPPING EARLY <<<
2026-06-15 17:58:19,278 [INFO] Final merged data saved to: C:\Users\QUANTUM\OneDrive - ENSTA\!Working files\HBT\HBT Data\Tests_Jun\2026-06-15_17-44-18_g2_heralded_virtual\MERGED\17-44-18_2026-06-15_21mW_num0_MERGED.pkl
2026-06-15 17:58:19,286 [INFO] Total merged duration: 6.00 min
2026-06-15 17:58:19,286 [INFO] Measurement completed in 6.45 min
2026-06-15 17:58:20,136 [INFO] Stage Position: 30
2026-06-15 17:58:20,136 [INFO] Starting chunked acquisition (max 5 chunks / 10.0 min)
2026-06-15 17:58:20,139 [INFO] Chunk duration: 2 min
2026-06-15 17:58:20,140 [INFO] Threshold: 50000 counts, checking every 1 chunks
2026-06-15 17:58:20,198 [INFO] Found 0 connected Time Tagger(s)
2026-06-15 17:58:21,812 [INFO] t:   1 s, Board temperature: 40.8 °C, FPGA temperature: 56.9 °C
2026-06-15 17:58:23,369 [INFO] t:   2 s, Board temperature: 40.9 °C, FPGA temperature: 56.9 °C
2026-06-15 17:58:24,915 [INFO] t:   3 s, Board temperature: 40.9 °C, FPGA temperature: 57.0 °C
2026-06-15 17:58:26,474 [INFO] t:   4 s, Board temperature: 40.9 °C, FPGA temperature: 57.0 °C
2026-06-15 17:58:28,025 [INFO] t:   5 s, Board temperature: 40.9 °C, FPGA temperature: 57.0 °C
2026-06-15 17:58:28,025 [INFO] The Time Tagger is warmed up.
2026-06-15 17:58:28,025 [INFO] Time Tagger initialized.
2026-06-15 17:58:28,025 [INFO] Chunk 1/5 | Elapsed: 2.0 min
2026-06-15 17:58:28,025 [INFO] Initializing experiment on Time Tagger.
2026-06-15 17:58:28,025 [INFO] Deadtime for channel 1: 0 ps
2026-06-15 17:58:28,025 [INFO] Deadtime for channel 2: 0 ps
2026-06-15 17:58:28,025 [INFO] Deadtime for channel 3: 0 ps
2026-06-15 17:58:28,025 [INFO] Deadtime for channel 4: 0 ps
2026-06-15 17:58:28,033 [INFO] Deadtime for channel 5: 0 ps
2026-06-15 17:58:28,033 [INFO] Deadtime for channel 6: 0 ps
2026-06-15 17:58:28,033 [INFO] Delays on channels enabled.
2026-06-15 17:58:28,033 [INFO] Delay for channel 1: requested=0 ps, actual=0 ps
2026-06-15 17:58:28,033 [INFO] Delay for channel 2: requested=-1000 ps, actual=-1000 ps
2026-06-15 17:58:28,033 [INFO] Delay for channel 3: requested=20000 ps, actual=20000 ps
2026-06-15 17:58:28,033 [INFO] Delay for channel 4: requested=16500 ps, actual=16500 ps
2026-06-15 17:58:28,033 [INFO] Delay for channel 5: requested=17800 ps, actual=17800 ps
2026-06-15 17:58:28,033 [INFO] Delay for channel 6: requested=17300 ps, actual=17300 ps
2026-06-15 17:58:28,033 [INFO] Executing synchronized correlation measurement.
2026-06-15 17:58:28,033 [INFO] Delays on channels enabled.
2026-06-15 17:58:28,033 [INFO] Delay for channel 1: requested=0 ps, actual=0 ps.
2026-06-15 17:58:28,033 [INFO] Delay for channel 2: requested=-1000 ps, actual=-1000 ps.
2026-06-15 17:58:28,041 [INFO] Delay for channel 3: requested=20000 ps, actual=20000 ps.
2026-06-15 17:58:28,041 [INFO] Delay for channel 4: requested=16500 ps, actual=16500 ps.
2026-06-15 17:58:28,041 [INFO] Delay for channel 5: requested=17800 ps, actual=17800 ps.
2026-06-15 17:58:28,041 [INFO] Delay for channel 6: requested=17300 ps, actual=17300 ps.
2026-06-15 17:58:28,041 [INFO] Initializing measurement with virtual mode channels for ALL heralding permutations.
2026-06-15 17:58:28,041 [INFO] Automatically generated modes from input: {'H3': [1, 2], 'H4': [3, 4], 'H5': [5, 6]}
2026-06-15 17:58:28,041 [INFO] Setting up virtual channels...
2026-06-15 17:58:28,045 [INFO] Initializing physical channel correlation histograms...
2026-06-15 17:58:28,045 [INFO]   Physical correlation: ch1 <-> ch2
2026-06-15 17:58:28,045 [INFO]   Physical correlation: ch1 <-> ch3
2026-06-15 17:58:28,045 [INFO]   Physical correlation: ch1 <-> ch4
2026-06-15 17:58:28,045 [INFO]   Physical correlation: ch1 <-> ch5
2026-06-15 17:58:28,045 [INFO]   Physical correlation: ch1 <-> ch6
2026-06-15 17:58:28,045 [INFO]   Physical correlation: ch2 <-> ch3
2026-06-15 17:58:28,045 [INFO]   Physical correlation: ch2 <-> ch4
2026-06-15 17:58:28,045 [INFO]   Physical correlation: ch2 <-> ch5
2026-06-15 17:58:28,045 [INFO]   Physical correlation: ch2 <-> ch6
2026-06-15 17:58:28,045 [INFO]   Physical correlation: ch3 <-> ch4
2026-06-15 17:58:28,045 [INFO]   Physical correlation: ch3 <-> ch5
2026-06-15 17:58:28,054 [INFO]   Physical correlation: ch3 <-> ch6
2026-06-15 17:58:28,054 [INFO]   Physical correlation: ch4 <-> ch5
2026-06-15 17:58:28,054 [INFO]   Physical correlation: ch4 <-> ch6
2026-06-15 17:58:28,054 [INFO]   Physical correlation: ch5 <-> ch6
2026-06-15 17:58:28,054 [INFO] Initializing virtual mode correlation histograms...
2026-06-15 17:58:28,054 [INFO]   Within-mode (H3): ch1 <-> ch2
2026-06-15 17:58:28,054 [INFO]   Cross-mode: H3 <-> H4
2026-06-15 17:58:28,054 [INFO]   Cross-mode: H3 <-> H5
2026-06-15 17:58:28,054 [INFO]   Within-mode (H4): ch3 <-> ch4
2026-06-15 17:58:28,054 [INFO]   Cross-mode: H4 <-> H5
2026-06-15 17:58:28,054 [INFO]   Within-mode (H5): ch5 <-> ch6
2026-06-15 17:58:28,062 [INFO] Measurement starting for 2.000min / 0.033h
2026-06-15 18:00:28,267 [INFO] Measurements finished.
2026-06-15 18:00:28,267 [INFO] Collecting measurement data...
2026-06-15 18:00:28,267 [INFO] Collecting physical correlation data for (1,2)
2026-06-15 18:00:28,267 [INFO] Collecting physical correlation data for (1,3)
2026-06-15 18:00:28,277 [INFO] Collecting physical correlation data for (1,4)
2026-06-15 18:00:28,277 [INFO] Collecting physical correlation data for (1,5)
2026-06-15 18:00:28,277 [INFO] Collecting physical correlation data for (1,6)
2026-06-15 18:00:28,277 [INFO] Collecting physical correlation data for (2,3)
2026-06-15 18:00:28,277 [INFO] Collecting physical correlation data for (2,4)
2026-06-15 18:00:28,288 [INFO] Collecting physical correlation data for (2,5)
2026-06-15 18:00:28,288 [INFO] Collecting physical correlation data for (2,6)
2026-06-15 18:00:28,288 [INFO] Collecting physical correlation data for (3,4)
2026-06-15 18:00:28,288 [INFO] Collecting physical correlation data for (3,5)
2026-06-15 18:00:28,296 [INFO] Collecting physical correlation data for (3,6)
2026-06-15 18:00:28,296 [INFO] Collecting physical correlation data for (4,5)
2026-06-15 18:00:28,296 [INFO] Collecting physical correlation data for (4,6)
2026-06-15 18:00:28,296 [INFO] Collecting physical correlation data for (5,6)
2026-06-15 18:00:28,304 [INFO] Collecting virtual correlation data for (H3,H3)
2026-06-15 18:00:28,304 [INFO] Collecting virtual correlation data for (H3,H4)
2026-06-15 18:00:28,304 [INFO] Collecting virtual correlation data for (H3,H5)
2026-06-15 18:00:28,304 [INFO] Collecting virtual correlation data for (H4,H4)
2026-06-15 18:00:28,304 [INFO] Collecting virtual correlation data for (H4,H5)
2026-06-15 18:00:28,313 [INFO] Collecting virtual correlation data for (H5,H5)
2026-06-15 18:00:28,329 [INFO] Starting writing data to file.
2026-06-15 18:00:28,420 [INFO] Saved data.
2026-06-15 18:00:28,537 [INFO] Merging 1 chunks into running total...
2026-06-15 18:00:28,537 [INFO] ============================================================
2026-06-15 18:00:28,537 [INFO] STATUS REPORT | Duration: 2.00 min (0.033 h)
2026-06-15 18:00:28,537 [INFO] ============================================================
2026-06-15 18:00:28,537 [INFO] COUNTRATES (Physical):
2026-06-15 18:00:28,537 [INFO]   Ch 1: 217.4 kHz (total: 26,083,318)
2026-06-15 18:00:28,537 [INFO]   Ch 2: 281.0 kHz (total: 33,721,049)
2026-06-15 18:00:28,537 [INFO]   Ch 3: 110.5 kHz (total: 13,259,046)
2026-06-15 18:00:28,537 [INFO]   Ch 4: 110.3 kHz (total: 13,239,007)
2026-06-15 18:00:28,537 [INFO]   Ch 5: 27.4 kHz (total: 3,291,446)
2026-06-15 18:00:28,548 [INFO]   Ch 6: 26.9 kHz (total: 3,228,172)
2026-06-15 18:00:28,548 [INFO] COUNTRATES (Virtual):
2026-06-15 18:00:28,548 [INFO]   H3: 498.4 kHz (total: 59,804,367)
2026-06-15 18:00:28,551 [INFO]   H4: 220.8 kHz (total: 26,498,053)
2026-06-15 18:00:28,551 [INFO]   H5: 54.3 kHz (total: 6,519,618)
2026-06-15 18:00:28,551 [INFO] ------------------------------------------------------------
2026-06-15 18:00:28,551 [INFO] COINCIDENCES (threshold: 50000)
2026-06-15 18:00:28,551 [INFO] ------------------------------------------------------------
2026-06-15 18:00:28,551 [INFO] Twofold (physical) (Reached Threshold):
2026-06-15 18:00:28,551 [INFO]   (1,2): 422,671 Y
2026-06-15 18:00:28,551 [INFO]   (1,3): 170,438 Y
2026-06-15 18:00:28,551 [INFO]   (1,4): 168,547 Y
2026-06-15 18:00:28,559 [INFO]   (1,5): 43,004 X
2026-06-15 18:00:28,559 [INFO]   (1,6): 41,681 X
2026-06-15 18:00:28,559 [INFO]   (2,3): 217,214 Y
2026-06-15 18:00:28,559 [INFO]   (2,4): 217,311 Y
2026-06-15 18:00:28,559 [INFO]   (2,5): 54,690 Y
2026-06-15 18:00:28,559 [INFO]   (2,6): 53,859 Y
2026-06-15 18:00:28,559 [INFO]   (3,4): 87,153 Y
2026-06-15 18:00:28,559 [INFO]   (3,5): 22,240 X
2026-06-15 18:00:28,567 [INFO]   (3,6): 21,728 X
2026-06-15 18:00:28,567 [INFO]   (4,5): 21,956 X
2026-06-15 18:00:28,567 [INFO]   (4,6): 21,488 X
2026-06-15 18:00:28,567 [INFO]   (5,6): 5,385 X
2026-06-15 18:00:28,567 [INFO] ============================================================
2026-06-15 18:00:28,567 [INFO] >>> 7 combination(s) below threshold <<<
2026-06-15 18:00:28,567 [INFO] ============================================================
2026-06-15 18:00:28,654 [INFO] Updated merged data: C:\Users\QUANTUM\OneDrive - ENSTA\!Working files\HBT\HBT Data\Tests_Jun\2026-06-15_17-44-18_g2_heralded_virtual\MERGED\17-44-18_2026-06-15_18.5mW_num0_MERGED.pkl
2026-06-15 18:00:28,698 [INFO] Found 0 connected Time Tagger(s)
2026-06-15 18:00:30,328 [INFO] t:   1 s, Board temperature: 41.0 °C, FPGA temperature: 57.0 °C
2026-06-15 18:00:31,915 [INFO] t:   2 s, Board temperature: 40.9 °C, FPGA temperature: 56.9 °C
2026-06-15 18:00:33,473 [INFO] t:   3 s, Board temperature: 41.1 °C, FPGA temperature: 57.0 °C
2026-06-15 18:00:35,028 [INFO] t:   4 s, Board temperature: 41.1 °C, FPGA temperature: 57.1 °C
2026-06-15 18:00:36,578 [INFO] t:   5 s, Board temperature: 41.1 °C, FPGA temperature: 57.1 °C
2026-06-15 18:00:36,578 [INFO] The Time Tagger is warmed up.
2026-06-15 18:00:36,578 [INFO] Time Tagger initialized.
2026-06-15 18:00:36,578 [INFO] Chunk 2/5 | Elapsed: 4.0 min
2026-06-15 18:00:36,586 [INFO] Initializing experiment on Time Tagger.
2026-06-15 18:00:36,586 [INFO] Deadtime for channel 1: 0 ps
2026-06-15 18:00:36,586 [INFO] Deadtime for channel 2: 0 ps
2026-06-15 18:00:36,586 [INFO] Deadtime for channel 3: 0 ps
2026-06-15 18:00:36,586 [INFO] Deadtime for channel 4: 0 ps
2026-06-15 18:00:36,586 [INFO] Deadtime for channel 5: 0 ps
2026-06-15 18:00:36,586 [INFO] Deadtime for channel 6: 0 ps
2026-06-15 18:00:36,586 [INFO] Delays on channels enabled.
2026-06-15 18:00:36,586 [INFO] Delay for channel 1: requested=0 ps, actual=0 ps
2026-06-15 18:00:36,586 [INFO] Delay for channel 2: requested=-1000 ps, actual=-1000 ps
2026-06-15 18:00:36,586 [INFO] Delay for channel 3: requested=20000 ps, actual=20000 ps
2026-06-15 18:00:36,594 [INFO] Delay for channel 4: requested=16500 ps, actual=16500 ps
2026-06-15 18:00:36,594 [INFO] Delay for channel 5: requested=17800 ps, actual=17800 ps
2026-06-15 18:00:36,594 [INFO] Delay for channel 6: requested=17300 ps, actual=17300 ps
2026-06-15 18:00:36,594 [INFO] Executing synchronized correlation measurement.
2026-06-15 18:00:36,594 [INFO] Delays on channels enabled.
2026-06-15 18:00:36,594 [INFO] Delay for channel 1: requested=0 ps, actual=0 ps.
2026-06-15 18:00:36,594 [INFO] Delay for channel 2: requested=-1000 ps, actual=-1000 ps.
2026-06-15 18:00:36,594 [INFO] Delay for channel 3: requested=20000 ps, actual=20000 ps.
2026-06-15 18:00:36,594 [INFO] Delay for channel 4: requested=16500 ps, actual=16500 ps.
2026-06-15 18:00:36,594 [INFO] Delay for channel 5: requested=17800 ps, actual=17800 ps.
2026-06-15 18:00:36,594 [INFO] Delay for channel 6: requested=17300 ps, actual=17300 ps.
2026-06-15 18:00:36,594 [INFO] Initializing measurement with virtual mode channels for ALL heralding permutations.
2026-06-15 18:00:36,594 [INFO] Automatically generated modes from input: {'H3': [1, 2], 'H4': [3, 4], 'H5': [5, 6]}
2026-06-15 18:00:36,602 [INFO] Setting up virtual channels...
2026-06-15 18:00:36,603 [INFO] Initializing physical channel correlation histograms...
2026-06-15 18:00:36,603 [INFO]   Physical correlation: ch1 <-> ch2
2026-06-15 18:00:36,603 [INFO]   Physical correlation: ch1 <-> ch3
2026-06-15 18:00:36,603 [INFO]   Physical correlation: ch1 <-> ch4
2026-06-15 18:00:36,603 [INFO]   Physical correlation: ch1 <-> ch5
2026-06-15 18:00:36,603 [INFO]   Physical correlation: ch1 <-> ch6
2026-06-15 18:00:36,608 [INFO]   Physical correlation: ch2 <-> ch3
2026-06-15 18:00:36,608 [INFO]   Physical correlation: ch2 <-> ch4
2026-06-15 18:00:36,608 [INFO]   Physical correlation: ch2 <-> ch5
2026-06-15 18:00:36,608 [INFO]   Physical correlation: ch2 <-> ch6
2026-06-15 18:00:36,608 [INFO]   Physical correlation: ch3 <-> ch4
2026-06-15 18:00:36,608 [INFO]   Physical correlation: ch3 <-> ch5
2026-06-15 18:00:36,608 [INFO]   Physical correlation: ch3 <-> ch6
2026-06-15 18:00:36,608 [INFO]   Physical correlation: ch4 <-> ch5
2026-06-15 18:00:36,608 [INFO]   Physical correlation: ch4 <-> ch6
2026-06-15 18:00:36,608 [INFO]   Physical correlation: ch5 <-> ch6
2026-06-15 18:00:36,608 [INFO] Initializing virtual mode correlation histograms...
2026-06-15 18:00:36,608 [INFO]   Within-mode (H3): ch1 <-> ch2
2026-06-15 18:00:36,616 [INFO]   Cross-mode: H3 <-> H4
2026-06-15 18:00:36,616 [INFO]   Cross-mode: H3 <-> H5
2026-06-15 18:00:36,616 [INFO]   Within-mode (H4): ch3 <-> ch4
2026-06-15 18:00:36,616 [INFO]   Cross-mode: H4 <-> H5
2026-06-15 18:00:36,616 [INFO]   Within-mode (H5): ch5 <-> ch6
2026-06-15 18:00:36,616 [INFO] Measurement starting for 2.000min / 0.033h
2026-06-15 18:02:36,824 [INFO] Measurements finished.
2026-06-15 18:02:36,830 [INFO] Collecting measurement data...
2026-06-15 18:02:36,832 [INFO] Collecting physical correlation data for (1,2)
2026-06-15 18:02:36,832 [INFO] Collecting physical correlation data for (1,3)
2026-06-15 18:02:36,832 [INFO] Collecting physical correlation data for (1,4)
2026-06-15 18:02:36,832 [INFO] Collecting physical correlation data for (1,5)
2026-06-15 18:02:36,840 [INFO] Collecting physical correlation data for (1,6)
2026-06-15 18:02:36,840 [INFO] Collecting physical correlation data for (2,3)
2026-06-15 18:02:36,847 [INFO] Collecting physical correlation data for (2,4)
2026-06-15 18:02:36,847 [INFO] Collecting physical correlation data for (2,5)
2026-06-15 18:02:36,847 [INFO] Collecting physical correlation data for (2,6)
2026-06-15 18:02:36,847 [INFO] Collecting physical correlation data for (3,4)
2026-06-15 18:02:36,857 [INFO] Collecting physical correlation data for (3,5)
2026-06-15 18:02:36,859 [INFO] Collecting physical correlation data for (3,6)
2026-06-15 18:02:36,859 [INFO] Collecting physical correlation data for (4,5)
2026-06-15 18:02:36,867 [INFO] Collecting physical correlation data for (4,6)
2026-06-15 18:02:36,867 [INFO] Collecting physical correlation data for (5,6)
2026-06-15 18:02:36,867 [INFO] Collecting virtual correlation data for (H3,H3)
2026-06-15 18:02:36,867 [INFO] Collecting virtual correlation data for (H3,H4)
2026-06-15 18:02:36,876 [INFO] Collecting virtual correlation data for (H3,H5)
2026-06-15 18:02:36,876 [INFO] Collecting virtual correlation data for (H4,H4)
2026-06-15 18:02:36,881 [INFO] Collecting virtual correlation data for (H4,H5)
2026-06-15 18:02:36,884 [INFO] Collecting virtual correlation data for (H5,H5)
2026-06-15 18:02:36,899 [INFO] Starting writing data to file.
2026-06-15 18:02:36,998 [INFO] Saved data.
2026-06-15 18:02:37,102 [INFO] Merging 1 chunks into running total...
2026-06-15 18:02:37,263 [INFO] ============================================================
2026-06-15 18:02:37,263 [INFO] STATUS REPORT | Duration: 4.00 min (0.067 h)
2026-06-15 18:02:37,263 [INFO] ============================================================
2026-06-15 18:02:37,272 [INFO] COUNTRATES (Physical):
2026-06-15 18:02:37,272 [INFO]   Ch 1: 218.1 kHz (total: 52,345,047)
2026-06-15 18:02:37,272 [INFO]   Ch 2: 281.6 kHz (total: 67,590,701)
2026-06-15 18:02:37,272 [INFO]   Ch 3: 110.8 kHz (total: 26,598,129)
2026-06-15 18:02:37,272 [INFO]   Ch 4: 110.6 kHz (total: 26,549,681)
2026-06-15 18:02:37,272 [INFO]   Ch 5: 27.5 kHz (total: 6,605,566)
2026-06-15 18:02:37,272 [INFO]   Ch 6: 27.0 kHz (total: 6,484,201)
2026-06-15 18:02:37,278 [INFO] COUNTRATES (Virtual):
2026-06-15 18:02:37,278 [INFO]   H3: 499.7 kHz (total: 119,935,748)
2026-06-15 18:02:37,278 [INFO]   H4: 221.4 kHz (total: 53,147,810)
2026-06-15 18:02:37,281 [INFO]   H5: 54.5 kHz (total: 13,089,767)
2026-06-15 18:02:37,281 [INFO] ------------------------------------------------------------
2026-06-15 18:02:37,281 [INFO] COINCIDENCES (threshold: 50000)
2026-06-15 18:02:37,281 [INFO] ------------------------------------------------------------
2026-06-15 18:02:37,281 [INFO] Twofold (physical) (Reached Threshold):
2026-06-15 18:02:37,281 [INFO]   (1,2): 850,701 Y
2026-06-15 18:02:37,281 [INFO]   (1,3): 343,565 Y
2026-06-15 18:02:37,281 [INFO]   (1,4): 340,856 Y
2026-06-15 18:02:37,281 [INFO]   (1,5): 86,313 Y
2026-06-15 18:02:37,288 [INFO]   (1,6): 84,200 Y
2026-06-15 18:02:37,288 [INFO]   (2,3): 436,961 Y
2026-06-15 18:02:37,288 [INFO]   (2,4): 435,735 Y
2026-06-15 18:02:37,288 [INFO]   (2,5): 109,649 Y
2026-06-15 18:02:37,288 [INFO]   (2,6): 108,139 Y
2026-06-15 18:02:37,288 [INFO]   (3,4): 174,680 Y
2026-06-15 18:02:37,288 [INFO]   (3,5): 44,639 X
2026-06-15 18:02:37,293 [INFO]   (3,6): 43,830 X
2026-06-15 18:02:37,293 [INFO]   (4,5): 43,972 X
2026-06-15 18:02:37,293 [INFO]   (4,6): 43,407 X
2026-06-15 18:02:37,293 [INFO]   (5,6): 11,018 X
2026-06-15 18:02:37,293 [INFO] ============================================================
2026-06-15 18:02:37,293 [INFO] >>> 5 combination(s) below threshold <<<
2026-06-15 18:02:37,293 [INFO] ============================================================
2026-06-15 18:02:37,381 [INFO] Updated merged data: C:\Users\QUANTUM\OneDrive - ENSTA\!Working files\HBT\HBT Data\Tests_Jun\2026-06-15_17-44-18_g2_heralded_virtual\MERGED\17-44-18_2026-06-15_18.5mW_num0_MERGED.pkl
2026-06-15 18:02:37,433 [INFO] Found 0 connected Time Tagger(s)
2026-06-15 18:02:39,035 [INFO] t:   1 s, Board temperature: 41.1 °C, FPGA temperature: 57.1 °C
2026-06-15 18:02:40,616 [INFO] t:   2 s, Board temperature: 41.1 °C, FPGA temperature: 57.0 °C
2026-06-15 18:02:42,203 [INFO] t:   3 s, Board temperature: 41.0 °C, FPGA temperature: 57.1 °C
2026-06-15 18:02:43,763 [INFO] t:   4 s, Board temperature: 41.1 °C, FPGA temperature: 57.1 °C
2026-06-15 18:02:45,311 [INFO] t:   5 s, Board temperature: 41.0 °C, FPGA temperature: 57.1 °C
2026-06-15 18:02:45,311 [INFO] The Time Tagger is warmed up.
2026-06-15 18:02:45,319 [INFO] Time Tagger initialized.
2026-06-15 18:02:45,319 [INFO] Chunk 3/5 | Elapsed: 6.0 min
2026-06-15 18:02:45,319 [INFO] Initializing experiment on Time Tagger.
2026-06-15 18:02:45,319 [INFO] Deadtime for channel 1: 0 ps
2026-06-15 18:02:45,319 [INFO] Deadtime for channel 2: 0 ps
2026-06-15 18:02:45,319 [INFO] Deadtime for channel 3: 0 ps
2026-06-15 18:02:45,319 [INFO] Deadtime for channel 4: 0 ps
2026-06-15 18:02:45,319 [INFO] Deadtime for channel 5: 0 ps
2026-06-15 18:02:45,325 [INFO] Deadtime for channel 6: 0 ps
2026-06-15 18:02:45,325 [INFO] Delays on channels enabled.
2026-06-15 18:02:45,325 [INFO] Delay for channel 1: requested=0 ps, actual=0 ps
2026-06-15 18:02:45,325 [INFO] Delay for channel 2: requested=-1000 ps, actual=-1000 ps
2026-06-15 18:02:45,325 [INFO] Delay for channel 3: requested=20000 ps, actual=20000 ps
2026-06-15 18:02:45,325 [INFO] Delay for channel 4: requested=16500 ps, actual=16500 ps
2026-06-15 18:02:45,325 [INFO] Delay for channel 5: requested=17800 ps, actual=17800 ps
2026-06-15 18:02:45,325 [INFO] Delay for channel 6: requested=17300 ps, actual=17300 ps
2026-06-15 18:02:45,325 [INFO] Executing synchronized correlation measurement.
2026-06-15 18:02:45,325 [INFO] Delays on channels enabled.
2026-06-15 18:02:45,325 [INFO] Delay for channel 1: requested=0 ps, actual=0 ps.
2026-06-15 18:02:45,325 [INFO] Delay for channel 2: requested=-1000 ps, actual=-1000 ps.
2026-06-15 18:02:45,325 [INFO] Delay for channel 3: requested=20000 ps, actual=20000 ps.
2026-06-15 18:02:45,325 [INFO] Delay for channel 4: requested=16500 ps, actual=16500 ps.
2026-06-15 18:02:45,333 [INFO] Delay for channel 5: requested=17800 ps, actual=17800 ps.
2026-06-15 18:02:45,333 [INFO] Delay for channel 6: requested=17300 ps, actual=17300 ps.
2026-06-15 18:02:45,333 [INFO] Initializing measurement with virtual mode channels for ALL heralding permutations.
2026-06-15 18:02:45,333 [INFO] Automatically generated modes from input: {'H3': [1, 2], 'H4': [3, 4], 'H5': [5, 6]}
2026-06-15 18:02:45,333 [INFO] Setting up virtual channels...
2026-06-15 18:02:45,333 [INFO] Initializing physical channel correlation histograms...
2026-06-15 18:02:45,333 [INFO]   Physical correlation: ch1 <-> ch2
2026-06-15 18:02:45,333 [INFO]   Physical correlation: ch1 <-> ch3
2026-06-15 18:02:45,333 [INFO]   Physical correlation: ch1 <-> ch4
2026-06-15 18:02:45,333 [INFO]   Physical correlation: ch1 <-> ch5
2026-06-15 18:02:45,333 [INFO]   Physical correlation: ch1 <-> ch6
2026-06-15 18:02:45,333 [INFO]   Physical correlation: ch2 <-> ch3
2026-06-15 18:02:45,341 [INFO]   Physical correlation: ch2 <-> ch4
2026-06-15 18:02:45,341 [INFO]   Physical correlation: ch2 <-> ch5
2026-06-15 18:02:45,341 [INFO]   Physical correlation: ch2 <-> ch6
2026-06-15 18:02:45,341 [INFO]   Physical correlation: ch3 <-> ch4
2026-06-15 18:02:45,341 [INFO]   Physical correlation: ch3 <-> ch5
2026-06-15 18:02:45,341 [INFO]   Physical correlation: ch3 <-> ch6
2026-06-15 18:02:45,341 [INFO]   Physical correlation: ch4 <-> ch5
2026-06-15 18:02:45,341 [INFO]   Physical correlation: ch4 <-> ch6
2026-06-15 18:02:45,341 [INFO]   Physical correlation: ch5 <-> ch6
2026-06-15 18:02:45,341 [INFO] Initializing virtual mode correlation histograms...
2026-06-15 18:02:45,341 [INFO]   Within-mode (H3): ch1 <-> ch2
2026-06-15 18:02:45,341 [INFO]   Cross-mode: H3 <-> H4
2026-06-15 18:02:45,349 [INFO]   Cross-mode: H3 <-> H5
2026-06-15 18:02:45,350 [INFO]   Within-mode (H4): ch3 <-> ch4
2026-06-15 18:02:45,350 [INFO]   Cross-mode: H4 <-> H5
2026-06-15 18:02:45,350 [INFO]   Within-mode (H5): ch5 <-> ch6
2026-06-15 18:02:45,350 [INFO] Measurement starting for 2.000min / 0.033h
2026-06-15 18:04:45,553 [INFO] Measurements finished.
2026-06-15 18:04:45,553 [INFO] Collecting measurement data...
2026-06-15 18:04:45,553 [INFO] Collecting physical correlation data for (1,2)
2026-06-15 18:04:45,561 [INFO] Collecting physical correlation data for (1,3)
2026-06-15 18:04:45,561 [INFO] Collecting physical correlation data for (1,4)
2026-06-15 18:04:45,561 [INFO] Collecting physical correlation data for (1,5)
2026-06-15 18:04:45,561 [INFO] Collecting physical correlation data for (1,6)
2026-06-15 18:04:45,569 [INFO] Collecting physical correlation data for (2,3)
2026-06-15 18:04:45,569 [INFO] Collecting physical correlation data for (2,4)
2026-06-15 18:04:45,569 [INFO] Collecting physical correlation data for (2,5)
2026-06-15 18:04:45,569 [INFO] Collecting physical correlation data for (2,6)
2026-06-15 18:04:45,577 [INFO] Collecting physical correlation data for (3,4)
2026-06-15 18:04:45,577 [INFO] Collecting physical correlation data for (3,5)
2026-06-15 18:04:45,577 [INFO] Collecting physical correlation data for (3,6)
2026-06-15 18:04:45,577 [INFO] Collecting physical correlation data for (4,5)
2026-06-15 18:04:45,585 [INFO] Collecting physical correlation data for (4,6)
2026-06-15 18:04:45,585 [INFO] Collecting physical correlation data for (5,6)
2026-06-15 18:04:45,585 [INFO] Collecting virtual correlation data for (H3,H3)
2026-06-15 18:04:45,585 [INFO] Collecting virtual correlation data for (H3,H4)
2026-06-15 18:04:45,594 [INFO] Collecting virtual correlation data for (H3,H5)
2026-06-15 18:04:45,594 [INFO] Collecting virtual correlation data for (H4,H4)
2026-06-15 18:04:45,594 [INFO] Collecting virtual correlation data for (H4,H5)
2026-06-15 18:04:45,602 [INFO] Collecting virtual correlation data for (H5,H5)
2026-06-15 18:04:45,622 [INFO] Starting writing data to file.
2026-06-15 18:04:45,706 [INFO] Saved data.
2026-06-15 18:04:45,852 [INFO] Merging 1 chunks into running total...
2026-06-15 18:04:46,015 [INFO] ============================================================
2026-06-15 18:04:46,015 [INFO] STATUS REPORT | Duration: 6.00 min (0.100 h)
2026-06-15 18:04:46,015 [INFO] ============================================================
2026-06-15 18:04:46,015 [INFO] COUNTRATES (Physical):
2026-06-15 18:04:46,015 [INFO]   Ch 1: 217.7 kHz (total: 78,365,359)
2026-06-15 18:04:46,015 [INFO]   Ch 2: 281.2 kHz (total: 101,246,800)
2026-06-15 18:04:46,015 [INFO]   Ch 3: 110.7 kHz (total: 39,837,749)
2026-06-15 18:04:46,015 [INFO]   Ch 4: 110.5 kHz (total: 39,766,504)
2026-06-15 18:04:46,015 [INFO]   Ch 5: 27.5 kHz (total: 9,900,256)
2026-06-15 18:04:46,015 [INFO]   Ch 6: 27.0 kHz (total: 9,717,067)
2026-06-15 18:04:46,015 [INFO] COUNTRATES (Virtual):
2026-06-15 18:04:46,015 [INFO]   H3: 498.9 kHz (total: 179,612,159)
2026-06-15 18:04:46,025 [INFO]   H4: 221.1 kHz (total: 79,604,253)
2026-06-15 18:04:46,025 [INFO]   H5: 54.5 kHz (total: 19,617,323)
2026-06-15 18:04:46,025 [INFO] ------------------------------------------------------------
2026-06-15 18:04:46,025 [INFO] COINCIDENCES (threshold: 50000)
2026-06-15 18:04:46,025 [INFO] ------------------------------------------------------------
2026-06-15 18:04:46,025 [INFO] Twofold (physical) (Reached Threshold):
2026-06-15 18:04:46,025 [INFO]   (1,2): 1,274,646 Y
2026-06-15 18:04:46,025 [INFO]   (1,3): 513,546 Y
2026-06-15 18:04:46,025 [INFO]   (1,4): 510,157 Y
2026-06-15 18:04:46,025 [INFO]   (1,5): 129,497 Y
2026-06-15 18:04:46,025 [INFO]   (1,6): 126,111 Y
2026-06-15 18:04:46,025 [INFO]   (2,3): 654,523 Y
2026-06-15 18:04:46,025 [INFO]   (2,4): 652,273 Y
2026-06-15 18:04:46,025 [INFO]   (2,5): 164,290 Y
2026-06-15 18:04:46,025 [INFO]   (2,6): 162,027 Y
2026-06-15 18:04:46,025 [INFO]   (3,4): 262,224 Y
2026-06-15 18:04:46,035 [INFO]   (3,5): 67,179 Y
2026-06-15 18:04:46,035 [INFO]   (3,6): 65,689 Y
2026-06-15 18:04:46,035 [INFO]   (4,5): 65,967 Y
2026-06-15 18:04:46,035 [INFO]   (4,6): 64,864 Y
2026-06-15 18:04:46,035 [INFO]   (5,6): 16,482 X
2026-06-15 18:04:46,035 [INFO] ============================================================
2026-06-15 18:04:46,035 [INFO] >>> 1 combination(s) below threshold <<<
2026-06-15 18:04:46,035 [INFO] ============================================================
2026-06-15 18:04:46,122 [INFO] Updated merged data: C:\Users\QUANTUM\OneDrive - ENSTA\!Working files\HBT\HBT Data\Tests_Jun\2026-06-15_17-44-18_g2_heralded_virtual\MERGED\17-44-18_2026-06-15_18.5mW_num0_MERGED.pkl
2026-06-15 18:04:46,159 [INFO] Found 0 connected Time Tagger(s)
2026-06-15 18:04:47,771 [INFO] t:   1 s, Board temperature: 41.1 °C, FPGA temperature: 56.9 °C
2026-06-15 18:04:49,325 [INFO] t:   2 s, Board temperature: 41.1 °C, FPGA temperature: 56.9 °C
2026-06-15 18:04:50,889 [INFO] t:   3 s, Board temperature: 41.1 °C, FPGA temperature: 56.9 °C
2026-06-15 18:04:52,436 [INFO] t:   4 s, Board temperature: 41.1 °C, FPGA temperature: 56.9 °C
2026-06-15 18:04:53,996 [INFO] t:   5 s, Board temperature: 41.2 °C, FPGA temperature: 56.9 °C
2026-06-15 18:04:53,996 [INFO] The Time Tagger is warmed up.
2026-06-15 18:04:53,996 [INFO] Time Tagger initialized.
2026-06-15 18:04:53,996 [INFO] Chunk 4/5 | Elapsed: 8.0 min
2026-06-15 18:04:53,996 [INFO] Initializing experiment on Time Tagger.
2026-06-15 18:04:53,996 [INFO] Deadtime for channel 1: 0 ps
2026-06-15 18:04:53,996 [INFO] Deadtime for channel 2: 0 ps
2026-06-15 18:04:54,004 [INFO] Deadtime for channel 3: 0 ps
2026-06-15 18:04:54,004 [INFO] Deadtime for channel 4: 0 ps
2026-06-15 18:04:54,004 [INFO] Deadtime for channel 5: 0 ps
2026-06-15 18:04:54,004 [INFO] Deadtime for channel 6: 0 ps
2026-06-15 18:04:54,004 [INFO] Delays on channels enabled.
2026-06-15 18:04:54,004 [INFO] Delay for channel 1: requested=0 ps, actual=0 ps
2026-06-15 18:04:54,004 [INFO] Delay for channel 2: requested=-1000 ps, actual=-1000 ps
2026-06-15 18:04:54,004 [INFO] Delay for channel 3: requested=20000 ps, actual=20000 ps
2026-06-15 18:04:54,004 [INFO] Delay for channel 4: requested=16500 ps, actual=16500 ps
2026-06-15 18:04:54,004 [INFO] Delay for channel 5: requested=17800 ps, actual=17800 ps
2026-06-15 18:04:54,004 [INFO] Delay for channel 6: requested=17300 ps, actual=17300 ps
2026-06-15 18:04:54,004 [INFO] Executing synchronized correlation measurement.
2026-06-15 18:04:54,004 [INFO] Delays on channels enabled.
2026-06-15 18:04:54,012 [INFO] Delay for channel 1: requested=0 ps, actual=0 ps.
2026-06-15 18:04:54,012 [INFO] Delay for channel 2: requested=-1000 ps, actual=-1000 ps.
2026-06-15 18:04:54,012 [INFO] Delay for channel 3: requested=20000 ps, actual=20000 ps.
2026-06-15 18:04:54,012 [INFO] Delay for channel 4: requested=16500 ps, actual=16500 ps.
2026-06-15 18:04:54,012 [INFO] Delay for channel 5: requested=17800 ps, actual=17800 ps.
2026-06-15 18:04:54,012 [INFO] Delay for channel 6: requested=17300 ps, actual=17300 ps.
2026-06-15 18:04:54,012 [INFO] Initializing measurement with virtual mode channels for ALL heralding permutations.
2026-06-15 18:04:54,012 [INFO] Automatically generated modes from input: {'H3': [1, 2], 'H4': [3, 4], 'H5': [5, 6]}
2026-06-15 18:04:54,012 [INFO] Setting up virtual channels...
2026-06-15 18:04:54,012 [INFO] Initializing physical channel correlation histograms...
2026-06-15 18:04:54,012 [INFO]   Physical correlation: ch1 <-> ch2
2026-06-15 18:04:54,012 [INFO]   Physical correlation: ch1 <-> ch3
2026-06-15 18:04:54,020 [INFO]   Physical correlation: ch1 <-> ch4
2026-06-15 18:04:54,020 [INFO]   Physical correlation: ch1 <-> ch5
2026-06-15 18:04:54,020 [INFO]   Physical correlation: ch1 <-> ch6
2026-06-15 18:04:54,020 [INFO]   Physical correlation: ch2 <-> ch3
2026-06-15 18:04:54,020 [INFO]   Physical correlation: ch2 <-> ch4
2026-06-15 18:04:54,020 [INFO]   Physical correlation: ch2 <-> ch5
2026-06-15 18:04:54,020 [INFO]   Physical correlation: ch2 <-> ch6
2026-06-15 18:04:54,020 [INFO]   Physical correlation: ch3 <-> ch4
2026-06-15 18:04:54,020 [INFO]   Physical correlation: ch3 <-> ch5
2026-06-15 18:04:54,020 [INFO]   Physical correlation: ch3 <-> ch6
2026-06-15 18:04:54,020 [INFO]   Physical correlation: ch4 <-> ch5
2026-06-15 18:04:54,020 [INFO]   Physical correlation: ch4 <-> ch6
2026-06-15 18:04:54,028 [INFO]   Physical correlation: ch5 <-> ch6
2026-06-15 18:04:54,028 [INFO] Initializing virtual mode correlation histograms...
2026-06-15 18:04:54,030 [INFO]   Within-mode (H3): ch1 <-> ch2
2026-06-15 18:04:54,030 [INFO]   Cross-mode: H3 <-> H4
2026-06-15 18:04:54,030 [INFO]   Cross-mode: H3 <-> H5
2026-06-15 18:04:54,030 [INFO]   Within-mode (H4): ch3 <-> ch4
2026-06-15 18:04:54,030 [INFO]   Cross-mode: H4 <-> H5
2026-06-15 18:04:54,030 [INFO]   Within-mode (H5): ch5 <-> ch6
2026-06-15 18:04:54,030 [INFO] Measurement starting for 2.000min / 0.033h
2026-06-15 18:06:54,239 [INFO] Measurements finished.
2026-06-15 18:06:54,239 [INFO] Collecting measurement data...
2026-06-15 18:06:54,247 [INFO] Collecting physical correlation data for (1,2)
2026-06-15 18:06:54,247 [INFO] Collecting physical correlation data for (1,3)
2026-06-15 18:06:54,247 [INFO] Collecting physical correlation data for (1,4)
2026-06-15 18:06:54,247 [INFO] Collecting physical correlation data for (1,5)
2026-06-15 18:06:54,255 [INFO] Collecting physical correlation data for (1,6)
2026-06-15 18:06:54,255 [INFO] Collecting physical correlation data for (2,3)
2026-06-15 18:06:54,255 [INFO] Collecting physical correlation data for (2,4)
2026-06-15 18:06:54,255 [INFO] Collecting physical correlation data for (2,5)
2026-06-15 18:06:54,263 [INFO] Collecting physical correlation data for (2,6)
2026-06-15 18:06:54,263 [INFO] Collecting physical correlation data for (3,4)
2026-06-15 18:06:54,263 [INFO] Collecting physical correlation data for (3,5)
2026-06-15 18:06:54,263 [INFO] Collecting physical correlation data for (3,6)
2026-06-15 18:06:54,271 [INFO] Collecting physical correlation data for (4,5)
2026-06-15 18:06:54,271 [INFO] Collecting physical correlation data for (4,6)
2026-06-15 18:06:54,271 [INFO] Collecting physical correlation data for (5,6)
2026-06-15 18:06:54,271 [INFO] Collecting virtual correlation data for (H3,H3)
2026-06-15 18:06:54,271 [INFO] Collecting virtual correlation data for (H3,H4)
2026-06-15 18:06:54,281 [INFO] Collecting virtual correlation data for (H3,H5)
2026-06-15 18:06:54,281 [INFO] Collecting virtual correlation data for (H4,H4)
2026-06-15 18:06:54,281 [INFO] Collecting virtual correlation data for (H4,H5)
2026-06-15 18:06:54,281 [INFO] Collecting virtual correlation data for (H5,H5)
2026-06-15 18:06:54,309 [INFO] Starting writing data to file.
2026-06-15 18:06:54,389 [INFO] Saved data.
2026-06-15 18:06:54,521 [INFO] Merging 1 chunks into running total...
2026-06-15 18:06:54,690 [INFO] ============================================================
2026-06-15 18:06:54,690 [INFO] STATUS REPORT | Duration: 8.00 min (0.133 h)
2026-06-15 18:06:54,690 [INFO] ============================================================
2026-06-15 18:06:54,690 [INFO] COUNTRATES (Physical):
2026-06-15 18:06:54,690 [INFO]   Ch 1: 217.5 kHz (total: 104,387,712)
2026-06-15 18:06:54,690 [INFO]   Ch 2: 281.0 kHz (total: 134,868,899)
2026-06-15 18:06:54,698 [INFO]   Ch 3: 110.6 kHz (total: 53,082,486)
2026-06-15 18:06:54,698 [INFO]   Ch 4: 110.4 kHz (total: 52,992,039)
2026-06-15 18:06:54,700 [INFO]   Ch 5: 27.5 kHz (total: 13,200,255)
2026-06-15 18:06:54,701 [INFO]   Ch 6: 27.0 kHz (total: 12,966,823)
2026-06-15 18:06:54,701 [INFO] COUNTRATES (Virtual):
2026-06-15 18:06:54,701 [INFO]   H3: 498.5 kHz (total: 239,256,611)
2026-06-15 18:06:54,701 [INFO]   H4: 221.0 kHz (total: 106,074,525)
2026-06-15 18:06:54,701 [INFO]   H5: 54.5 kHz (total: 26,167,078)
2026-06-15 18:06:54,701 [INFO] ------------------------------------------------------------
2026-06-15 18:06:54,701 [INFO] COINCIDENCES (threshold: 50000)
2026-06-15 18:06:54,701 [INFO] ------------------------------------------------------------
2026-06-15 18:06:54,701 [INFO] Twofold (physical) (Reached Threshold):
2026-06-15 18:06:54,701 [INFO]   (1,2): 1,699,657 Y
2026-06-15 18:06:54,701 [INFO]   (1,3): 684,308 Y
2026-06-15 18:06:54,709 [INFO]   (1,4): 680,935 Y
2026-06-15 18:06:54,710 [INFO]   (1,5): 172,405 Y
2026-06-15 18:06:54,710 [INFO]   (1,6): 168,676 Y
2026-06-15 18:06:54,710 [INFO]   (2,3): 872,958 Y
2026-06-15 18:06:54,710 [INFO]   (2,4): 870,394 Y
2026-06-15 18:06:54,710 [INFO]   (2,5): 219,024 Y
2026-06-15 18:06:54,710 [INFO]   (2,6): 216,197 Y
2026-06-15 18:06:54,710 [INFO]   (3,4): 350,112 Y
2026-06-15 18:06:54,710 [INFO]   (3,5): 89,558 Y
2026-06-15 18:06:54,710 [INFO]   (3,6): 87,507 Y
2026-06-15 18:06:54,710 [INFO]   (4,5): 88,003 Y
2026-06-15 18:06:54,710 [INFO]   (4,6): 86,716 Y
2026-06-15 18:06:54,710 [INFO]   (5,6): 22,044 X
2026-06-15 18:06:54,710 [INFO] ============================================================
2026-06-15 18:06:54,710 [INFO] >>> 1 combination(s) below threshold <<<
2026-06-15 18:06:54,718 [INFO] ============================================================
2026-06-15 18:06:54,795 [INFO] Updated merged data: C:\Users\QUANTUM\OneDrive - ENSTA\!Working files\HBT\HBT Data\Tests_Jun\2026-06-15_17-44-18_g2_heralded_virtual\MERGED\17-44-18_2026-06-15_18.5mW_num0_MERGED.pkl
2026-06-15 18:06:54,832 [INFO] Found 0 connected Time Tagger(s)
2026-06-15 18:06:56,453 [INFO] t:   1 s, Board temperature: 41.1 °C, FPGA temperature: 57.1 °C
2026-06-15 18:06:57,998 [INFO] t:   2 s, Board temperature: 41.2 °C, FPGA temperature: 56.9 °C
2026-06-15 18:06:59,559 [INFO] t:   3 s, Board temperature: 41.1 °C, FPGA temperature: 57.0 °C
2026-06-15 18:07:01,106 [INFO] t:   4 s, Board temperature: 41.1 °C, FPGA temperature: 57.0 °C
2026-06-15 18:07:02,652 [INFO] t:   5 s, Board temperature: 41.0 °C, FPGA temperature: 56.9 °C
2026-06-15 18:07:02,652 [INFO] The Time Tagger is warmed up.
2026-06-15 18:07:02,660 [INFO] Time Tagger initialized.
2026-06-15 18:07:02,660 [INFO] Chunk 5/5 | Elapsed: 10.0 min
2026-06-15 18:07:02,660 [INFO] Initializing experiment on Time Tagger.
2026-06-15 18:07:02,660 [INFO] Deadtime for channel 1: 0 ps
2026-06-15 18:07:02,660 [INFO] Deadtime for channel 2: 0 ps
2026-06-15 18:07:02,660 [INFO] Deadtime for channel 3: 0 ps
2026-06-15 18:07:02,660 [INFO] Deadtime for channel 4: 0 ps
2026-06-15 18:07:02,660 [INFO] Deadtime for channel 5: 0 ps
2026-06-15 18:07:02,660 [INFO] Deadtime for channel 6: 0 ps
2026-06-15 18:07:02,660 [INFO] Delays on channels enabled.
2026-06-15 18:07:02,660 [INFO] Delay for channel 1: requested=0 ps, actual=0 ps
2026-06-15 18:07:02,660 [INFO] Delay for channel 2: requested=-1000 ps, actual=-1000 ps
2026-06-15 18:07:02,668 [INFO] Delay for channel 3: requested=20000 ps, actual=20000 ps
2026-06-15 18:07:02,668 [INFO] Delay for channel 4: requested=16500 ps, actual=16500 ps
2026-06-15 18:07:02,668 [INFO] Delay for channel 5: requested=17800 ps, actual=17800 ps
2026-06-15 18:07:02,668 [INFO] Delay for channel 6: requested=17300 ps, actual=17300 ps
2026-06-15 18:07:02,668 [INFO] Executing synchronized correlation measurement.
2026-06-15 18:07:02,668 [INFO] Delays on channels enabled.
2026-06-15 18:07:02,668 [INFO] Delay for channel 1: requested=0 ps, actual=0 ps.
2026-06-15 18:07:02,668 [INFO] Delay for channel 2: requested=-1000 ps, actual=-1000 ps.
2026-06-15 18:07:02,668 [INFO] Delay for channel 3: requested=20000 ps, actual=20000 ps.
2026-06-15 18:07:02,668 [INFO] Delay for channel 4: requested=16500 ps, actual=16500 ps.
2026-06-15 18:07:02,668 [INFO] Delay for channel 5: requested=17800 ps, actual=17800 ps.
2026-06-15 18:07:02,668 [INFO] Delay for channel 6: requested=17300 ps, actual=17300 ps.
2026-06-15 18:07:02,668 [INFO] Initializing measurement with virtual mode channels for ALL heralding permutations.
2026-06-15 18:07:02,668 [INFO] Automatically generated modes from input: {'H3': [1, 2], 'H4': [3, 4], 'H5': [5, 6]}
2026-06-15 18:07:02,676 [INFO] Setting up virtual channels...
2026-06-15 18:07:02,676 [INFO] Initializing physical channel correlation histograms...
2026-06-15 18:07:02,676 [INFO]   Physical correlation: ch1 <-> ch2
2026-06-15 18:07:02,676 [INFO]   Physical correlation: ch1 <-> ch3
2026-06-15 18:07:02,676 [INFO]   Physical correlation: ch1 <-> ch4
2026-06-15 18:07:02,676 [INFO]   Physical correlation: ch1 <-> ch5
2026-06-15 18:07:02,676 [INFO]   Physical correlation: ch1 <-> ch6
2026-06-15 18:07:02,676 [INFO]   Physical correlation: ch2 <-> ch3
2026-06-15 18:07:02,676 [INFO]   Physical correlation: ch2 <-> ch4
2026-06-15 18:07:02,676 [INFO]   Physical correlation: ch2 <-> ch5
2026-06-15 18:07:02,676 [INFO]   Physical correlation: ch2 <-> ch6
2026-06-15 18:07:02,684 [INFO]   Physical correlation: ch3 <-> ch4
2026-06-15 18:07:02,684 [INFO]   Physical correlation: ch3 <-> ch5
2026-06-15 18:07:02,684 [INFO]   Physical correlation: ch3 <-> ch6
2026-06-15 18:07:02,684 [INFO]   Physical correlation: ch4 <-> ch5
2026-06-15 18:07:02,684 [INFO]   Physical correlation: ch4 <-> ch6
2026-06-15 18:07:02,684 [INFO]   Physical correlation: ch5 <-> ch6
2026-06-15 18:07:02,684 [INFO] Initializing virtual mode correlation histograms...
2026-06-15 18:07:02,684 [INFO]   Within-mode (H3): ch1 <-> ch2
2026-06-15 18:07:02,684 [INFO]   Cross-mode: H3 <-> H4
2026-06-15 18:07:02,684 [INFO]   Cross-mode: H3 <-> H5
2026-06-15 18:07:02,684 [INFO]   Within-mode (H4): ch3 <-> ch4
2026-06-15 18:07:02,684 [INFO]   Cross-mode: H4 <-> H5
2026-06-15 18:07:02,692 [INFO]   Within-mode (H5): ch5 <-> ch6
2026-06-15 18:07:02,693 [INFO] Measurement starting for 2.000min / 0.033h
2026-06-15 18:09:02,900 [INFO] Measurements finished.
2026-06-15 18:09:02,900 [INFO] Collecting measurement data...
2026-06-15 18:09:02,900 [INFO] Collecting physical correlation data for (1,2)
2026-06-15 18:09:02,908 [INFO] Collecting physical correlation data for (1,3)
2026-06-15 18:09:02,908 [INFO] Collecting physical correlation data for (1,4)
2026-06-15 18:09:02,908 [INFO] Collecting physical correlation data for (1,5)
2026-06-15 18:09:02,908 [INFO] Collecting physical correlation data for (1,6)
2026-06-15 18:09:02,916 [INFO] Collecting physical correlation data for (2,3)
2026-06-15 18:09:02,916 [INFO] Collecting physical correlation data for (2,4)
2026-06-15 18:09:02,916 [INFO] Collecting physical correlation data for (2,5)
2026-06-15 18:09:02,916 [INFO] Collecting physical correlation data for (2,6)
2026-06-15 18:09:02,925 [INFO] Collecting physical correlation data for (3,4)
2026-06-15 18:09:02,926 [INFO] Collecting physical correlation data for (3,5)
2026-06-15 18:09:02,926 [INFO] Collecting physical correlation data for (3,6)
2026-06-15 18:09:02,926 [INFO] Collecting physical correlation data for (4,5)
2026-06-15 18:09:02,926 [INFO] Collecting physical correlation data for (4,6)
2026-06-15 18:09:02,935 [INFO] Collecting physical correlation data for (5,6)
2026-06-15 18:09:02,935 [INFO] Collecting virtual correlation data for (H3,H3)
2026-06-15 18:09:02,935 [INFO] Collecting virtual correlation data for (H3,H4)
2026-06-15 18:09:02,943 [INFO] Collecting virtual correlation data for (H3,H5)
2026-06-15 18:09:02,943 [INFO] Collecting virtual correlation data for (H4,H4)
2026-06-15 18:09:02,943 [INFO] Collecting virtual correlation data for (H4,H5)
2026-06-15 18:09:02,943 [INFO] Collecting virtual correlation data for (H5,H5)
2026-06-15 18:09:02,972 [INFO] Starting writing data to file.
2026-06-15 18:09:03,059 [INFO] Saved data.
2026-06-15 18:09:03,192 [INFO] Merging 1 chunks into running total...
2026-06-15 18:09:03,362 [INFO] ============================================================
2026-06-15 18:09:03,362 [INFO] STATUS REPORT | Duration: 10.00 min (0.167 h)
2026-06-15 18:09:03,362 [INFO] ============================================================
2026-06-15 18:09:03,362 [INFO] COUNTRATES (Physical):
2026-06-15 18:09:03,362 [INFO]   Ch 1: 217.5 kHz (total: 130,470,905)
2026-06-15 18:09:03,362 [INFO]   Ch 2: 280.9 kHz (total: 168,541,924)
2026-06-15 18:09:03,362 [INFO]   Ch 3: 110.6 kHz (total: 66,387,002)
2026-06-15 18:09:03,362 [INFO]   Ch 4: 110.4 kHz (total: 66,257,170)
2026-06-15 18:09:03,362 [INFO]   Ch 5: 27.5 kHz (total: 16,517,803)
2026-06-15 18:09:03,362 [INFO]   Ch 6: 27.1 kHz (total: 16,241,314)
2026-06-15 18:09:03,370 [INFO] COUNTRATES (Virtual):
2026-06-15 18:09:03,370 [INFO]   H3: 498.4 kHz (total: 299,012,829)
2026-06-15 18:09:03,370 [INFO]   H4: 221.1 kHz (total: 132,644,172)
2026-06-15 18:09:03,370 [INFO]   H5: 54.6 kHz (total: 32,759,117)
2026-06-15 18:09:03,370 [INFO] ------------------------------------------------------------
2026-06-15 18:09:03,370 [INFO] COINCIDENCES (threshold: 50000)
2026-06-15 18:09:03,370 [INFO] ------------------------------------------------------------
2026-06-15 18:09:03,370 [INFO] Twofold (physical) (Reached Threshold):
2026-06-15 18:09:03,370 [INFO]   (1,2): 2,125,528 Y
2026-06-15 18:09:03,370 [INFO]   (1,3): 857,234 Y
2026-06-15 18:09:03,370 [INFO]   (1,4): 853,017 Y
2026-06-15 18:09:03,378 [INFO]   (1,5): 216,337 Y
2026-06-15 18:09:03,378 [INFO]   (1,6): 211,306 Y
2026-06-15 18:09:03,378 [INFO]   (2,3): 1,093,312 Y
2026-06-15 18:09:03,378 [INFO]   (2,4): 1,089,372 Y
2026-06-15 18:09:03,378 [INFO]   (2,5): 274,463 Y
2026-06-15 18:09:03,378 [INFO]   (2,6): 270,650 Y
2026-06-15 18:09:03,378 [INFO]   (3,4): 439,098 Y
2026-06-15 18:09:03,378 [INFO]   (3,5): 112,279 Y
2026-06-15 18:09:03,378 [INFO]   (3,6): 109,887 Y
2026-06-15 18:09:03,378 [INFO]   (4,5): 110,460 Y
2026-06-15 18:09:03,385 [INFO]   (4,6): 108,776 Y
2026-06-15 18:09:03,385 [INFO]   (5,6): 27,766 X
2026-06-15 18:09:03,385 [INFO] ============================================================
2026-06-15 18:09:03,385 [INFO] >>> 1 combination(s) below threshold <<<
2026-06-15 18:09:03,385 [INFO] ============================================================
2026-06-15 18:09:03,475 [INFO] Updated merged data: C:\Users\QUANTUM\OneDrive - ENSTA\!Working files\HBT\HBT Data\Tests_Jun\2026-06-15_17-44-18_g2_heralded_virtual\MERGED\17-44-18_2026-06-15_18.5mW_num0_MERGED.pkl
2026-06-15 18:09:03,555 [INFO] Final merged data saved to: C:\Users\QUANTUM\OneDrive - ENSTA\!Working files\HBT\HBT Data\Tests_Jun\2026-06-15_17-44-18_g2_heralded_virtual\MERGED\17-44-18_2026-06-15_18.5mW_num0_MERGED.pkl
2026-06-15 18:09:03,555 [INFO] Total merged duration: 10.00 min
2026-06-15 18:09:03,555 [INFO] Measurement completed in 10.74 min
2026-06-15 18:09:04,411 [INFO] Stage Position: 31
2026-06-15 18:09:04,411 [INFO] Starting chunked acquisition (max 5 chunks / 10.0 min)
2026-06-15 18:09:04,411 [INFO] Chunk duration: 2 min
2026-06-15 18:09:04,411 [INFO] Threshold: 50000 counts, checking every 1 chunks
2026-06-15 18:09:04,469 [INFO] Found 0 connected Time Tagger(s)
2026-06-15 18:09:06,105 [INFO] t:   1 s, Board temperature: 41.1 °C, FPGA temperature: 57.0 °C
2026-06-15 18:09:07,681 [INFO] t:   2 s, Board temperature: 41.0 °C, FPGA temperature: 56.9 °C
2026-06-15 18:09:09,241 [INFO] t:   3 s, Board temperature: 40.9 °C, FPGA temperature: 56.9 °C
2026-06-15 18:09:10,800 [INFO] t:   4 s, Board temperature: 41.1 °C, FPGA temperature: 56.8 °C
2026-06-15 18:09:12,362 [INFO] t:   5 s, Board temperature: 41.1 °C, FPGA temperature: 56.9 °C
2026-06-15 18:09:12,362 [INFO] The Time Tagger is warmed up.
2026-06-15 18:09:12,362 [INFO] Time Tagger initialized.
2026-06-15 18:09:12,362 [INFO] Chunk 1/5 | Elapsed: 2.0 min
2026-06-15 18:09:12,362 [INFO] Initializing experiment on Time Tagger.
2026-06-15 18:09:12,362 [INFO] Deadtime for channel 1: 0 ps
2026-06-15 18:09:12,362 [INFO] Deadtime for channel 2: 0 ps
2026-06-15 18:09:12,362 [INFO] Deadtime for channel 3: 0 ps
2026-06-15 18:09:12,362 [INFO] Deadtime for channel 4: 0 ps
2026-06-15 18:09:12,370 [INFO] Deadtime for channel 5: 0 ps
2026-06-15 18:09:12,370 [INFO] Deadtime for channel 6: 0 ps
2026-06-15 18:09:12,370 [INFO] Delays on channels enabled.
2026-06-15 18:09:12,370 [INFO] Delay for channel 1: requested=0 ps, actual=0 ps
2026-06-15 18:09:12,370 [INFO] Delay for channel 2: requested=-1000 ps, actual=-1000 ps
2026-06-15 18:09:12,370 [INFO] Delay for channel 3: requested=20000 ps, actual=20000 ps
2026-06-15 18:09:12,370 [INFO] Delay for channel 4: requested=16500 ps, actual=16500 ps
2026-06-15 18:09:12,370 [INFO] Delay for channel 5: requested=17800 ps, actual=17800 ps
2026-06-15 18:09:12,370 [INFO] Delay for channel 6: requested=17300 ps, actual=17300 ps
2026-06-15 18:09:12,370 [INFO] Executing synchronized correlation measurement.
2026-06-15 18:09:12,370 [INFO] Delays on channels enabled.
2026-06-15 18:09:12,370 [INFO] Delay for channel 1: requested=0 ps, actual=0 ps.
2026-06-15 18:09:12,370 [INFO] Delay for channel 2: requested=-1000 ps, actual=-1000 ps.
2026-06-15 18:09:12,378 [INFO] Delay for channel 3: requested=20000 ps, actual=20000 ps.
2026-06-15 18:09:12,378 [INFO] Delay for channel 4: requested=16500 ps, actual=16500 ps.
2026-06-15 18:09:12,378 [INFO] Delay for channel 5: requested=17800 ps, actual=17800 ps.
2026-06-15 18:09:12,378 [INFO] Delay for channel 6: requested=17300 ps, actual=17300 ps.
2026-06-15 18:09:12,378 [INFO] Initializing measurement with virtual mode channels for ALL heralding permutations.
2026-06-15 18:09:12,378 [INFO] Automatically generated modes from input: {'H3': [1, 2], 'H4': [3, 4], 'H5': [5, 6]}
2026-06-15 18:09:12,378 [INFO] Setting up virtual channels...
2026-06-15 18:09:12,378 [INFO] Initializing physical channel correlation histograms...
2026-06-15 18:09:12,378 [INFO]   Physical correlation: ch1 <-> ch2
2026-06-15 18:09:12,378 [INFO]   Physical correlation: ch1 <-> ch3
2026-06-15 18:09:12,378 [INFO]   Physical correlation: ch1 <-> ch4
2026-06-15 18:09:12,378 [INFO]   Physical correlation: ch1 <-> ch5
2026-06-15 18:09:12,387 [INFO]   Physical correlation: ch1 <-> ch6
2026-06-15 18:09:12,387 [INFO]   Physical correlation: ch2 <-> ch3
2026-06-15 18:09:12,387 [INFO]   Physical correlation: ch2 <-> ch4
2026-06-15 18:09:12,387 [INFO]   Physical correlation: ch2 <-> ch5
2026-06-15 18:09:12,387 [INFO]   Physical correlation: ch2 <-> ch6
2026-06-15 18:09:12,387 [INFO]   Physical correlation: ch3 <-> ch4
2026-06-15 18:09:12,387 [INFO]   Physical correlation: ch3 <-> ch5
2026-06-15 18:09:12,387 [INFO]   Physical correlation: ch3 <-> ch6
2026-06-15 18:09:12,387 [INFO]   Physical correlation: ch4 <-> ch5
2026-06-15 18:09:12,387 [INFO]   Physical correlation: ch4 <-> ch6
2026-06-15 18:09:12,387 [INFO]   Physical correlation: ch5 <-> ch6
2026-06-15 18:09:12,395 [INFO] Initializing virtual mode correlation histograms...
2026-06-15 18:09:12,395 [INFO]   Within-mode (H3): ch1 <-> ch2
2026-06-15 18:09:12,395 [INFO]   Cross-mode: H3 <-> H4
2026-06-15 18:09:12,395 [INFO]   Cross-mode: H3 <-> H5
2026-06-15 18:09:12,395 [INFO]   Within-mode (H4): ch3 <-> ch4
2026-06-15 18:09:12,395 [INFO]   Cross-mode: H4 <-> H5
2026-06-15 18:09:12,399 [INFO]   Within-mode (H5): ch5 <-> ch6
2026-06-15 18:09:12,399 [INFO] Measurement starting for 2.000min / 0.033h
2026-06-15 18:11:12,657 [INFO] Measurements finished.
2026-06-15 18:11:12,657 [INFO] Collecting measurement data...
2026-06-15 18:11:12,657 [INFO] Collecting physical correlation data for (1,2)
2026-06-15 18:11:12,665 [INFO] Collecting physical correlation data for (1,3)
2026-06-15 18:11:12,665 [INFO] Collecting physical correlation data for (1,4)
2026-06-15 18:11:12,665 [INFO] Collecting physical correlation data for (1,5)
2026-06-15 18:11:12,673 [INFO] Collecting physical correlation data for (1,6)
2026-06-15 18:11:12,675 [INFO] Collecting physical correlation data for (2,3)
2026-06-15 18:11:12,675 [INFO] Collecting physical correlation data for (2,4)
2026-06-15 18:11:12,675 [INFO] Collecting physical correlation data for (2,5)
2026-06-15 18:11:12,681 [INFO] Collecting physical correlation data for (2,6)
2026-06-15 18:11:12,681 [INFO] Collecting physical correlation data for (3,4)
2026-06-15 18:11:12,681 [INFO] Collecting physical correlation data for (3,5)
2026-06-15 18:11:12,689 [INFO] Collecting physical correlation data for (3,6)
2026-06-15 18:11:12,689 [INFO] Collecting physical correlation data for (4,5)
2026-06-15 18:11:12,689 [INFO] Collecting physical correlation data for (4,6)
2026-06-15 18:11:12,689 [INFO] Collecting physical correlation data for (5,6)
2026-06-15 18:11:12,697 [INFO] Collecting virtual correlation data for (H3,H3)
2026-06-15 18:11:12,697 [INFO] Collecting virtual correlation data for (H3,H4)
2026-06-15 18:11:12,697 [INFO] Collecting virtual correlation data for (H3,H5)
2026-06-15 18:11:12,705 [INFO] Collecting virtual correlation data for (H4,H4)
2026-06-15 18:11:12,705 [INFO] Collecting virtual correlation data for (H4,H5)
2026-06-15 18:11:12,711 [INFO] Collecting virtual correlation data for (H5,H5)
2026-06-15 18:11:12,728 [INFO] Starting writing data to file.
2026-06-15 18:11:12,819 [INFO] Saved data.
2026-06-15 18:11:12,961 [INFO] Merging 1 chunks into running total...
2026-06-15 18:11:12,961 [INFO] ============================================================
2026-06-15 18:11:12,961 [INFO] STATUS REPORT | Duration: 2.00 min (0.033 h)
2026-06-15 18:11:12,961 [INFO] ============================================================
2026-06-15 18:11:12,961 [INFO] COUNTRATES (Physical):
2026-06-15 18:11:12,961 [INFO]   Ch 1: 140.4 kHz (total: 16,852,415)
2026-06-15 18:11:12,961 [INFO]   Ch 2: 183.2 kHz (total: 21,987,961)
2026-06-15 18:11:12,969 [INFO]   Ch 3: 62.3 kHz (total: 7,476,948)
2026-06-15 18:11:12,969 [INFO]   Ch 4: 62.4 kHz (total: 7,485,587)
2026-06-15 18:11:12,969 [INFO]   Ch 5: 13.6 kHz (total: 1,631,029)
2026-06-15 18:11:12,969 [INFO]   Ch 6: 13.4 kHz (total: 1,602,891)
2026-06-15 18:11:12,969 [INFO] COUNTRATES (Virtual):
2026-06-15 18:11:12,969 [INFO]   H3: 323.7 kHz (total: 38,840,376)
2026-06-15 18:11:12,969 [INFO]   H4: 124.7 kHz (total: 14,962,535)
2026-06-15 18:11:12,969 [INFO]   H5: 26.9 kHz (total: 3,233,920)
2026-06-15 18:11:12,969 [INFO] ------------------------------------------------------------
2026-06-15 18:11:12,969 [INFO] COINCIDENCES (threshold: 50000)
2026-06-15 18:11:12,969 [INFO] ------------------------------------------------------------
2026-06-15 18:11:12,969 [INFO] Twofold (physical) (Reached Threshold):
2026-06-15 18:11:12,969 [INFO]   (1,2): 179,897 Y
2026-06-15 18:11:12,979 [INFO]   (1,3): 63,172 Y
2026-06-15 18:11:12,979 [INFO]   (1,4): 63,043 Y
2026-06-15 18:11:12,979 [INFO]   (1,5): 14,069 X
2026-06-15 18:11:12,979 [INFO]   (1,6): 13,640 X
2026-06-15 18:11:12,979 [INFO]   (2,3): 80,934 Y
2026-06-15 18:11:12,979 [INFO]   (2,4): 80,506 Y
2026-06-15 18:11:12,979 [INFO]   (2,5): 17,926 X
2026-06-15 18:11:12,979 [INFO]   (2,6): 17,333 X
2026-06-15 18:11:12,979 [INFO]   (3,4): 28,030 X
2026-06-15 18:11:12,979 [INFO]   (3,5): 6,216 X
2026-06-15 18:11:12,979 [INFO]   (3,6): 6,117 X
2026-06-15 18:11:12,979 [INFO]   (4,5): 6,178 X
2026-06-15 18:11:12,989 [INFO]   (4,6): 6,175 X
2026-06-15 18:11:12,989 [INFO]   (5,6): 1,397 X
2026-06-15 18:11:12,989 [INFO] ============================================================
2026-06-15 18:11:12,989 [INFO] >>> 10 combination(s) below threshold <<<
2026-06-15 18:11:12,989 [INFO] ============================================================
2026-06-15 18:11:13,067 [INFO] Updated merged data: C:\Users\QUANTUM\OneDrive - ENSTA\!Working files\HBT\HBT Data\Tests_Jun\2026-06-15_17-44-18_g2_heralded_virtual\MERGED\17-44-18_2026-06-15_16mW_num0_MERGED.pkl
2026-06-15 18:11:13,109 [INFO] Found 0 connected Time Tagger(s)
2026-06-15 18:11:14,711 [INFO] t:   1 s, Board temperature: 41.1 °C, FPGA temperature: 57.0 °C
2026-06-15 18:11:16,290 [INFO] t:   2 s, Board temperature: 41.1 °C, FPGA temperature: 56.9 °C
2026-06-15 18:11:17,869 [INFO] t:   3 s, Board temperature: 40.9 °C, FPGA temperature: 56.9 °C
2026-06-15 18:11:19,424 [INFO] t:   4 s, Board temperature: 41.1 °C, FPGA temperature: 56.9 °C
2026-06-15 18:11:20,988 [INFO] t:   5 s, Board temperature: 41.1 °C, FPGA temperature: 56.9 °C
2026-06-15 18:11:20,988 [INFO] The Time Tagger is warmed up.
2026-06-15 18:11:20,988 [INFO] Time Tagger initialized.
2026-06-15 18:11:20,988 [INFO] Chunk 2/5 | Elapsed: 4.0 min
2026-06-15 18:11:20,988 [INFO] Initializing experiment on Time Tagger.
2026-06-15 18:11:20,988 [INFO] Deadtime for channel 1: 0 ps
2026-06-15 18:11:20,988 [INFO] Deadtime for channel 2: 0 ps
2026-06-15 18:11:20,988 [INFO] Deadtime for channel 3: 0 ps
2026-06-15 18:11:20,996 [INFO] Deadtime for channel 4: 0 ps
2026-06-15 18:11:20,996 [INFO] Deadtime for channel 5: 0 ps
2026-06-15 18:11:20,996 [INFO] Deadtime for channel 6: 0 ps
2026-06-15 18:11:20,996 [INFO] Delays on channels enabled.
2026-06-15 18:11:20,996 [INFO] Delay for channel 1: requested=0 ps, actual=0 ps
2026-06-15 18:11:20,996 [INFO] Delay for channel 2: requested=-1000 ps, actual=-1000 ps
2026-06-15 18:11:20,996 [INFO] Delay for channel 3: requested=20000 ps, actual=20000 ps
2026-06-15 18:11:20,996 [INFO] Delay for channel 4: requested=16500 ps, actual=16500 ps
2026-06-15 18:11:20,996 [INFO] Delay for channel 5: requested=17800 ps, actual=17800 ps
2026-06-15 18:11:20,996 [INFO] Delay for channel 6: requested=17300 ps, actual=17300 ps
2026-06-15 18:11:20,996 [INFO] Executing synchronized correlation measurement.
2026-06-15 18:11:20,996 [INFO] Delays on channels enabled.
2026-06-15 18:11:20,996 [INFO] Delay for channel 1: requested=0 ps, actual=0 ps.
2026-06-15 18:11:20,996 [INFO] Delay for channel 2: requested=-1000 ps, actual=-1000 ps.
2026-06-15 18:11:21,004 [INFO] Delay for channel 3: requested=20000 ps, actual=20000 ps.
2026-06-15 18:11:21,004 [INFO] Delay for channel 4: requested=16500 ps, actual=16500 ps.
2026-06-15 18:11:21,004 [INFO] Delay for channel 5: requested=17800 ps, actual=17800 ps.
2026-06-15 18:11:21,004 [INFO] Delay for channel 6: requested=17300 ps, actual=17300 ps.
2026-06-15 18:11:21,004 [INFO] Initializing measurement with virtual mode channels for ALL heralding permutations.
2026-06-15 18:11:21,004 [INFO] Automatically generated modes from input: {'H3': [1, 2], 'H4': [3, 4], 'H5': [5, 6]}
2026-06-15 18:11:21,004 [INFO] Setting up virtual channels...
2026-06-15 18:11:21,004 [INFO] Initializing physical channel correlation histograms...
2026-06-15 18:11:21,004 [INFO]   Physical correlation: ch1 <-> ch2
2026-06-15 18:11:21,004 [INFO]   Physical correlation: ch1 <-> ch3
2026-06-15 18:11:21,004 [INFO]   Physical correlation: ch1 <-> ch4
2026-06-15 18:11:21,004 [INFO]   Physical correlation: ch1 <-> ch5
2026-06-15 18:11:21,004 [INFO]   Physical correlation: ch1 <-> ch6
2026-06-15 18:11:21,012 [INFO]   Physical correlation: ch2 <-> ch3
2026-06-15 18:11:21,012 [INFO]   Physical correlation: ch2 <-> ch4
2026-06-15 18:11:21,012 [INFO]   Physical correlation: ch2 <-> ch5
2026-06-15 18:11:21,012 [INFO]   Physical correlation: ch2 <-> ch6
2026-06-15 18:11:21,012 [INFO]   Physical correlation: ch3 <-> ch4
2026-06-15 18:11:21,012 [INFO]   Physical correlation: ch3 <-> ch5
2026-06-15 18:11:21,012 [INFO]   Physical correlation: ch3 <-> ch6
2026-06-15 18:11:21,012 [INFO]   Physical correlation: ch4 <-> ch5
2026-06-15 18:11:21,012 [INFO]   Physical correlation: ch4 <-> ch6
2026-06-15 18:11:21,012 [INFO]   Physical correlation: ch5 <-> ch6
2026-06-15 18:11:21,012 [INFO] Initializing virtual mode correlation histograms...
2026-06-15 18:11:21,012 [INFO]   Within-mode (H3): ch1 <-> ch2
2026-06-15 18:11:21,020 [INFO]   Cross-mode: H3 <-> H4
2026-06-15 18:11:21,020 [INFO]   Cross-mode: H3 <-> H5
2026-06-15 18:11:21,020 [INFO]   Within-mode (H4): ch3 <-> ch4
2026-06-15 18:11:21,020 [INFO]   Cross-mode: H4 <-> H5
2026-06-15 18:11:21,020 [INFO]   Within-mode (H5): ch5 <-> ch6
2026-06-15 18:11:21,023 [INFO] Measurement starting for 2.000min / 0.033h
2026-06-15 18:13:21,290 [INFO] Measurements finished.
2026-06-15 18:13:21,290 [INFO] Collecting measurement data...
2026-06-15 18:13:21,290 [INFO] Collecting physical correlation data for (1,2)
2026-06-15 18:13:21,290 [INFO] Collecting physical correlation data for (1,3)
2026-06-15 18:13:21,298 [INFO] Collecting physical correlation data for (1,4)
2026-06-15 18:13:21,298 [INFO] Collecting physical correlation data for (1,5)
2026-06-15 18:13:21,298 [INFO] Collecting physical correlation data for (1,6)
2026-06-15 18:13:21,298 [INFO] Collecting physical correlation data for (2,3)
2026-06-15 18:13:21,306 [INFO] Collecting physical correlation data for (2,4)
2026-06-15 18:13:21,306 [INFO] Collecting physical correlation data for (2,5)
2026-06-15 18:13:21,306 [INFO] Collecting physical correlation data for (2,6)
2026-06-15 18:13:21,306 [INFO] Collecting physical correlation data for (3,4)
2026-06-15 18:13:21,314 [INFO] Collecting physical correlation data for (3,5)
2026-06-15 18:13:21,314 [INFO] Collecting physical correlation data for (3,6)
2026-06-15 18:13:21,314 [INFO] Collecting physical correlation data for (4,5)
2026-06-15 18:13:21,320 [INFO] Collecting physical correlation data for (4,6)
2026-06-15 18:13:21,320 [INFO] Collecting physical correlation data for (5,6)
2026-06-15 18:13:21,320 [INFO] Collecting virtual correlation data for (H3,H3)
2026-06-15 18:13:21,320 [INFO] Collecting virtual correlation data for (H3,H4)
2026-06-15 18:13:21,328 [INFO] Collecting virtual correlation data for (H3,H5)
2026-06-15 18:13:21,328 [INFO] Collecting virtual correlation data for (H4,H4)
2026-06-15 18:13:21,328 [INFO] Collecting virtual correlation data for (H4,H5)
2026-06-15 18:13:21,328 [INFO] Collecting virtual correlation data for (H5,H5)
2026-06-15 18:13:21,353 [INFO] Starting writing data to file.
2026-06-15 18:13:21,432 [INFO] Saved data.
2026-06-15 18:13:21,542 [INFO] Merging 1 chunks into running total...
2026-06-15 18:13:21,718 [INFO] ============================================================
2026-06-15 18:13:21,718 [INFO] STATUS REPORT | Duration: 4.00 min (0.067 h)
2026-06-15 18:13:21,718 [INFO] ============================================================
2026-06-15 18:13:21,718 [INFO] COUNTRATES (Physical):
2026-06-15 18:13:21,726 [INFO]   Ch 1: 140.7 kHz (total: 33,767,921)
2026-06-15 18:13:21,726 [INFO]   Ch 2: 183.5 kHz (total: 44,033,021)
2026-06-15 18:13:21,726 [INFO]   Ch 3: 62.5 kHz (total: 14,988,116)
2026-06-15 18:13:21,726 [INFO]   Ch 4: 62.5 kHz (total: 14,997,357)
2026-06-15 18:13:21,726 [INFO]   Ch 5: 13.6 kHz (total: 3,269,612)
2026-06-15 18:13:21,726 [INFO]   Ch 6: 13.4 kHz (total: 3,217,285)
2026-06-15 18:13:21,726 [INFO] COUNTRATES (Virtual):
2026-06-15 18:13:21,726 [INFO]   H3: 324.2 kHz (total: 77,800,942)
2026-06-15 18:13:21,726 [INFO]   H4: 124.9 kHz (total: 29,985,473)
2026-06-15 18:13:21,726 [INFO]   H5: 27.0 kHz (total: 6,486,897)
2026-06-15 18:13:21,726 [INFO] ------------------------------------------------------------
2026-06-15 18:13:21,734 [INFO] COINCIDENCES (threshold: 50000)
2026-06-15 18:13:21,734 [INFO] ------------------------------------------------------------
2026-06-15 18:13:21,734 [INFO] Twofold (physical) (Reached Threshold):
2026-06-15 18:13:21,734 [INFO]   (1,2): 361,755 Y
2026-06-15 18:13:21,734 [INFO]   (1,3): 126,368 Y
2026-06-15 18:13:21,734 [INFO]   (1,4): 126,218 Y
2026-06-15 18:13:21,734 [INFO]   (1,5): 27,949 X
2026-06-15 18:13:21,734 [INFO]   (1,6): 27,398 X
2026-06-15 18:13:21,734 [INFO]   (2,3): 162,309 Y
2026-06-15 18:13:21,734 [INFO]   (2,4): 161,867 Y
2026-06-15 18:13:21,734 [INFO]   (2,5): 36,062 X
2026-06-15 18:13:21,734 [INFO]   (2,6): 35,021 X
2026-06-15 18:13:21,734 [INFO]   (3,4): 56,497 Y
2026-06-15 18:13:21,743 [INFO]   (3,5): 12,508 X
2026-06-15 18:13:21,743 [INFO]   (3,6): 12,182 X
2026-06-15 18:13:21,743 [INFO]   (4,5): 12,414 X
2026-06-15 18:13:21,743 [INFO]   (4,6): 12,235 X
2026-06-15 18:13:21,743 [INFO]   (5,6): 2,851 X
2026-06-15 18:13:21,743 [INFO] ============================================================
2026-06-15 18:13:21,743 [INFO] >>> 9 combination(s) below threshold <<<
2026-06-15 18:13:21,743 [INFO] ============================================================
2026-06-15 18:13:21,824 [INFO] Updated merged data: C:\Users\QUANTUM\OneDrive - ENSTA\!Working files\HBT\HBT Data\Tests_Jun\2026-06-15_17-44-18_g2_heralded_virtual\MERGED\17-44-18_2026-06-15_16mW_num0_MERGED.pkl
2026-06-15 18:13:21,872 [INFO] Found 0 connected Time Tagger(s)
2026-06-15 18:13:23,483 [INFO] t:   1 s, Board temperature: 40.9 °C, FPGA temperature: 56.9 °C
2026-06-15 18:13:25,040 [INFO] t:   2 s, Board temperature: 40.9 °C, FPGA temperature: 56.9 °C
2026-06-15 18:13:26,624 [INFO] t:   3 s, Board temperature: 40.9 °C, FPGA temperature: 57.0 °C
2026-06-15 18:13:28,172 [INFO] t:   4 s, Board temperature: 40.8 °C, FPGA temperature: 56.9 °C
2026-06-15 18:13:29,750 [INFO] t:   5 s, Board temperature: 41.0 °C, FPGA temperature: 56.9 °C
2026-06-15 18:13:29,750 [INFO] The Time Tagger is warmed up.
2026-06-15 18:13:29,750 [INFO] Time Tagger initialized.
2026-06-15 18:13:29,750 [INFO] Chunk 3/5 | Elapsed: 6.0 min
2026-06-15 18:13:29,750 [INFO] Initializing experiment on Time Tagger.
2026-06-15 18:13:29,750 [INFO] Deadtime for channel 1: 0 ps
2026-06-15 18:13:29,750 [INFO] Deadtime for channel 2: 0 ps
2026-06-15 18:13:29,750 [INFO] Deadtime for channel 3: 0 ps
2026-06-15 18:13:29,758 [INFO] Deadtime for channel 4: 0 ps
2026-06-15 18:13:29,758 [INFO] Deadtime for channel 5: 0 ps
2026-06-15 18:13:29,758 [INFO] Deadtime for channel 6: 0 ps
2026-06-15 18:13:29,758 [INFO] Delays on channels enabled.
2026-06-15 18:13:29,758 [INFO] Delay for channel 1: requested=0 ps, actual=0 ps
2026-06-15 18:13:29,758 [INFO] Delay for channel 2: requested=-1000 ps, actual=-1000 ps
2026-06-15 18:13:29,758 [INFO] Delay for channel 3: requested=20000 ps, actual=20000 ps
2026-06-15 18:13:29,758 [INFO] Delay for channel 4: requested=16500 ps, actual=16500 ps
2026-06-15 18:13:29,758 [INFO] Delay for channel 5: requested=17800 ps, actual=17800 ps
2026-06-15 18:13:29,758 [INFO] Delay for channel 6: requested=17300 ps, actual=17300 ps
2026-06-15 18:13:29,758 [INFO] Executing synchronized correlation measurement.
2026-06-15 18:13:29,766 [INFO] Delays on channels enabled.
2026-06-15 18:13:29,766 [INFO] Delay for channel 1: requested=0 ps, actual=0 ps.
2026-06-15 18:13:29,766 [INFO] Delay for channel 2: requested=-1000 ps, actual=-1000 ps.
2026-06-15 18:13:29,766 [INFO] Delay for channel 3: requested=20000 ps, actual=20000 ps.
2026-06-15 18:13:29,766 [INFO] Delay for channel 4: requested=16500 ps, actual=16500 ps.
2026-06-15 18:13:29,766 [INFO] Delay for channel 5: requested=17800 ps, actual=17800 ps.
2026-06-15 18:13:29,766 [INFO] Delay for channel 6: requested=17300 ps, actual=17300 ps.
2026-06-15 18:13:29,766 [INFO] Initializing measurement with virtual mode channels for ALL heralding permutations.
2026-06-15 18:13:29,766 [INFO] Automatically generated modes from input: {'H3': [1, 2], 'H4': [3, 4], 'H5': [5, 6]}
2026-06-15 18:13:29,766 [INFO] Setting up virtual channels...
2026-06-15 18:13:29,774 [INFO] Initializing physical channel correlation histograms...
2026-06-15 18:13:29,774 [INFO]   Physical correlation: ch1 <-> ch2
2026-06-15 18:13:29,774 [INFO]   Physical correlation: ch1 <-> ch3
2026-06-15 18:13:29,774 [INFO]   Physical correlation: ch1 <-> ch4
2026-06-15 18:13:29,774 [INFO]   Physical correlation: ch1 <-> ch5
2026-06-15 18:13:29,774 [INFO]   Physical correlation: ch1 <-> ch6
2026-06-15 18:13:29,774 [INFO]   Physical correlation: ch2 <-> ch3
2026-06-15 18:13:29,774 [INFO]   Physical correlation: ch2 <-> ch4
2026-06-15 18:13:29,774 [INFO]   Physical correlation: ch2 <-> ch5
2026-06-15 18:13:29,774 [INFO]   Physical correlation: ch2 <-> ch6
2026-06-15 18:13:29,782 [INFO]   Physical correlation: ch3 <-> ch4
2026-06-15 18:13:29,782 [INFO]   Physical correlation: ch3 <-> ch5
2026-06-15 18:13:29,782 [INFO]   Physical correlation: ch3 <-> ch6
2026-06-15 18:13:29,782 [INFO]   Physical correlation: ch4 <-> ch5
2026-06-15 18:13:29,782 [INFO]   Physical correlation: ch4 <-> ch6
2026-06-15 18:13:29,782 [INFO]   Physical correlation: ch5 <-> ch6
2026-06-15 18:13:29,782 [INFO] Initializing virtual mode correlation histograms...
2026-06-15 18:13:29,782 [INFO]   Within-mode (H3): ch1 <-> ch2
2026-06-15 18:13:29,782 [INFO]   Cross-mode: H3 <-> H4
2026-06-15 18:13:29,782 [INFO]   Cross-mode: H3 <-> H5
2026-06-15 18:13:29,782 [INFO]   Within-mode (H4): ch3 <-> ch4
2026-06-15 18:13:29,790 [INFO]   Cross-mode: H4 <-> H5
2026-06-15 18:13:29,790 [INFO]   Within-mode (H5): ch5 <-> ch6
2026-06-15 18:13:29,790 [INFO] Measurement starting for 2.000min / 0.033h
2026-06-15 18:15:30,032 [INFO] Measurements finished.
2026-06-15 18:15:30,032 [INFO] Collecting measurement data...
2026-06-15 18:15:30,032 [INFO] Collecting physical correlation data for (1,2)
2026-06-15 18:15:30,032 [INFO] Collecting physical correlation data for (1,3)
2026-06-15 18:15:30,040 [INFO] Collecting physical correlation data for (1,4)
2026-06-15 18:15:30,040 [INFO] Collecting physical correlation data for (1,5)
2026-06-15 18:15:30,040 [INFO] Collecting physical correlation data for (1,6)
2026-06-15 18:15:30,048 [INFO] Collecting physical correlation data for (2,3)
2026-06-15 18:15:30,053 [INFO] Collecting physical correlation data for (2,4)
2026-06-15 18:15:30,053 [INFO] Collecting physical correlation data for (2,5)
2026-06-15 18:15:30,053 [INFO] Collecting physical correlation data for (2,6)
2026-06-15 18:15:30,061 [INFO] Collecting physical correlation data for (3,4)
2026-06-15 18:15:30,061 [INFO] Collecting physical correlation data for (3,5)
2026-06-15 18:15:30,061 [INFO] Collecting physical correlation data for (3,6)
2026-06-15 18:15:30,061 [INFO] Collecting physical correlation data for (4,5)
2026-06-15 18:15:30,069 [INFO] Collecting physical correlation data for (4,6)
2026-06-15 18:15:30,069 [INFO] Collecting physical correlation data for (5,6)
2026-06-15 18:15:30,069 [INFO] Collecting virtual correlation data for (H3,H3)
2026-06-15 18:15:30,077 [INFO] Collecting virtual correlation data for (H3,H4)
2026-06-15 18:15:30,077 [INFO] Collecting virtual correlation data for (H3,H5)
2026-06-15 18:15:30,077 [INFO] Collecting virtual correlation data for (H4,H4)
2026-06-15 18:15:30,085 [INFO] Collecting virtual correlation data for (H4,H5)
2026-06-15 18:15:30,085 [INFO] Collecting virtual correlation data for (H5,H5)
2026-06-15 18:15:30,102 [INFO] Starting writing data to file.
2026-06-15 18:15:30,195 [INFO] Saved data.
2026-06-15 18:15:30,344 [INFO] Merging 1 chunks into running total...
2026-06-15 18:15:30,522 [INFO] ============================================================
2026-06-15 18:15:30,522 [INFO] STATUS REPORT | Duration: 6.00 min (0.100 h)
2026-06-15 18:15:30,522 [INFO] ============================================================
2026-06-15 18:15:30,530 [INFO] COUNTRATES (Physical):
2026-06-15 18:15:30,530 [INFO]   Ch 1: 140.3 kHz (total: 50,506,605)
2026-06-15 18:15:30,530 [INFO]   Ch 2: 183.1 kHz (total: 65,921,356)
2026-06-15 18:15:30,530 [INFO]   Ch 3: 62.3 kHz (total: 22,420,324)
2026-06-15 18:15:30,530 [INFO]   Ch 4: 62.3 kHz (total: 22,441,854)
2026-06-15 18:15:30,530 [INFO]   Ch 5: 13.6 kHz (total: 4,888,238)
2026-06-15 18:15:30,530 [INFO]   Ch 6: 13.4 kHz (total: 4,807,697)
2026-06-15 18:15:30,530 [INFO] COUNTRATES (Virtual):
2026-06-15 18:15:30,538 [INFO]   H3: 323.4 kHz (total: 116,427,961)
2026-06-15 18:15:30,538 [INFO]   H4: 124.6 kHz (total: 44,862,178)
2026-06-15 18:15:30,538 [INFO]   H5: 26.9 kHz (total: 9,695,935)
2026-06-15 18:15:30,538 [INFO] ------------------------------------------------------------
2026-06-15 18:15:30,538 [INFO] COINCIDENCES (threshold: 50000)
2026-06-15 18:15:30,538 [INFO] ------------------------------------------------------------
2026-06-15 18:15:30,538 [INFO] Twofold (physical) (Reached Threshold):
2026-06-15 18:15:30,538 [INFO]   (1,2): 540,658 Y
2026-06-15 18:15:30,546 [INFO]   (1,3): 188,439 Y
2026-06-15 18:15:30,546 [INFO]   (1,4): 188,213 Y
2026-06-15 18:15:30,546 [INFO]   (1,5): 41,563 X
2026-06-15 18:15:30,546 [INFO]   (1,6): 40,773 X
2026-06-15 18:15:30,546 [INFO]   (2,3): 242,320 Y
2026-06-15 18:15:30,546 [INFO]   (2,4): 241,965 Y
2026-06-15 18:15:30,546 [INFO]   (2,5): 53,949 Y
2026-06-15 18:15:30,546 [INFO]   (2,6): 52,014 Y
2026-06-15 18:15:30,546 [INFO]   (3,4): 84,373 Y
2026-06-15 18:15:30,554 [INFO]   (3,5): 18,636 X
2026-06-15 18:15:30,554 [INFO]   (3,6): 18,188 X
2026-06-15 18:15:30,554 [INFO]   (4,5): 18,506 X
2026-06-15 18:15:30,554 [INFO]   (4,6): 18,240 X
2026-06-15 18:15:30,554 [INFO]   (5,6): 4,177 X
2026-06-15 18:15:30,554 [INFO] ============================================================
2026-06-15 18:15:30,554 [INFO] >>> 7 combination(s) below threshold <<<
2026-06-15 18:15:30,554 [INFO] ============================================================
2026-06-15 18:15:30,647 [INFO] Updated merged data: C:\Users\QUANTUM\OneDrive - ENSTA\!Working files\HBT\HBT Data\Tests_Jun\2026-06-15_17-44-18_g2_heralded_virtual\MERGED\17-44-18_2026-06-15_16mW_num0_MERGED.pkl
2026-06-15 18:15:30,696 [INFO] Found 0 connected Time Tagger(s)
2026-06-15 18:15:32,330 [INFO] t:   1 s, Board temperature: 41.1 °C, FPGA temperature: 56.9 °C
2026-06-15 18:15:33,882 [INFO] t:   2 s, Board temperature: 41.1 °C, FPGA temperature: 56.9 °C
2026-06-15 18:15:35,445 [INFO] t:   3 s, Board temperature: 41.1 °C, FPGA temperature: 56.9 °C
2026-06-15 18:15:36,994 [INFO] t:   4 s, Board temperature: 41.1 °C, FPGA temperature: 56.9 °C
2026-06-15 18:15:38,561 [INFO] t:   5 s, Board temperature: 41.1 °C, FPGA temperature: 56.9 °C
2026-06-15 18:15:38,561 [INFO] The Time Tagger is warmed up.
2026-06-15 18:15:38,561 [INFO] Time Tagger initialized.
2026-06-15 18:15:38,561 [INFO] Chunk 4/5 | Elapsed: 8.0 min
2026-06-15 18:15:38,561 [INFO] Initializing experiment on Time Tagger.
2026-06-15 18:15:38,561 [INFO] Deadtime for channel 1: 0 ps
2026-06-15 18:15:38,569 [INFO] Deadtime for channel 2: 0 ps
2026-06-15 18:15:38,569 [INFO] Deadtime for channel 3: 0 ps
2026-06-15 18:15:38,569 [INFO] Deadtime for channel 4: 0 ps
2026-06-15 18:15:38,569 [INFO] Deadtime for channel 5: 0 ps
2026-06-15 18:15:38,569 [INFO] Deadtime for channel 6: 0 ps
2026-06-15 18:15:38,569 [INFO] Delays on channels enabled.
2026-06-15 18:15:38,569 [INFO] Delay for channel 1: requested=0 ps, actual=0 ps
2026-06-15 18:15:38,569 [INFO] Delay for channel 2: requested=-1000 ps, actual=-1000 ps
2026-06-15 18:15:38,569 [INFO] Delay for channel 3: requested=20000 ps, actual=20000 ps
2026-06-15 18:15:38,569 [INFO] Delay for channel 4: requested=16500 ps, actual=16500 ps
2026-06-15 18:15:38,577 [INFO] Delay for channel 5: requested=17800 ps, actual=17800 ps
2026-06-15 18:15:38,577 [INFO] Delay for channel 6: requested=17300 ps, actual=17300 ps
2026-06-15 18:15:38,577 [INFO] Executing synchronized correlation measurement.
2026-06-15 18:15:38,577 [INFO] Delays on channels enabled.
2026-06-15 18:15:38,577 [INFO] Delay for channel 1: requested=0 ps, actual=0 ps.
2026-06-15 18:15:38,577 [INFO] Delay for channel 2: requested=-1000 ps, actual=-1000 ps.
2026-06-15 18:15:38,577 [INFO] Delay for channel 3: requested=20000 ps, actual=20000 ps.
2026-06-15 18:15:38,577 [INFO] Delay for channel 4: requested=16500 ps, actual=16500 ps.
2026-06-15 18:15:38,577 [INFO] Delay for channel 5: requested=17800 ps, actual=17800 ps.
2026-06-15 18:15:38,577 [INFO] Delay for channel 6: requested=17300 ps, actual=17300 ps.
2026-06-15 18:15:38,577 [INFO] Initializing measurement with virtual mode channels for ALL heralding permutations.
2026-06-15 18:15:38,577 [INFO] Automatically generated modes from input: {'H3': [1, 2], 'H4': [3, 4], 'H5': [5, 6]}
2026-06-15 18:15:38,577 [INFO] Setting up virtual channels...
2026-06-15 18:15:38,585 [INFO] Initializing physical channel correlation histograms...
2026-06-15 18:15:38,585 [INFO]   Physical correlation: ch1 <-> ch2
2026-06-15 18:15:38,585 [INFO]   Physical correlation: ch1 <-> ch3
2026-06-15 18:15:38,585 [INFO]   Physical correlation: ch1 <-> ch4
2026-06-15 18:15:38,585 [INFO]   Physical correlation: ch1 <-> ch5
2026-06-15 18:15:38,585 [INFO]   Physical correlation: ch1 <-> ch6
2026-06-15 18:15:38,585 [INFO]   Physical correlation: ch2 <-> ch3
2026-06-15 18:15:38,585 [INFO]   Physical correlation: ch2 <-> ch4
2026-06-15 18:15:38,585 [INFO]   Physical correlation: ch2 <-> ch5
2026-06-15 18:15:38,585 [INFO]   Physical correlation: ch2 <-> ch6
2026-06-15 18:15:38,585 [INFO]   Physical correlation: ch3 <-> ch4
2026-06-15 18:15:38,593 [INFO]   Physical correlation: ch3 <-> ch5
2026-06-15 18:15:38,593 [INFO]   Physical correlation: ch3 <-> ch6
2026-06-15 18:15:38,593 [INFO]   Physical correlation: ch4 <-> ch5
2026-06-15 18:15:38,593 [INFO]   Physical correlation: ch4 <-> ch6
2026-06-15 18:15:38,593 [INFO]   Physical correlation: ch5 <-> ch6
2026-06-15 18:15:38,596 [INFO] Initializing virtual mode correlation histograms...
2026-06-15 18:15:38,596 [INFO]   Within-mode (H3): ch1 <-> ch2
2026-06-15 18:15:38,596 [INFO]   Cross-mode: H3 <-> H4
2026-06-15 18:15:38,596 [INFO]   Cross-mode: H3 <-> H5
2026-06-15 18:15:38,596 [INFO]   Within-mode (H4): ch3 <-> ch4
2026-06-15 18:15:38,596 [INFO]   Cross-mode: H4 <-> H5
2026-06-15 18:15:38,596 [INFO]   Within-mode (H5): ch5 <-> ch6
2026-06-15 18:15:38,596 [INFO] Measurement starting for 2.000min / 0.033h
2026-06-15 18:17:38,858 [INFO] Measurements finished.
2026-06-15 18:17:38,858 [INFO] Collecting measurement data...
2026-06-15 18:17:38,858 [INFO] Collecting physical correlation data for (1,2)
2026-06-15 18:17:38,858 [INFO] Collecting physical correlation data for (1,3)
2026-06-15 18:17:38,858 [INFO] Collecting physical correlation data for (1,4)
2026-06-15 18:17:38,858 [INFO] Collecting physical correlation data for (1,5)
2026-06-15 18:17:38,866 [INFO] Collecting physical correlation data for (1,6)
2026-06-15 18:17:38,866 [INFO] Collecting physical correlation data for (2,3)
2026-06-15 18:17:38,866 [INFO] Collecting physical correlation data for (2,4)
2026-06-15 18:17:38,874 [INFO] Collecting physical correlation data for (2,5)
2026-06-15 18:17:38,874 [INFO] Collecting physical correlation data for (2,6)
2026-06-15 18:17:38,874 [INFO] Collecting physical correlation data for (3,4)
2026-06-15 18:17:38,874 [INFO] Collecting physical correlation data for (3,5)
2026-06-15 18:17:38,883 [INFO] Collecting physical correlation data for (3,6)
2026-06-15 18:17:38,883 [INFO] Collecting physical correlation data for (4,5)
2026-06-15 18:17:38,891 [INFO] Collecting physical correlation data for (4,6)
2026-06-15 18:17:38,891 [INFO] Collecting physical correlation data for (5,6)
2026-06-15 18:17:38,896 [INFO] Collecting virtual correlation data for (H3,H3)
2026-06-15 18:17:38,896 [INFO] Collecting virtual correlation data for (H3,H4)
2026-06-15 18:17:38,896 [INFO] Collecting virtual correlation data for (H3,H5)
2026-06-15 18:17:38,896 [INFO] Collecting virtual correlation data for (H4,H4)
2026-06-15 18:17:38,904 [INFO] Collecting virtual correlation data for (H4,H5)
2026-06-15 18:17:38,904 [INFO] Collecting virtual correlation data for (H5,H5)
2026-06-15 18:17:38,921 [INFO] Starting writing data to file.
2026-06-15 18:17:39,009 [INFO] Saved data.
2026-06-15 18:17:39,137 [INFO] Merging 1 chunks into running total...
2026-06-15 18:17:39,308 [INFO] ============================================================
2026-06-15 18:17:39,308 [INFO] STATUS REPORT | Duration: 8.00 min (0.133 h)
2026-06-15 18:17:39,308 [INFO] ============================================================
2026-06-15 18:17:39,308 [INFO] COUNTRATES (Physical):
2026-06-15 18:17:39,308 [INFO]   Ch 1: 140.5 kHz (total: 67,454,383)
2026-06-15 18:17:39,318 [INFO]   Ch 2: 183.3 kHz (total: 87,972,654)
2026-06-15 18:17:39,318 [INFO]   Ch 3: 62.4 kHz (total: 29,936,328)
2026-06-15 18:17:39,318 [INFO]   Ch 4: 62.4 kHz (total: 29,963,145)
2026-06-15 18:17:39,318 [INFO]   Ch 5: 13.6 kHz (total: 6,530,044)
2026-06-15 18:17:39,318 [INFO]   Ch 6: 13.4 kHz (total: 6,420,659)
2026-06-15 18:17:39,318 [INFO] COUNTRATES (Virtual):
2026-06-15 18:17:39,318 [INFO]   H3: 323.8 kHz (total: 155,427,037)
2026-06-15 18:17:39,318 [INFO]   H4: 124.8 kHz (total: 59,899,473)
2026-06-15 18:17:39,318 [INFO]   H5: 27.0 kHz (total: 12,950,703)
2026-06-15 18:17:39,318 [INFO] ------------------------------------------------------------
2026-06-15 18:17:39,318 [INFO] COINCIDENCES (threshold: 50000)
2026-06-15 18:17:39,318 [INFO] ------------------------------------------------------------
2026-06-15 18:17:39,318 [INFO] Twofold (physical) (Reached Threshold):
2026-06-15 18:17:39,318 [INFO]   (1,2): 722,506 Y
2026-06-15 18:17:39,318 [INFO]   (1,3): 252,221 Y
2026-06-15 18:17:39,328 [INFO]   (1,4): 251,278 Y
2026-06-15 18:17:39,328 [INFO]   (1,5): 55,538 Y
2026-06-15 18:17:39,328 [INFO]   (1,6): 54,546 Y
2026-06-15 18:17:39,328 [INFO]   (2,3): 323,877 Y
2026-06-15 18:17:39,328 [INFO]   (2,4): 323,114 Y
2026-06-15 18:17:39,328 [INFO]   (2,5): 71,911 Y
2026-06-15 18:17:39,328 [INFO]   (2,6): 69,688 Y
2026-06-15 18:17:39,328 [INFO]   (3,4): 112,696 Y
2026-06-15 18:17:39,328 [INFO]   (3,5): 24,931 X
2026-06-15 18:17:39,328 [INFO]   (3,6): 24,246 X
2026-06-15 18:17:39,328 [INFO]   (4,5): 24,765 X
2026-06-15 18:17:39,328 [INFO]   (4,6): 24,602 X
2026-06-15 18:17:39,328 [INFO]   (5,6): 5,580 X
2026-06-15 18:17:39,336 [INFO] ============================================================
2026-06-15 18:17:39,336 [INFO] >>> 5 combination(s) below threshold <<<
2026-06-15 18:17:39,336 [INFO] ============================================================
2026-06-15 18:17:39,417 [INFO] Updated merged data: C:\Users\QUANTUM\OneDrive - ENSTA\!Working files\HBT\HBT Data\Tests_Jun\2026-06-15_17-44-18_g2_heralded_virtual\MERGED\17-44-18_2026-06-15_16mW_num0_MERGED.pkl
2026-06-15 18:17:39,455 [INFO] Found 0 connected Time Tagger(s)
2026-06-15 18:17:41,075 [INFO] t:   1 s, Board temperature: 41.0 °C, FPGA temperature: 56.8 °C
2026-06-15 18:17:42,632 [INFO] t:   2 s, Board temperature: 41.0 °C, FPGA temperature: 56.9 °C
2026-06-15 18:17:44,197 [INFO] t:   3 s, Board temperature: 41.1 °C, FPGA temperature: 56.9 °C
2026-06-15 18:17:45,748 [INFO] t:   4 s, Board temperature: 41.1 °C, FPGA temperature: 57.0 °C
2026-06-15 18:17:47,287 [INFO] t:   5 s, Board temperature: 41.1 °C, FPGA temperature: 57.0 °C
2026-06-15 18:17:47,295 [INFO] The Time Tagger is warmed up.
2026-06-15 18:17:47,295 [INFO] Time Tagger initialized.
2026-06-15 18:17:47,295 [INFO] Chunk 5/5 | Elapsed: 10.0 min
2026-06-15 18:17:47,295 [INFO] Initializing experiment on Time Tagger.
2026-06-15 18:17:47,295 [INFO] Deadtime for channel 1: 0 ps
2026-06-15 18:17:47,295 [INFO] Deadtime for channel 2: 0 ps
2026-06-15 18:17:47,295 [INFO] Deadtime for channel 3: 0 ps
2026-06-15 18:17:47,295 [INFO] Deadtime for channel 4: 0 ps
2026-06-15 18:17:47,295 [INFO] Deadtime for channel 5: 0 ps
2026-06-15 18:17:47,295 [INFO] Deadtime for channel 6: 0 ps
2026-06-15 18:17:47,295 [INFO] Delays on channels enabled.
2026-06-15 18:17:47,295 [INFO] Delay for channel 1: requested=0 ps, actual=0 ps
2026-06-15 18:17:47,303 [INFO] Delay for channel 2: requested=-1000 ps, actual=-1000 ps
2026-06-15 18:17:47,303 [INFO] Delay for channel 3: requested=20000 ps, actual=20000 ps
2026-06-15 18:17:47,303 [INFO] Delay for channel 4: requested=16500 ps, actual=16500 ps
2026-06-15 18:17:47,303 [INFO] Delay for channel 5: requested=17800 ps, actual=17800 ps
2026-06-15 18:17:47,303 [INFO] Delay for channel 6: requested=17300 ps, actual=17300 ps
2026-06-15 18:17:47,303 [INFO] Executing synchronized correlation measurement.
2026-06-15 18:17:47,303 [INFO] Delays on channels enabled.
2026-06-15 18:17:47,303 [INFO] Delay for channel 1: requested=0 ps, actual=0 ps.
2026-06-15 18:17:47,303 [INFO] Delay for channel 2: requested=-1000 ps, actual=-1000 ps.
2026-06-15 18:17:47,303 [INFO] Delay for channel 3: requested=20000 ps, actual=20000 ps.
2026-06-15 18:17:47,303 [INFO] Delay for channel 4: requested=16500 ps, actual=16500 ps.
2026-06-15 18:17:47,303 [INFO] Delay for channel 5: requested=17800 ps, actual=17800 ps.
2026-06-15 18:17:47,303 [INFO] Delay for channel 6: requested=17300 ps, actual=17300 ps.
2026-06-15 18:17:47,311 [INFO] Initializing measurement with virtual mode channels for ALL heralding permutations.
2026-06-15 18:17:47,311 [INFO] Automatically generated modes from input: {'H3': [1, 2], 'H4': [3, 4], 'H5': [5, 6]}
2026-06-15 18:17:47,311 [INFO] Setting up virtual channels...
2026-06-15 18:17:47,311 [INFO] Initializing physical channel correlation histograms...
2026-06-15 18:17:47,311 [INFO]   Physical correlation: ch1 <-> ch2
2026-06-15 18:17:47,311 [INFO]   Physical correlation: ch1 <-> ch3
2026-06-15 18:17:47,311 [INFO]   Physical correlation: ch1 <-> ch4
2026-06-15 18:17:47,311 [INFO]   Physical correlation: ch1 <-> ch5
2026-06-15 18:17:47,317 [INFO]   Physical correlation: ch1 <-> ch6
2026-06-15 18:17:47,317 [INFO]   Physical correlation: ch2 <-> ch3
2026-06-15 18:17:47,317 [INFO]   Physical correlation: ch2 <-> ch4
2026-06-15 18:17:47,317 [INFO]   Physical correlation: ch2 <-> ch5
2026-06-15 18:17:47,317 [INFO]   Physical correlation: ch2 <-> ch6
2026-06-15 18:17:47,317 [INFO]   Physical correlation: ch3 <-> ch4
2026-06-15 18:17:47,317 [INFO]   Physical correlation: ch3 <-> ch5
2026-06-15 18:17:47,317 [INFO]   Physical correlation: ch3 <-> ch6
2026-06-15 18:17:47,317 [INFO]   Physical correlation: ch4 <-> ch5
2026-06-15 18:17:47,317 [INFO]   Physical correlation: ch4 <-> ch6
2026-06-15 18:17:47,317 [INFO]   Physical correlation: ch5 <-> ch6
2026-06-15 18:17:47,326 [INFO] Initializing virtual mode correlation histograms...
2026-06-15 18:17:47,326 [INFO]   Within-mode (H3): ch1 <-> ch2
2026-06-15 18:17:47,326 [INFO]   Cross-mode: H3 <-> H4
2026-06-15 18:17:47,326 [INFO]   Cross-mode: H3 <-> H5
2026-06-15 18:17:47,326 [INFO]   Within-mode (H4): ch3 <-> ch4
2026-06-15 18:17:47,326 [INFO]   Cross-mode: H4 <-> H5
2026-06-15 18:17:47,326 [INFO]   Within-mode (H5): ch5 <-> ch6
2026-06-15 18:17:47,326 [INFO] Measurement starting for 2.000min / 0.033h
2026-06-15 18:19:47,586 [INFO] Measurements finished.
2026-06-15 18:19:47,586 [INFO] Collecting measurement data...
2026-06-15 18:19:47,586 [INFO] Collecting physical correlation data for (1,2)
2026-06-15 18:19:47,594 [INFO] Collecting physical correlation data for (1,3)
2026-06-15 18:19:47,594 [INFO] Collecting physical correlation data for (1,4)
2026-06-15 18:19:47,594 [INFO] Collecting physical correlation data for (1,5)
2026-06-15 18:19:47,602 [INFO] Collecting physical correlation data for (1,6)
2026-06-15 18:19:47,604 [INFO] Collecting physical correlation data for (2,3)
2026-06-15 18:19:47,604 [INFO] Collecting physical correlation data for (2,4)
2026-06-15 18:19:47,604 [INFO] Collecting physical correlation data for (2,5)
2026-06-15 18:19:47,604 [INFO] Collecting physical correlation data for (2,6)
2026-06-15 18:19:47,613 [INFO] Collecting physical correlation data for (3,4)
2026-06-15 18:19:47,613 [INFO] Collecting physical correlation data for (3,5)
2026-06-15 18:19:47,613 [INFO] Collecting physical correlation data for (3,6)
2026-06-15 18:19:47,613 [INFO] Collecting physical correlation data for (4,5)
2026-06-15 18:19:47,621 [INFO] Collecting physical correlation data for (4,6)
2026-06-15 18:19:47,621 [INFO] Collecting physical correlation data for (5,6)
2026-06-15 18:19:47,621 [INFO] Collecting virtual correlation data for (H3,H3)
2026-06-15 18:19:47,621 [INFO] Collecting virtual correlation data for (H3,H4)
2026-06-15 18:19:47,630 [INFO] Collecting virtual correlation data for (H3,H5)
2026-06-15 18:19:47,630 [INFO] Collecting virtual correlation data for (H4,H4)
2026-06-15 18:19:47,630 [INFO] Collecting virtual correlation data for (H4,H5)
2026-06-15 18:19:47,638 [INFO] Collecting virtual correlation data for (H5,H5)
2026-06-15 18:19:47,655 [INFO] Starting writing data to file.
2026-06-15 18:19:47,734 [INFO] Saved data.
2026-06-15 18:19:47,869 [INFO] Merging 1 chunks into running total...
2026-06-15 18:19:48,032 [INFO] ============================================================
2026-06-15 18:19:48,032 [INFO] STATUS REPORT | Duration: 10.00 min (0.167 h)
2026-06-15 18:19:48,032 [INFO] ============================================================
2026-06-15 18:19:48,032 [INFO] COUNTRATES (Physical):
2026-06-15 18:19:48,032 [INFO]   Ch 1: 140.7 kHz (total: 84,440,167)
2026-06-15 18:19:48,032 [INFO]   Ch 2: 183.4 kHz (total: 110,034,372)
2026-06-15 18:19:48,032 [INFO]   Ch 3: 62.4 kHz (total: 37,455,546)
2026-06-15 18:19:48,032 [INFO]   Ch 4: 62.5 kHz (total: 37,485,544)
2026-06-15 18:19:48,032 [INFO]   Ch 5: 13.6 kHz (total: 8,169,878)
2026-06-15 18:19:48,040 [INFO]   Ch 6: 13.4 kHz (total: 8,039,371)
2026-06-15 18:19:48,040 [INFO] COUNTRATES (Virtual):
2026-06-15 18:19:48,040 [INFO]   H3: 324.1 kHz (total: 194,474,539)
2026-06-15 18:19:48,040 [INFO]   H4: 124.9 kHz (total: 74,941,090)
2026-06-15 18:19:48,040 [INFO]   H5: 27.0 kHz (total: 16,209,249)
2026-06-15 18:19:48,040 [INFO] ------------------------------------------------------------
2026-06-15 18:19:48,040 [INFO] COINCIDENCES (threshold: 50000)
2026-06-15 18:19:48,040 [INFO] ------------------------------------------------------------
2026-06-15 18:19:48,040 [INFO] Twofold (physical) (Reached Threshold):
2026-06-15 18:19:48,040 [INFO]   (1,2): 905,672 Y
2026-06-15 18:19:48,040 [INFO]   (1,3): 315,929 Y
2026-06-15 18:19:48,040 [INFO]   (1,4): 314,615 Y
2026-06-15 18:19:48,040 [INFO]   (1,5): 69,747 Y
2026-06-15 18:19:48,048 [INFO]   (1,6): 68,584 Y
2026-06-15 18:19:48,048 [INFO]   (2,3): 405,391 Y
2026-06-15 18:19:48,048 [INFO]   (2,4): 404,601 Y
2026-06-15 18:19:48,048 [INFO]   (2,5): 89,819 Y
2026-06-15 18:19:48,048 [INFO]   (2,6): 87,605 Y
2026-06-15 18:19:48,048 [INFO]   (3,4): 141,190 Y
2026-06-15 18:19:48,048 [INFO]   (3,5): 31,209 X
2026-06-15 18:19:48,048 [INFO]   (3,6): 30,427 X
2026-06-15 18:19:48,048 [INFO]   (4,5): 31,012 X
2026-06-15 18:19:48,048 [INFO]   (4,6): 30,836 X
2026-06-15 18:19:48,048 [INFO]   (5,6): 7,004 X
2026-06-15 18:19:48,048 [INFO] ============================================================
2026-06-15 18:19:48,048 [INFO] >>> 5 combination(s) below threshold <<<
2026-06-15 18:19:48,048 [INFO] ============================================================
2026-06-15 18:19:48,142 [INFO] Updated merged data: C:\Users\QUANTUM\OneDrive - ENSTA\!Working files\HBT\HBT Data\Tests_Jun\2026-06-15_17-44-18_g2_heralded_virtual\MERGED\17-44-18_2026-06-15_16mW_num0_MERGED.pkl
2026-06-15 18:19:48,222 [INFO] Final merged data saved to: C:\Users\QUANTUM\OneDrive - ENSTA\!Working files\HBT\HBT Data\Tests_Jun\2026-06-15_17-44-18_g2_heralded_virtual\MERGED\17-44-18_2026-06-15_16mW_num0_MERGED.pkl
2026-06-15 18:19:48,222 [INFO] Total merged duration: 10.00 min
2026-06-15 18:19:48,222 [INFO] Measurement completed in 10.74 min
2026-06-15 18:19:49,081 [INFO] Stage Position: 32
2026-06-15 18:19:49,081 [INFO] Starting chunked acquisition (max 5 chunks / 10.0 min)
2026-06-15 18:19:49,081 [INFO] Chunk duration: 2 min
2026-06-15 18:19:49,087 [INFO] Threshold: 50000 counts, checking every 1 chunks
2026-06-15 18:19:49,139 [INFO] Found 0 connected Time Tagger(s)
2026-06-15 18:19:50,791 [INFO] t:   1 s, Board temperature: 41.1 °C, FPGA temperature: 57.0 °C
2026-06-15 18:19:52,352 [INFO] t:   2 s, Board temperature: 41.0 °C, FPGA temperature: 56.9 °C
2026-06-15 18:19:53,925 [INFO] t:   3 s, Board temperature: 41.1 °C, FPGA temperature: 56.9 °C
2026-06-15 18:19:55,490 [INFO] t:   4 s, Board temperature: 41.1 °C, FPGA temperature: 57.0 °C
2026-06-15 18:19:57,050 [INFO] t:   5 s, Board temperature: 40.9 °C, FPGA temperature: 56.9 °C
2026-06-15 18:19:57,050 [INFO] The Time Tagger is warmed up.
2026-06-15 18:19:57,050 [INFO] Time Tagger initialized.
2026-06-15 18:19:57,050 [INFO] Chunk 1/5 | Elapsed: 2.0 min
2026-06-15 18:19:57,050 [INFO] Initializing experiment on Time Tagger.
2026-06-15 18:19:57,050 [INFO] Deadtime for channel 1: 0 ps
2026-06-15 18:19:57,058 [INFO] Deadtime for channel 2: 0 ps
2026-06-15 18:19:57,058 [INFO] Deadtime for channel 3: 0 ps
2026-06-15 18:19:57,058 [INFO] Deadtime for channel 4: 0 ps
2026-06-15 18:19:57,058 [INFO] Deadtime for channel 5: 0 ps
2026-06-15 18:19:57,058 [INFO] Deadtime for channel 6: 0 ps
2026-06-15 18:19:57,058 [INFO] Delays on channels enabled.
2026-06-15 18:19:57,058 [INFO] Delay for channel 1: requested=0 ps, actual=0 ps
2026-06-15 18:19:57,058 [INFO] Delay for channel 2: requested=-1000 ps, actual=-1000 ps
2026-06-15 18:19:57,058 [INFO] Delay for channel 3: requested=20000 ps, actual=20000 ps
2026-06-15 18:19:57,058 [INFO] Delay for channel 4: requested=16500 ps, actual=16500 ps
2026-06-15 18:19:57,058 [INFO] Delay for channel 5: requested=17800 ps, actual=17800 ps
2026-06-15 18:19:57,058 [INFO] Delay for channel 6: requested=17300 ps, actual=17300 ps
2026-06-15 18:19:57,066 [INFO] Executing synchronized correlation measurement.
2026-06-15 18:19:57,066 [INFO] Delays on channels enabled.
2026-06-15 18:19:57,066 [INFO] Delay for channel 1: requested=0 ps, actual=0 ps.
2026-06-15 18:19:57,066 [INFO] Delay for channel 2: requested=-1000 ps, actual=-1000 ps.
2026-06-15 18:19:57,066 [INFO] Delay for channel 3: requested=20000 ps, actual=20000 ps.
2026-06-15 18:19:57,066 [INFO] Delay for channel 4: requested=16500 ps, actual=16500 ps.
2026-06-15 18:19:57,066 [INFO] Delay for channel 5: requested=17800 ps, actual=17800 ps.
2026-06-15 18:19:57,066 [INFO] Delay for channel 6: requested=17300 ps, actual=17300 ps.
2026-06-15 18:19:57,066 [INFO] Initializing measurement with virtual mode channels for ALL heralding permutations.
2026-06-15 18:19:57,066 [INFO] Automatically generated modes from input: {'H3': [1, 2], 'H4': [3, 4], 'H5': [5, 6]}
2026-06-15 18:19:57,066 [INFO] Setting up virtual channels...
2026-06-15 18:19:57,066 [INFO] Initializing physical channel correlation histograms...
2026-06-15 18:19:57,066 [INFO]   Physical correlation: ch1 <-> ch2
2026-06-15 18:19:57,074 [INFO]   Physical correlation: ch1 <-> ch3
2026-06-15 18:19:57,074 [INFO]   Physical correlation: ch1 <-> ch4
2026-06-15 18:19:57,074 [INFO]   Physical correlation: ch1 <-> ch5
2026-06-15 18:19:57,074 [INFO]   Physical correlation: ch1 <-> ch6
2026-06-15 18:19:57,074 [INFO]   Physical correlation: ch2 <-> ch3
2026-06-15 18:19:57,074 [INFO]   Physical correlation: ch2 <-> ch4
2026-06-15 18:19:57,074 [INFO]   Physical correlation: ch2 <-> ch5
2026-06-15 18:19:57,074 [INFO]   Physical correlation: ch2 <-> ch6
2026-06-15 18:19:57,074 [INFO]   Physical correlation: ch3 <-> ch4
2026-06-15 18:19:57,074 [INFO]   Physical correlation: ch3 <-> ch5
2026-06-15 18:19:57,074 [INFO]   Physical correlation: ch3 <-> ch6
2026-06-15 18:19:57,074 [INFO]   Physical correlation: ch4 <-> ch5
2026-06-15 18:19:57,082 [INFO]   Physical correlation: ch4 <-> ch6
2026-06-15 18:19:57,082 [INFO]   Physical correlation: ch5 <-> ch6
2026-06-15 18:19:57,082 [INFO] Initializing virtual mode correlation histograms...
2026-06-15 18:19:57,082 [INFO]   Within-mode (H3): ch1 <-> ch2
2026-06-15 18:19:57,082 [INFO]   Cross-mode: H3 <-> H4
2026-06-15 18:19:57,082 [INFO]   Cross-mode: H3 <-> H5
2026-06-15 18:19:57,082 [INFO]   Within-mode (H4): ch3 <-> ch4
2026-06-15 18:19:57,082 [INFO]   Cross-mode: H4 <-> H5
2026-06-15 18:19:57,082 [INFO]   Within-mode (H5): ch5 <-> ch6
2026-06-15 18:19:57,082 [INFO] Measurement starting for 2.000min / 0.033h
2026-06-15 18:21:57,370 [INFO] Measurements finished.
2026-06-15 18:21:57,370 [INFO] Collecting measurement data...
2026-06-15 18:21:57,370 [INFO] Collecting physical correlation data for (1,2)
2026-06-15 18:21:57,370 [INFO] Collecting physical correlation data for (1,3)
2026-06-15 18:21:57,378 [INFO] Collecting physical correlation data for (1,4)
2026-06-15 18:21:57,378 [INFO] Collecting physical correlation data for (1,5)
2026-06-15 18:21:57,378 [INFO] Collecting physical correlation data for (1,6)
2026-06-15 18:21:57,387 [INFO] Collecting physical correlation data for (2,3)
2026-06-15 18:21:57,387 [INFO] Collecting physical correlation data for (2,4)
2026-06-15 18:21:57,387 [INFO] Collecting physical correlation data for (2,5)
2026-06-15 18:21:57,387 [INFO] Collecting physical correlation data for (2,6)
2026-06-15 18:21:57,395 [INFO] Collecting physical correlation data for (3,4)
2026-06-15 18:21:57,395 [INFO] Collecting physical correlation data for (3,5)
2026-06-15 18:21:57,395 [INFO] Collecting physical correlation data for (3,6)
2026-06-15 18:21:57,395 [INFO] Collecting physical correlation data for (4,5)
2026-06-15 18:21:57,403 [INFO] Collecting physical correlation data for (4,6)
2026-06-15 18:21:57,403 [INFO] Collecting physical correlation data for (5,6)
2026-06-15 18:21:57,403 [INFO] Collecting virtual correlation data for (H3,H3)
2026-06-15 18:21:57,403 [INFO] Collecting virtual correlation data for (H3,H4)
2026-06-15 18:21:57,411 [INFO] Collecting virtual correlation data for (H3,H5)
2026-06-15 18:21:57,411 [INFO] Collecting virtual correlation data for (H4,H4)
2026-06-15 18:21:57,411 [INFO] Collecting virtual correlation data for (H4,H5)
2026-06-15 18:21:57,411 [INFO] Collecting virtual correlation data for (H5,H5)
2026-06-15 18:21:57,433 [INFO] Starting writing data to file.
2026-06-15 18:21:57,533 [INFO] Saved data.
2026-06-15 18:21:57,652 [INFO] Merging 1 chunks into running total...
2026-06-15 18:21:57,652 [INFO] ============================================================
2026-06-15 18:21:57,652 [INFO] STATUS REPORT | Duration: 2.00 min (0.033 h)
2026-06-15 18:21:57,652 [INFO] ============================================================
2026-06-15 18:21:57,652 [INFO] COUNTRATES (Physical):
2026-06-15 18:21:57,652 [INFO]   Ch 1: 89.4 kHz (total: 10,727,717)
2026-06-15 18:21:57,652 [INFO]   Ch 2: 117.0 kHz (total: 14,043,932)
2026-06-15 18:21:57,652 [INFO]   Ch 3: 34.2 kHz (total: 4,105,827)
2026-06-15 18:21:57,660 [INFO]   Ch 4: 34.5 kHz (total: 4,135,344)
2026-06-15 18:21:57,660 [INFO]   Ch 5: 6.4 kHz (total: 768,461)
2026-06-15 18:21:57,660 [INFO]   Ch 6: 6.3 kHz (total: 759,220)
2026-06-15 18:21:57,660 [INFO] COUNTRATES (Virtual):
2026-06-15 18:21:57,660 [INFO]   H3: 206.4 kHz (total: 24,771,649)
2026-06-15 18:21:57,660 [INFO]   H4: 68.7 kHz (total: 8,241,171)
2026-06-15 18:21:57,660 [INFO]   H5: 12.7 kHz (total: 1,527,681)
2026-06-15 18:21:57,660 [INFO] ------------------------------------------------------------
2026-06-15 18:21:57,660 [INFO] COINCIDENCES (threshold: 50000)
2026-06-15 18:21:57,660 [INFO] ------------------------------------------------------------
2026-06-15 18:21:57,660 [INFO] Twofold (physical) (Reached Threshold):
2026-06-15 18:21:57,660 [INFO]   (1,2): 72,822 Y
2026-06-15 18:21:57,668 [INFO]   (1,3): 21,746 X
2026-06-15 18:21:57,668 [INFO]   (1,4): 21,869 X
2026-06-15 18:21:57,668 [INFO]   (1,5): 4,210 X
2026-06-15 18:21:57,668 [INFO]   (1,6): 4,003 X
2026-06-15 18:21:57,668 [INFO]   (2,3): 28,177 X
2026-06-15 18:21:57,668 [INFO]   (2,4): 28,291 X
2026-06-15 18:21:57,668 [INFO]   (2,5): 5,295 X
2026-06-15 18:21:57,673 [INFO]   (2,6): 5,317 X
2026-06-15 18:21:57,673 [INFO]   (3,4): 8,606 X
2026-06-15 18:21:57,673 [INFO]   (3,5): 1,626 X
2026-06-15 18:21:57,673 [INFO]   (3,6): 1,588 X
2026-06-15 18:21:57,673 [INFO]   (4,5): 1,633 X
2026-06-15 18:21:57,673 [INFO]   (4,6): 1,602 X
2026-06-15 18:21:57,673 [INFO]   (5,6): 264 X
2026-06-15 18:21:57,673 [INFO] ============================================================
2026-06-15 18:21:57,681 [INFO] >>> 14 combination(s) below threshold <<<
2026-06-15 18:21:57,681 [INFO] ============================================================
2026-06-15 18:21:57,762 [INFO] Updated merged data: C:\Users\QUANTUM\OneDrive - ENSTA\!Working files\HBT\HBT Data\Tests_Jun\2026-06-15_17-44-18_g2_heralded_virtual\MERGED\17-44-18_2026-06-15_13.7mW_num0_MERGED.pkl
2026-06-15 18:21:57,803 [INFO] Found 0 connected Time Tagger(s)
2026-06-15 18:21:59,425 [INFO] t:   1 s, Board temperature: 40.8 °C, FPGA temperature: 56.8 °C
2026-06-15 18:22:00,996 [INFO] t:   2 s, Board temperature: 40.8 °C, FPGA temperature: 56.9 °C
2026-06-15 18:22:02,558 [INFO] t:   3 s, Board temperature: 40.9 °C, FPGA temperature: 56.9 °C
2026-06-15 18:22:04,128 [INFO] t:   4 s, Board temperature: 40.9 °C, FPGA temperature: 56.8 °C
2026-06-15 18:22:05,682 [INFO] t:   5 s, Board temperature: 40.8 °C, FPGA temperature: 56.8 °C
2026-06-15 18:22:05,682 [INFO] The Time Tagger is warmed up.
2026-06-15 18:22:05,682 [INFO] Time Tagger initialized.
2026-06-15 18:22:05,682 [INFO] Chunk 2/5 | Elapsed: 4.0 min
2026-06-15 18:22:05,691 [INFO] Initializing experiment on Time Tagger.
2026-06-15 18:22:05,691 [INFO] Deadtime for channel 1: 0 ps
2026-06-15 18:22:05,691 [INFO] Deadtime for channel 2: 0 ps
2026-06-15 18:22:05,691 [INFO] Deadtime for channel 3: 0 ps
2026-06-15 18:22:05,691 [INFO] Deadtime for channel 4: 0 ps
2026-06-15 18:22:05,691 [INFO] Deadtime for channel 5: 0 ps
2026-06-15 18:22:05,691 [INFO] Deadtime for channel 6: 0 ps
2026-06-15 18:22:05,691 [INFO] Delays on channels enabled.
2026-06-15 18:22:05,691 [INFO] Delay for channel 1: requested=0 ps, actual=0 ps
2026-06-15 18:22:05,691 [INFO] Delay for channel 2: requested=-1000 ps, actual=-1000 ps
2026-06-15 18:22:05,691 [INFO] Delay for channel 3: requested=20000 ps, actual=20000 ps
2026-06-15 18:22:05,691 [INFO] Delay for channel 4: requested=16500 ps, actual=16500 ps
2026-06-15 18:22:05,691 [INFO] Delay for channel 5: requested=17800 ps, actual=17800 ps
2026-06-15 18:22:05,699 [INFO] Delay for channel 6: requested=17300 ps, actual=17300 ps
2026-06-15 18:22:05,699 [INFO] Executing synchronized correlation measurement.
2026-06-15 18:22:05,699 [INFO] Delays on channels enabled.
2026-06-15 18:22:05,699 [INFO] Delay for channel 1: requested=0 ps, actual=0 ps.
2026-06-15 18:22:05,699 [INFO] Delay for channel 2: requested=-1000 ps, actual=-1000 ps.
2026-06-15 18:22:05,699 [INFO] Delay for channel 3: requested=20000 ps, actual=20000 ps.
2026-06-15 18:22:05,699 [INFO] Delay for channel 4: requested=16500 ps, actual=16500 ps.
2026-06-15 18:22:05,699 [INFO] Delay for channel 5: requested=17800 ps, actual=17800 ps.
2026-06-15 18:22:05,699 [INFO] Delay for channel 6: requested=17300 ps, actual=17300 ps.
2026-06-15 18:22:05,699 [INFO] Initializing measurement with virtual mode channels for ALL heralding permutations.
2026-06-15 18:22:05,699 [INFO] Automatically generated modes from input: {'H3': [1, 2], 'H4': [3, 4], 'H5': [5, 6]}
2026-06-15 18:22:05,699 [INFO] Setting up virtual channels...
2026-06-15 18:22:05,707 [INFO] Initializing physical channel correlation histograms...
2026-06-15 18:22:05,707 [INFO]   Physical correlation: ch1 <-> ch2
2026-06-15 18:22:05,707 [INFO]   Physical correlation: ch1 <-> ch3
2026-06-15 18:22:05,707 [INFO]   Physical correlation: ch1 <-> ch4
2026-06-15 18:22:05,707 [INFO]   Physical correlation: ch1 <-> ch5
2026-06-15 18:22:05,707 [INFO]   Physical correlation: ch1 <-> ch6
2026-06-15 18:22:05,707 [INFO]   Physical correlation: ch2 <-> ch3
2026-06-15 18:22:05,707 [INFO]   Physical correlation: ch2 <-> ch4
2026-06-15 18:22:05,707 [INFO]   Physical correlation: ch2 <-> ch5
2026-06-15 18:22:05,707 [INFO]   Physical correlation: ch2 <-> ch6
2026-06-15 18:22:05,707 [INFO]   Physical correlation: ch3 <-> ch4
2026-06-15 18:22:05,715 [INFO]   Physical correlation: ch3 <-> ch5
2026-06-15 18:22:05,715 [INFO]   Physical correlation: ch3 <-> ch6
2026-06-15 18:22:05,715 [INFO]   Physical correlation: ch4 <-> ch5
2026-06-15 18:22:05,715 [INFO]   Physical correlation: ch4 <-> ch6
2026-06-15 18:22:05,715 [INFO]   Physical correlation: ch5 <-> ch6
2026-06-15 18:22:05,715 [INFO] Initializing virtual mode correlation histograms...
2026-06-15 18:22:05,715 [INFO]   Within-mode (H3): ch1 <-> ch2
2026-06-15 18:22:05,715 [INFO]   Cross-mode: H3 <-> H4
2026-06-15 18:22:05,715 [INFO]   Cross-mode: H3 <-> H5
2026-06-15 18:22:05,715 [INFO]   Within-mode (H4): ch3 <-> ch4
2026-06-15 18:22:05,715 [INFO]   Cross-mode: H4 <-> H5
2026-06-15 18:22:05,715 [INFO]   Within-mode (H5): ch5 <-> ch6
2026-06-15 18:22:05,715 [INFO] Measurement starting for 2.000min / 0.033h
2026-06-15 18:24:06,010 [INFO] Measurements finished.
2026-06-15 18:24:06,010 [INFO] Collecting measurement data...
2026-06-15 18:24:06,010 [INFO] Collecting physical correlation data for (1,2)
2026-06-15 18:24:06,010 [INFO] Collecting physical correlation data for (1,3)
2026-06-15 18:24:06,010 [INFO] Collecting physical correlation data for (1,4)
2026-06-15 18:24:06,018 [INFO] Collecting physical correlation data for (1,5)
2026-06-15 18:24:06,018 [INFO] Collecting physical correlation data for (1,6)
2026-06-15 18:24:06,018 [INFO] Collecting physical correlation data for (2,3)
2026-06-15 18:24:06,027 [INFO] Collecting physical correlation data for (2,4)
2026-06-15 18:24:06,027 [INFO] Collecting physical correlation data for (2,5)
2026-06-15 18:24:06,027 [INFO] Collecting physical correlation data for (2,6)
2026-06-15 18:24:06,035 [INFO] Collecting physical correlation data for (3,4)
2026-06-15 18:24:06,035 [INFO] Collecting physical correlation data for (3,5)
2026-06-15 18:24:06,035 [INFO] Collecting physical correlation data for (3,6)
2026-06-15 18:24:06,043 [INFO] Collecting physical correlation data for (4,5)
2026-06-15 18:24:06,043 [INFO] Collecting physical correlation data for (4,6)
2026-06-15 18:24:06,043 [INFO] Collecting physical correlation data for (5,6)
2026-06-15 18:24:06,051 [INFO] Collecting virtual correlation data for (H3,H3)
2026-06-15 18:24:06,051 [INFO] Collecting virtual correlation data for (H3,H4)
2026-06-15 18:24:06,051 [INFO] Collecting virtual correlation data for (H3,H5)
2026-06-15 18:24:06,060 [INFO] Collecting virtual correlation data for (H4,H4)
2026-06-15 18:24:06,060 [INFO] Collecting virtual correlation data for (H4,H5)
2026-06-15 18:24:06,065 [INFO] Collecting virtual correlation data for (H5,H5)
2026-06-15 18:24:06,082 [INFO] Starting writing data to file.
2026-06-15 18:24:06,166 [INFO] Saved data.
2026-06-15 18:24:06,263 [INFO] Merging 1 chunks into running total...
2026-06-15 18:24:06,436 [INFO] ============================================================
2026-06-15 18:24:06,436 [INFO] STATUS REPORT | Duration: 4.00 min (0.067 h)
2026-06-15 18:24:06,436 [INFO] ============================================================
2026-06-15 18:24:06,436 [INFO] COUNTRATES (Physical):
2026-06-15 18:24:06,436 [INFO]   Ch 1: 89.3 kHz (total: 21,429,558)
2026-06-15 18:24:06,436 [INFO]   Ch 2: 117.0 kHz (total: 28,078,456)
2026-06-15 18:24:06,436 [INFO]   Ch 3: 34.2 kHz (total: 8,212,173)
2026-06-15 18:24:06,446 [INFO]   Ch 4: 34.5 kHz (total: 8,269,808)
2026-06-15 18:24:06,446 [INFO]   Ch 5: 6.4 kHz (total: 1,536,093)
2026-06-15 18:24:06,446 [INFO]   Ch 6: 6.3 kHz (total: 1,515,467)
2026-06-15 18:24:06,446 [INFO] COUNTRATES (Virtual):
2026-06-15 18:24:06,446 [INFO]   H3: 206.3 kHz (total: 49,508,014)
2026-06-15 18:24:06,446 [INFO]   H4: 68.7 kHz (total: 16,481,981)
2026-06-15 18:24:06,446 [INFO]   H5: 12.7 kHz (total: 3,051,560)
2026-06-15 18:24:06,446 [INFO] ------------------------------------------------------------
2026-06-15 18:24:06,446 [INFO] COINCIDENCES (threshold: 50000)
2026-06-15 18:24:06,446 [INFO] ------------------------------------------------------------
2026-06-15 18:24:06,446 [INFO] Twofold (physical) (Reached Threshold):
2026-06-15 18:24:06,446 [INFO]   (1,2): 145,873 Y
2026-06-15 18:24:06,446 [INFO]   (1,3): 43,570 X
2026-06-15 18:24:06,446 [INFO]   (1,4): 43,712 X
2026-06-15 18:24:06,446 [INFO]   (1,5): 8,329 X
2026-06-15 18:24:06,446 [INFO]   (1,6): 8,147 X
2026-06-15 18:24:06,456 [INFO]   (2,3): 56,440 Y
2026-06-15 18:24:06,456 [INFO]   (2,4): 56,400 Y
2026-06-15 18:24:06,456 [INFO]   (2,5): 10,722 X
2026-06-15 18:24:06,456 [INFO]   (2,6): 10,657 X
2026-06-15 18:24:06,456 [INFO]   (3,4): 17,013 X
2026-06-15 18:24:06,456 [INFO]   (3,5): 3,272 X
2026-06-15 18:24:06,456 [INFO]   (3,6): 3,213 X
2026-06-15 18:24:06,456 [INFO]   (4,5): 3,206 X
2026-06-15 18:24:06,456 [INFO]   (4,6): 3,167 X
2026-06-15 18:24:06,456 [INFO]   (5,6): 546 X
2026-06-15 18:24:06,456 [INFO] ============================================================
2026-06-15 18:24:06,456 [INFO] >>> 12 combination(s) below threshold <<<
2026-06-15 18:24:06,456 [INFO] ============================================================
2026-06-15 18:24:06,543 [INFO] Updated merged data: C:\Users\QUANTUM\OneDrive - ENSTA\!Working files\HBT\HBT Data\Tests_Jun\2026-06-15_17-44-18_g2_heralded_virtual\MERGED\17-44-18_2026-06-15_13.7mW_num0_MERGED.pkl
2026-06-15 18:24:06,584 [INFO] Found 0 connected Time Tagger(s)
2026-06-15 18:24:08,207 [INFO] t:   1 s, Board temperature: 40.9 °C, FPGA temperature: 56.9 °C
2026-06-15 18:24:09,784 [INFO] t:   2 s, Board temperature: 40.9 °C, FPGA temperature: 56.9 °C
2026-06-15 18:24:11,348 [INFO] t:   3 s, Board temperature: 40.9 °C, FPGA temperature: 56.9 °C
2026-06-15 18:24:12,901 [INFO] t:   4 s, Board temperature: 40.9 °C, FPGA temperature: 56.9 °C
2026-06-15 18:24:14,439 [INFO] t:   5 s, Board temperature: 40.9 °C, FPGA temperature: 56.9 °C
2026-06-15 18:24:14,439 [INFO] The Time Tagger is warmed up.
2026-06-15 18:24:14,439 [INFO] Time Tagger initialized.
2026-06-15 18:24:14,439 [INFO] Chunk 3/5 | Elapsed: 6.0 min
2026-06-15 18:24:14,439 [INFO] Initializing experiment on Time Tagger.
2026-06-15 18:24:14,439 [INFO] Deadtime for channel 1: 0 ps
2026-06-15 18:24:14,439 [INFO] Deadtime for channel 2: 0 ps
2026-06-15 18:24:14,447 [INFO] Deadtime for channel 3: 0 ps
2026-06-15 18:24:14,447 [INFO] Deadtime for channel 4: 0 ps
2026-06-15 18:24:14,447 [INFO] Deadtime for channel 5: 0 ps
2026-06-15 18:24:14,449 [INFO] Deadtime for channel 6: 0 ps
2026-06-15 18:24:14,449 [INFO] Delays on channels enabled.
2026-06-15 18:24:14,449 [INFO] Delay for channel 1: requested=0 ps, actual=0 ps
2026-06-15 18:24:14,449 [INFO] Delay for channel 2: requested=-1000 ps, actual=-1000 ps
2026-06-15 18:24:14,449 [INFO] Delay for channel 3: requested=20000 ps, actual=20000 ps
2026-06-15 18:24:14,449 [INFO] Delay for channel 4: requested=16500 ps, actual=16500 ps
2026-06-15 18:24:14,449 [INFO] Delay for channel 5: requested=17800 ps, actual=17800 ps
2026-06-15 18:24:14,449 [INFO] Delay for channel 6: requested=17300 ps, actual=17300 ps
2026-06-15 18:24:14,449 [INFO] Executing synchronized correlation measurement.
2026-06-15 18:24:14,449 [INFO] Delays on channels enabled.
2026-06-15 18:24:14,449 [INFO] Delay for channel 1: requested=0 ps, actual=0 ps.
2026-06-15 18:24:14,449 [INFO] Delay for channel 2: requested=-1000 ps, actual=-1000 ps.
2026-06-15 18:24:14,449 [INFO] Delay for channel 3: requested=20000 ps, actual=20000 ps.
2026-06-15 18:24:14,449 [INFO] Delay for channel 4: requested=16500 ps, actual=16500 ps.
2026-06-15 18:24:14,457 [INFO] Delay for channel 5: requested=17800 ps, actual=17800 ps.
2026-06-15 18:24:14,457 [INFO] Delay for channel 6: requested=17300 ps, actual=17300 ps.
2026-06-15 18:24:14,457 [INFO] Initializing measurement with virtual mode channels for ALL heralding permutations.
2026-06-15 18:24:14,457 [INFO] Automatically generated modes from input: {'H3': [1, 2], 'H4': [3, 4], 'H5': [5, 6]}
2026-06-15 18:24:14,457 [INFO] Setting up virtual channels...
2026-06-15 18:24:14,457 [INFO] Initializing physical channel correlation histograms...
2026-06-15 18:24:14,457 [INFO]   Physical correlation: ch1 <-> ch2
2026-06-15 18:24:14,457 [INFO]   Physical correlation: ch1 <-> ch3
2026-06-15 18:24:14,457 [INFO]   Physical correlation: ch1 <-> ch4
2026-06-15 18:24:14,457 [INFO]   Physical correlation: ch1 <-> ch5
2026-06-15 18:24:14,457 [INFO]   Physical correlation: ch1 <-> ch6
2026-06-15 18:24:14,457 [INFO]   Physical correlation: ch2 <-> ch3
2026-06-15 18:24:14,465 [INFO]   Physical correlation: ch2 <-> ch4
2026-06-15 18:24:14,465 [INFO]   Physical correlation: ch2 <-> ch5
2026-06-15 18:24:14,465 [INFO]   Physical correlation: ch2 <-> ch6
2026-06-15 18:24:14,465 [INFO]   Physical correlation: ch3 <-> ch4
2026-06-15 18:24:14,465 [INFO]   Physical correlation: ch3 <-> ch5
2026-06-15 18:24:14,465 [INFO]   Physical correlation: ch3 <-> ch6
2026-06-15 18:24:14,465 [INFO]   Physical correlation: ch4 <-> ch5
2026-06-15 18:24:14,465 [INFO]   Physical correlation: ch4 <-> ch6
2026-06-15 18:24:14,465 [INFO]   Physical correlation: ch5 <-> ch6
2026-06-15 18:24:14,465 [INFO] Initializing virtual mode correlation histograms...
2026-06-15 18:24:14,465 [INFO]   Within-mode (H3): ch1 <-> ch2
2026-06-15 18:24:14,465 [INFO]   Cross-mode: H3 <-> H4
2026-06-15 18:24:14,473 [INFO]   Cross-mode: H3 <-> H5
2026-06-15 18:24:14,473 [INFO]   Within-mode (H4): ch3 <-> ch4
2026-06-15 18:24:14,473 [INFO]   Cross-mode: H4 <-> H5
2026-06-15 18:24:14,473 [INFO]   Within-mode (H5): ch5 <-> ch6
2026-06-15 18:24:14,473 [INFO] Measurement starting for 2.000min / 0.033h
2026-06-15 18:26:14,764 [INFO] Measurements finished.
2026-06-15 18:26:14,766 [INFO] Collecting measurement data...
2026-06-15 18:26:14,766 [INFO] Collecting physical correlation data for (1,2)
2026-06-15 18:26:14,766 [INFO] Collecting physical correlation data for (1,3)
2026-06-15 18:26:14,774 [INFO] Collecting physical correlation data for (1,4)
2026-06-15 18:26:14,774 [INFO] Collecting physical correlation data for (1,5)
2026-06-15 18:26:14,774 [INFO] Collecting physical correlation data for (1,6)
2026-06-15 18:26:14,783 [INFO] Collecting physical correlation data for (2,3)
2026-06-15 18:26:14,783 [INFO] Collecting physical correlation data for (2,4)
2026-06-15 18:26:14,783 [INFO] Collecting physical correlation data for (2,5)
2026-06-15 18:26:14,791 [INFO] Collecting physical correlation data for (2,6)
2026-06-15 18:26:14,792 [INFO] Collecting physical correlation data for (3,4)
2026-06-15 18:26:14,792 [INFO] Collecting physical correlation data for (3,5)
2026-06-15 18:26:14,798 [INFO] Collecting physical correlation data for (3,6)
2026-06-15 18:26:14,798 [INFO] Collecting physical correlation data for (4,5)
2026-06-15 18:26:14,798 [INFO] Collecting physical correlation data for (4,6)
2026-06-15 18:26:14,798 [INFO] Collecting physical correlation data for (5,6)
2026-06-15 18:26:14,806 [INFO] Collecting virtual correlation data for (H3,H3)
2026-06-15 18:26:14,806 [INFO] Collecting virtual correlation data for (H3,H4)
2026-06-15 18:26:14,806 [INFO] Collecting virtual correlation data for (H3,H5)
2026-06-15 18:26:14,806 [INFO] Collecting virtual correlation data for (H4,H4)
2026-06-15 18:26:14,814 [INFO] Collecting virtual correlation data for (H4,H5)
2026-06-15 18:26:14,814 [INFO] Collecting virtual correlation data for (H5,H5)
2026-06-15 18:26:14,837 [INFO] Starting writing data to file.
2026-06-15 18:26:14,921 [INFO] Saved data.
2026-06-15 18:26:15,063 [INFO] Merging 1 chunks into running total...
2026-06-15 18:26:15,221 [INFO] ============================================================
2026-06-15 18:26:15,221 [INFO] STATUS REPORT | Duration: 6.00 min (0.100 h)
2026-06-15 18:26:15,221 [INFO] ============================================================
2026-06-15 18:26:15,229 [INFO] COUNTRATES (Physical):
2026-06-15 18:26:15,229 [INFO]   Ch 1: 89.5 kHz (total: 32,224,860)
2026-06-15 18:26:15,229 [INFO]   Ch 2: 117.1 kHz (total: 42,167,333)
2026-06-15 18:26:15,229 [INFO]   Ch 3: 34.3 kHz (total: 12,332,295)
2026-06-15 18:26:15,229 [INFO]   Ch 4: 34.5 kHz (total: 12,418,408)
2026-06-15 18:26:15,229 [INFO]   Ch 5: 6.4 kHz (total: 2,307,823)
2026-06-15 18:26:15,229 [INFO]   Ch 6: 6.3 kHz (total: 2,275,759)
2026-06-15 18:26:15,229 [INFO] COUNTRATES (Virtual):
2026-06-15 18:26:15,229 [INFO]   H3: 206.6 kHz (total: 74,392,193)
2026-06-15 18:26:15,229 [INFO]   H4: 68.8 kHz (total: 24,750,703)
2026-06-15 18:26:15,237 [INFO]   H5: 12.7 kHz (total: 4,583,582)
2026-06-15 18:26:15,237 [INFO] ------------------------------------------------------------
2026-06-15 18:26:15,237 [INFO] COINCIDENCES (threshold: 50000)
2026-06-15 18:26:15,237 [INFO] ------------------------------------------------------------
2026-06-15 18:26:15,237 [INFO] Twofold (physical) (Reached Threshold):
2026-06-15 18:26:15,237 [INFO]   (1,2): 219,624 Y
2026-06-15 18:26:15,237 [INFO]   (1,3): 65,569 Y
2026-06-15 18:26:15,237 [INFO]   (1,4): 65,965 Y
2026-06-15 18:26:15,237 [INFO]   (1,5): 12,530 X
2026-06-15 18:26:15,237 [INFO]   (1,6): 12,191 X
2026-06-15 18:26:15,237 [INFO]   (2,3): 85,055 Y
2026-06-15 18:26:15,237 [INFO]   (2,4): 84,866 Y
2026-06-15 18:26:15,245 [INFO]   (2,5): 16,008 X
2026-06-15 18:26:15,245 [INFO]   (2,6): 15,921 X
2026-06-15 18:26:15,245 [INFO]   (3,4): 25,499 X
2026-06-15 18:26:15,245 [INFO]   (3,5): 4,937 X
2026-06-15 18:26:15,245 [INFO]   (3,6): 4,902 X
2026-06-15 18:26:15,245 [INFO]   (4,5): 4,890 X
2026-06-15 18:26:15,245 [INFO]   (4,6): 4,805 X
2026-06-15 18:26:15,245 [INFO]   (5,6): 854 X
2026-06-15 18:26:15,245 [INFO] ============================================================
2026-06-15 18:26:15,245 [INFO] >>> 10 combination(s) below threshold <<<
2026-06-15 18:26:15,245 [INFO] ============================================================
2026-06-15 18:26:15,351 [INFO] Updated merged data: C:\Users\QUANTUM\OneDrive - ENSTA\!Working files\HBT\HBT Data\Tests_Jun\2026-06-15_17-44-18_g2_heralded_virtual\MERGED\17-44-18_2026-06-15_13.7mW_num0_MERGED.pkl
2026-06-15 18:26:15,399 [INFO] Found 0 connected Time Tagger(s)
2026-06-15 18:26:17,010 [INFO] t:   1 s, Board temperature: 40.8 °C, FPGA temperature: 56.8 °C
2026-06-15 18:26:18,583 [INFO] t:   2 s, Board temperature: 40.9 °C, FPGA temperature: 56.9 °C
2026-06-15 18:26:20,160 [INFO] t:   3 s, Board temperature: 40.9 °C, FPGA temperature: 56.9 °C
2026-06-15 18:26:21,716 [INFO] t:   4 s, Board temperature: 40.9 °C, FPGA temperature: 57.0 °C
2026-06-15 18:26:23,276 [INFO] t:   5 s, Board temperature: 40.9 °C, FPGA temperature: 57.0 °C
2026-06-15 18:26:23,276 [INFO] The Time Tagger is warmed up.
2026-06-15 18:26:23,276 [INFO] Time Tagger initialized.
2026-06-15 18:26:23,276 [INFO] Chunk 4/5 | Elapsed: 8.0 min
2026-06-15 18:26:23,284 [INFO] Initializing experiment on Time Tagger.
2026-06-15 18:26:23,284 [INFO] Deadtime for channel 1: 0 ps
2026-06-15 18:26:23,284 [INFO] Deadtime for channel 2: 0 ps
2026-06-15 18:26:23,284 [INFO] Deadtime for channel 3: 0 ps
2026-06-15 18:26:23,284 [INFO] Deadtime for channel 4: 0 ps
2026-06-15 18:26:23,284 [INFO] Deadtime for channel 5: 0 ps
2026-06-15 18:26:23,284 [INFO] Deadtime for channel 6: 0 ps
2026-06-15 18:26:23,284 [INFO] Delays on channels enabled.
2026-06-15 18:26:23,284 [INFO] Delay for channel 1: requested=0 ps, actual=0 ps
2026-06-15 18:26:23,284 [INFO] Delay for channel 2: requested=-1000 ps, actual=-1000 ps
2026-06-15 18:26:23,284 [INFO] Delay for channel 3: requested=20000 ps, actual=20000 ps
2026-06-15 18:26:23,284 [INFO] Delay for channel 4: requested=16500 ps, actual=16500 ps
2026-06-15 18:26:23,284 [INFO] Delay for channel 5: requested=17800 ps, actual=17800 ps
2026-06-15 18:26:23,292 [INFO] Delay for channel 6: requested=17300 ps, actual=17300 ps
2026-06-15 18:26:23,292 [INFO] Executing synchronized correlation measurement.
2026-06-15 18:26:23,292 [INFO] Delays on channels enabled.
2026-06-15 18:26:23,292 [INFO] Delay for channel 1: requested=0 ps, actual=0 ps.
2026-06-15 18:26:23,292 [INFO] Delay for channel 2: requested=-1000 ps, actual=-1000 ps.
2026-06-15 18:26:23,292 [INFO] Delay for channel 3: requested=20000 ps, actual=20000 ps.
2026-06-15 18:26:23,292 [INFO] Delay for channel 4: requested=16500 ps, actual=16500 ps.
2026-06-15 18:26:23,292 [INFO] Delay for channel 5: requested=17800 ps, actual=17800 ps.
2026-06-15 18:26:23,297 [INFO] Delay for channel 6: requested=17300 ps, actual=17300 ps.
2026-06-15 18:26:23,297 [INFO] Initializing measurement with virtual mode channels for ALL heralding permutations.
2026-06-15 18:26:23,297 [INFO] Automatically generated modes from input: {'H3': [1, 2], 'H4': [3, 4], 'H5': [5, 6]}
2026-06-15 18:26:23,297 [INFO] Setting up virtual channels...
2026-06-15 18:26:23,297 [INFO] Initializing physical channel correlation histograms...
2026-06-15 18:26:23,297 [INFO]   Physical correlation: ch1 <-> ch2
2026-06-15 18:26:23,297 [INFO]   Physical correlation: ch1 <-> ch3
2026-06-15 18:26:23,297 [INFO]   Physical correlation: ch1 <-> ch4
2026-06-15 18:26:23,297 [INFO]   Physical correlation: ch1 <-> ch5
2026-06-15 18:26:23,297 [INFO]   Physical correlation: ch1 <-> ch6
2026-06-15 18:26:23,297 [INFO]   Physical correlation: ch2 <-> ch3
2026-06-15 18:26:23,297 [INFO]   Physical correlation: ch2 <-> ch4
2026-06-15 18:26:23,305 [INFO]   Physical correlation: ch2 <-> ch5
2026-06-15 18:26:23,305 [INFO]   Physical correlation: ch2 <-> ch6
2026-06-15 18:26:23,305 [INFO]   Physical correlation: ch3 <-> ch4
2026-06-15 18:26:23,305 [INFO]   Physical correlation: ch3 <-> ch5
2026-06-15 18:26:23,305 [INFO]   Physical correlation: ch3 <-> ch6
2026-06-15 18:26:23,305 [INFO]   Physical correlation: ch4 <-> ch5
2026-06-15 18:26:23,305 [INFO]   Physical correlation: ch4 <-> ch6
2026-06-15 18:26:23,305 [INFO]   Physical correlation: ch5 <-> ch6
2026-06-15 18:26:23,305 [INFO] Initializing virtual mode correlation histograms...
2026-06-15 18:26:23,305 [INFO]   Within-mode (H3): ch1 <-> ch2
2026-06-15 18:26:23,305 [INFO]   Cross-mode: H3 <-> H4
2026-06-15 18:26:23,305 [INFO]   Cross-mode: H3 <-> H5
2026-06-15 18:26:23,313 [INFO]   Within-mode (H4): ch3 <-> ch4
2026-06-15 18:26:23,313 [INFO]   Cross-mode: H4 <-> H5
2026-06-15 18:26:23,313 [INFO]   Within-mode (H5): ch5 <-> ch6
2026-06-15 18:26:23,313 [INFO] Measurement starting for 2.000min / 0.033h
2026-06-15 18:28:23,597 [INFO] Measurements finished.
2026-06-15 18:28:23,597 [INFO] Collecting measurement data...
2026-06-15 18:28:23,605 [INFO] Collecting physical correlation data for (1,2)
2026-06-15 18:28:23,605 [INFO] Collecting physical correlation data for (1,3)
2026-06-15 18:28:23,605 [INFO] Collecting physical correlation data for (1,4)
2026-06-15 18:28:23,613 [INFO] Collecting physical correlation data for (1,5)
2026-06-15 18:28:23,613 [INFO] Collecting physical correlation data for (1,6)
2026-06-15 18:28:23,621 [INFO] Collecting physical correlation data for (2,3)
2026-06-15 18:28:23,621 [INFO] Collecting physical correlation data for (2,4)
2026-06-15 18:28:23,621 [INFO] Collecting physical correlation data for (2,5)
2026-06-15 18:28:23,621 [INFO] Collecting physical correlation data for (2,6)
2026-06-15 18:28:23,629 [INFO] Collecting physical correlation data for (3,4)
2026-06-15 18:28:23,629 [INFO] Collecting physical correlation data for (3,5)
2026-06-15 18:28:23,629 [INFO] Collecting physical correlation data for (3,6)
2026-06-15 18:28:23,638 [INFO] Collecting physical correlation data for (4,5)
2026-06-15 18:28:23,638 [INFO] Collecting physical correlation data for (4,6)
2026-06-15 18:28:23,638 [INFO] Collecting physical correlation data for (5,6)
2026-06-15 18:28:23,638 [INFO] Collecting virtual correlation data for (H3,H3)
2026-06-15 18:28:23,646 [INFO] Collecting virtual correlation data for (H3,H4)
2026-06-15 18:28:23,646 [INFO] Collecting virtual correlation data for (H3,H5)
2026-06-15 18:28:23,646 [INFO] Collecting virtual correlation data for (H4,H4)
2026-06-15 18:28:23,654 [INFO] Collecting virtual correlation data for (H4,H5)
2026-06-15 18:28:23,655 [INFO] Collecting virtual correlation data for (H5,H5)
2026-06-15 18:28:23,672 [INFO] Starting writing data to file.
2026-06-15 18:28:23,764 [INFO] Saved data.
2026-06-15 18:28:23,891 [INFO] Merging 1 chunks into running total...
2026-06-15 18:28:24,049 [INFO] ============================================================
2026-06-15 18:28:24,049 [INFO] STATUS REPORT | Duration: 8.00 min (0.133 h)
2026-06-15 18:28:24,057 [INFO] ============================================================
2026-06-15 18:28:24,057 [INFO] COUNTRATES (Physical):
2026-06-15 18:28:24,057 [INFO]   Ch 1: 89.5 kHz (total: 42,955,756)
2026-06-15 18:28:24,057 [INFO]   Ch 2: 117.1 kHz (total: 56,187,360)
2026-06-15 18:28:24,057 [INFO]   Ch 3: 34.2 kHz (total: 16,422,737)
2026-06-15 18:28:24,057 [INFO]   Ch 4: 34.5 kHz (total: 16,537,470)
2026-06-15 18:28:24,057 [INFO]   Ch 5: 6.4 kHz (total: 3,072,844)
2026-06-15 18:28:24,057 [INFO]   Ch 6: 6.3 kHz (total: 3,027,004)
2026-06-15 18:28:24,057 [INFO] COUNTRATES (Virtual):
2026-06-15 18:28:24,057 [INFO]   H3: 206.5 kHz (total: 99,143,116)
2026-06-15 18:28:24,057 [INFO]   H4: 68.7 kHz (total: 32,960,207)
2026-06-15 18:28:24,057 [INFO]   H5: 12.7 kHz (total: 6,099,848)
2026-06-15 18:28:24,057 [INFO] ------------------------------------------------------------
2026-06-15 18:28:24,065 [INFO] COINCIDENCES (threshold: 50000)
2026-06-15 18:28:24,067 [INFO] ------------------------------------------------------------
2026-06-15 18:28:24,067 [INFO] Twofold (physical) (Reached Threshold):
2026-06-15 18:28:24,067 [INFO]   (1,2): 292,324 Y
2026-06-15 18:28:24,067 [INFO]   (1,3): 87,460 Y
2026-06-15 18:28:24,067 [INFO]   (1,4): 88,027 Y
2026-06-15 18:28:24,067 [INFO]   (1,5): 16,715 X
2026-06-15 18:28:24,067 [INFO]   (1,6): 16,275 X
2026-06-15 18:28:24,067 [INFO]   (2,3): 112,890 Y
2026-06-15 18:28:24,067 [INFO]   (2,4): 112,963 Y
2026-06-15 18:28:24,067 [INFO]   (2,5): 21,476 X
2026-06-15 18:28:24,067 [INFO]   (2,6): 21,184 X
2026-06-15 18:28:24,067 [INFO]   (3,4): 33,852 X
2026-06-15 18:28:24,067 [INFO]   (3,5): 6,505 X
2026-06-15 18:28:24,067 [INFO]   (3,6): 6,429 X
2026-06-15 18:28:24,075 [INFO]   (4,5): 6,483 X
2026-06-15 18:28:24,075 [INFO]   (4,6): 6,322 X
2026-06-15 18:28:24,075 [INFO]   (5,6): 1,174 X
2026-06-15 18:28:24,075 [INFO] ============================================================
2026-06-15 18:28:24,075 [INFO] >>> 10 combination(s) below threshold <<<
2026-06-15 18:28:24,075 [INFO] ============================================================
2026-06-15 18:28:24,159 [INFO] Updated merged data: C:\Users\QUANTUM\OneDrive - ENSTA\!Working files\HBT\HBT Data\Tests_Jun\2026-06-15_17-44-18_g2_heralded_virtual\MERGED\17-44-18_2026-06-15_13.7mW_num0_MERGED.pkl
2026-06-15 18:28:24,205 [INFO] Found 0 connected Time Tagger(s)
2026-06-15 18:28:25,820 [INFO] t:   1 s, Board temperature: 41.0 °C, FPGA temperature: 56.9 °C
2026-06-15 18:28:27,395 [INFO] t:   2 s, Board temperature: 40.9 °C, FPGA temperature: 56.9 °C
2026-06-15 18:28:28,970 [INFO] t:   3 s, Board temperature: 40.9 °C, FPGA temperature: 56.9 °C
2026-06-15 18:28:30,561 [INFO] t:   4 s, Board temperature: 41.0 °C, FPGA temperature: 56.8 °C
2026-06-15 18:28:32,133 [INFO] t:   5 s, Board temperature: 40.9 °C, FPGA temperature: 56.9 °C
2026-06-15 18:28:32,133 [INFO] The Time Tagger is warmed up.
2026-06-15 18:28:32,133 [INFO] Time Tagger initialized.
2026-06-15 18:28:32,133 [INFO] Chunk 5/5 | Elapsed: 10.0 min
2026-06-15 18:28:32,133 [INFO] Initializing experiment on Time Tagger.
2026-06-15 18:28:32,133 [INFO] Deadtime for channel 1: 0 ps
2026-06-15 18:28:32,133 [INFO] Deadtime for channel 2: 0 ps
2026-06-15 18:28:32,133 [INFO] Deadtime for channel 3: 0 ps
2026-06-15 18:28:32,133 [INFO] Deadtime for channel 4: 0 ps
2026-06-15 18:28:32,133 [INFO] Deadtime for channel 5: 0 ps
2026-06-15 18:28:32,133 [INFO] Deadtime for channel 6: 0 ps
2026-06-15 18:28:32,141 [INFO] Delays on channels enabled.
2026-06-15 18:28:32,141 [INFO] Delay for channel 1: requested=0 ps, actual=0 ps
2026-06-15 18:28:32,141 [INFO] Delay for channel 2: requested=-1000 ps, actual=-1000 ps
2026-06-15 18:28:32,141 [INFO] Delay for channel 3: requested=20000 ps, actual=20000 ps
2026-06-15 18:28:32,141 [INFO] Delay for channel 4: requested=16500 ps, actual=16500 ps
2026-06-15 18:28:32,141 [INFO] Delay for channel 5: requested=17800 ps, actual=17800 ps
2026-06-15 18:28:32,141 [INFO] Delay for channel 6: requested=17300 ps, actual=17300 ps
2026-06-15 18:28:32,141 [INFO] Executing synchronized correlation measurement.
2026-06-15 18:28:32,141 [INFO] Delays on channels enabled.
2026-06-15 18:28:32,141 [INFO] Delay for channel 1: requested=0 ps, actual=0 ps.
2026-06-15 18:28:32,141 [INFO] Delay for channel 2: requested=-1000 ps, actual=-1000 ps.
2026-06-15 18:28:32,141 [INFO] Delay for channel 3: requested=20000 ps, actual=20000 ps.
2026-06-15 18:28:32,141 [INFO] Delay for channel 4: requested=16500 ps, actual=16500 ps.
2026-06-15 18:28:32,141 [INFO] Delay for channel 5: requested=17800 ps, actual=17800 ps.
2026-06-15 18:28:32,149 [INFO] Delay for channel 6: requested=17300 ps, actual=17300 ps.
2026-06-15 18:28:32,149 [INFO] Initializing measurement with virtual mode channels for ALL heralding permutations.
2026-06-15 18:28:32,149 [INFO] Automatically generated modes from input: {'H3': [1, 2], 'H4': [3, 4], 'H5': [5, 6]}
2026-06-15 18:28:32,149 [INFO] Setting up virtual channels...
2026-06-15 18:28:32,149 [INFO] Initializing physical channel correlation histograms...
2026-06-15 18:28:32,149 [INFO]   Physical correlation: ch1 <-> ch2
2026-06-15 18:28:32,149 [INFO]   Physical correlation: ch1 <-> ch3
2026-06-15 18:28:32,149 [INFO]   Physical correlation: ch1 <-> ch4
2026-06-15 18:28:32,149 [INFO]   Physical correlation: ch1 <-> ch5
2026-06-15 18:28:32,149 [INFO]   Physical correlation: ch1 <-> ch6
2026-06-15 18:28:32,157 [INFO]   Physical correlation: ch2 <-> ch3
2026-06-15 18:28:32,157 [INFO]   Physical correlation: ch2 <-> ch4
2026-06-15 18:28:32,157 [INFO]   Physical correlation: ch2 <-> ch5
2026-06-15 18:28:32,157 [INFO]   Physical correlation: ch2 <-> ch6
2026-06-15 18:28:32,157 [INFO]   Physical correlation: ch3 <-> ch4
2026-06-15 18:28:32,157 [INFO]   Physical correlation: ch3 <-> ch5
2026-06-15 18:28:32,157 [INFO]   Physical correlation: ch3 <-> ch6
2026-06-15 18:28:32,157 [INFO]   Physical correlation: ch4 <-> ch5
2026-06-15 18:28:32,157 [INFO]   Physical correlation: ch4 <-> ch6
2026-06-15 18:28:32,157 [INFO]   Physical correlation: ch5 <-> ch6
2026-06-15 18:28:32,157 [INFO] Initializing virtual mode correlation histograms...
2026-06-15 18:28:32,157 [INFO]   Within-mode (H3): ch1 <-> ch2
2026-06-15 18:28:32,165 [INFO]   Cross-mode: H3 <-> H4
2026-06-15 18:28:32,165 [INFO]   Cross-mode: H3 <-> H5
2026-06-15 18:28:32,165 [INFO]   Within-mode (H4): ch3 <-> ch4
2026-06-15 18:28:32,165 [INFO]   Cross-mode: H4 <-> H5
2026-06-15 18:28:32,165 [INFO]   Within-mode (H5): ch5 <-> ch6
2026-06-15 18:28:32,165 [INFO] Measurement starting for 2.000min / 0.033h
2026-06-15 18:30:32,453 [INFO] Measurements finished.
2026-06-15 18:30:32,453 [INFO] Collecting measurement data...
2026-06-15 18:30:32,453 [INFO] Collecting physical correlation data for (1,2)
2026-06-15 18:30:32,453 [INFO] Collecting physical correlation data for (1,3)
2026-06-15 18:30:32,453 [INFO] Collecting physical correlation data for (1,4)
2026-06-15 18:30:32,461 [INFO] Collecting physical correlation data for (1,5)
2026-06-15 18:30:32,461 [INFO] Collecting physical correlation data for (1,6)
2026-06-15 18:30:32,461 [INFO] Collecting physical correlation data for (2,3)
2026-06-15 18:30:32,469 [INFO] Collecting physical correlation data for (2,4)
2026-06-15 18:30:32,469 [INFO] Collecting physical correlation data for (2,5)
2026-06-15 18:30:32,477 [INFO] Collecting physical correlation data for (2,6)
2026-06-15 18:30:32,480 [INFO] Collecting physical correlation data for (3,4)
2026-06-15 18:30:32,480 [INFO] Collecting physical correlation data for (3,5)
2026-06-15 18:30:32,480 [INFO] Collecting physical correlation data for (3,6)
2026-06-15 18:30:32,480 [INFO] Collecting physical correlation data for (4,5)
2026-06-15 18:30:32,488 [INFO] Collecting physical correlation data for (4,6)
2026-06-15 18:30:32,488 [INFO] Collecting physical correlation data for (5,6)
2026-06-15 18:30:32,488 [INFO] Collecting virtual correlation data for (H3,H3)
2026-06-15 18:30:32,496 [INFO] Collecting virtual correlation data for (H3,H4)
2026-06-15 18:30:32,496 [INFO] Collecting virtual correlation data for (H3,H5)
2026-06-15 18:30:32,496 [INFO] Collecting virtual correlation data for (H4,H4)
2026-06-15 18:30:32,504 [INFO] Collecting virtual correlation data for (H4,H5)
2026-06-15 18:30:32,504 [INFO] Collecting virtual correlation data for (H5,H5)
2026-06-15 18:30:32,521 [INFO] Starting writing data to file.
2026-06-15 18:30:32,619 [INFO] Saved data.
2026-06-15 18:30:32,745 [INFO] Merging 1 chunks into running total...
2026-06-15 18:30:32,910 [INFO] ============================================================
2026-06-15 18:30:32,910 [INFO] STATUS REPORT | Duration: 10.00 min (0.167 h)
2026-06-15 18:30:32,910 [INFO] ============================================================
2026-06-15 18:30:32,910 [INFO] COUNTRATES (Physical):
2026-06-15 18:30:32,910 [INFO]   Ch 1: 89.4 kHz (total: 53,626,456)
2026-06-15 18:30:32,910 [INFO]   Ch 2: 116.9 kHz (total: 70,169,672)
2026-06-15 18:30:32,910 [INFO]   Ch 3: 34.2 kHz (total: 20,491,259)
2026-06-15 18:30:32,910 [INFO]   Ch 4: 34.4 kHz (total: 20,636,039)
2026-06-15 18:30:32,910 [INFO]   Ch 5: 6.4 kHz (total: 3,830,250)
2026-06-15 18:30:32,910 [INFO]   Ch 6: 6.3 kHz (total: 3,772,566)
2026-06-15 18:30:32,918 [INFO] COUNTRATES (Virtual):
2026-06-15 18:30:32,918 [INFO]   H3: 206.3 kHz (total: 123,796,128)
2026-06-15 18:30:32,918 [INFO]   H4: 68.5 kHz (total: 41,127,298)
2026-06-15 18:30:32,918 [INFO]   H5: 12.7 kHz (total: 7,602,816)
2026-06-15 18:30:32,918 [INFO] ------------------------------------------------------------
2026-06-15 18:30:32,918 [INFO] COINCIDENCES (threshold: 50000)
2026-06-15 18:30:32,918 [INFO] ------------------------------------------------------------
2026-06-15 18:30:32,918 [INFO] Twofold (physical) (Reached Threshold):
2026-06-15 18:30:32,918 [INFO]   (1,2): 364,588 Y
2026-06-15 18:30:32,918 [INFO]   (1,3): 108,894 Y
2026-06-15 18:30:32,918 [INFO]   (1,4): 109,671 Y
2026-06-15 18:30:32,918 [INFO]   (1,5): 20,798 X
2026-06-15 18:30:32,918 [INFO]   (1,6): 20,302 X
2026-06-15 18:30:32,926 [INFO]   (2,3): 140,564 Y
2026-06-15 18:30:32,926 [INFO]   (2,4): 140,879 Y
2026-06-15 18:30:32,926 [INFO]   (2,5): 26,667 X
2026-06-15 18:30:32,926 [INFO]   (2,6): 26,288 X
2026-06-15 18:30:32,926 [INFO]   (3,4): 42,034 X
2026-06-15 18:30:32,926 [INFO]   (3,5): 8,033 X
2026-06-15 18:30:32,926 [INFO]   (3,6): 7,991 X
2026-06-15 18:30:32,926 [INFO]   (4,5): 8,137 X
2026-06-15 18:30:32,926 [INFO]   (4,6): 7,817 X
2026-06-15 18:30:32,931 [INFO]   (5,6): 1,498 X
2026-06-15 18:30:32,931 [INFO] ============================================================
2026-06-15 18:30:32,931 [INFO] >>> 10 combination(s) below threshold <<<
2026-06-15 18:30:32,931 [INFO] ============================================================
2026-06-15 18:30:33,016 [INFO] Updated merged data: C:\Users\QUANTUM\OneDrive - ENSTA\!Working files\HBT\HBT Data\Tests_Jun\2026-06-15_17-44-18_g2_heralded_virtual\MERGED\17-44-18_2026-06-15_13.7mW_num0_MERGED.pkl
2026-06-15 18:30:33,092 [INFO] Final merged data saved to: C:\Users\QUANTUM\OneDrive - ENSTA\!Working files\HBT\HBT Data\Tests_Jun\2026-06-15_17-44-18_g2_heralded_virtual\MERGED\17-44-18_2026-06-15_13.7mW_num0_MERGED.pkl
2026-06-15 18:30:33,100 [INFO] Total merged duration: 10.00 min
2026-06-15 18:30:33,100 [INFO] Measurement completed in 10.75 min
2026-06-15 18:30:33,946 [INFO] Stage Position: 33
2026-06-15 18:30:33,947 [INFO] Starting chunked acquisition (max 5 chunks / 10.0 min)
2026-06-15 18:30:33,947 [INFO] Chunk duration: 2 min
2026-06-15 18:30:33,947 [INFO] Threshold: 50000 counts, checking every 1 chunks
2026-06-15 18:30:34,013 [INFO] Found 0 connected Time Tagger(s)
2026-06-15 18:30:35,639 [INFO] t:   1 s, Board temperature: 40.8 °C, FPGA temperature: 56.8 °C
2026-06-15 18:30:37,204 [INFO] t:   2 s, Board temperature: 40.7 °C, FPGA temperature: 56.8 °C
2026-06-15 18:30:38,774 [INFO] t:   3 s, Board temperature: 40.8 °C, FPGA temperature: 56.7 °C
2026-06-15 18:30:40,319 [INFO] t:   4 s, Board temperature: 40.8 °C, FPGA temperature: 56.8 °C
2026-06-15 18:30:41,876 [INFO] t:   5 s, Board temperature: 40.8 °C, FPGA temperature: 56.8 °C
2026-06-15 18:30:41,876 [INFO] The Time Tagger is warmed up.
2026-06-15 18:30:41,876 [INFO] Time Tagger initialized.
2026-06-15 18:30:41,876 [INFO] Chunk 1/5 | Elapsed: 2.0 min
2026-06-15 18:30:41,884 [INFO] Initializing experiment on Time Tagger.
2026-06-15 18:30:41,884 [INFO] Deadtime for channel 1: 0 ps
2026-06-15 18:30:41,884 [INFO] Deadtime for channel 2: 0 ps
2026-06-15 18:30:41,884 [INFO] Deadtime for channel 3: 0 ps
2026-06-15 18:30:41,884 [INFO] Deadtime for channel 4: 0 ps
2026-06-15 18:30:41,884 [INFO] Deadtime for channel 5: 0 ps
2026-06-15 18:30:41,884 [INFO] Deadtime for channel 6: 0 ps
2026-06-15 18:30:41,884 [INFO] Delays on channels enabled.
2026-06-15 18:30:41,884 [INFO] Delay for channel 1: requested=0 ps, actual=0 ps
2026-06-15 18:30:41,884 [INFO] Delay for channel 2: requested=-1000 ps, actual=-1000 ps
2026-06-15 18:30:41,884 [INFO] Delay for channel 3: requested=20000 ps, actual=20000 ps
2026-06-15 18:30:41,884 [INFO] Delay for channel 4: requested=16500 ps, actual=16500 ps
2026-06-15 18:30:41,884 [INFO] Delay for channel 5: requested=17800 ps, actual=17800 ps
2026-06-15 18:30:41,892 [INFO] Delay for channel 6: requested=17300 ps, actual=17300 ps
2026-06-15 18:30:41,893 [INFO] Executing synchronized correlation measurement.
2026-06-15 18:30:41,893 [INFO] Delays on channels enabled.
2026-06-15 18:30:41,893 [INFO] Delay for channel 1: requested=0 ps, actual=0 ps.
2026-06-15 18:30:41,893 [INFO] Delay for channel 2: requested=-1000 ps, actual=-1000 ps.
2026-06-15 18:30:41,893 [INFO] Delay for channel 3: requested=20000 ps, actual=20000 ps.
2026-06-15 18:30:41,893 [INFO] Delay for channel 4: requested=16500 ps, actual=16500 ps.
2026-06-15 18:30:41,893 [INFO] Delay for channel 5: requested=17800 ps, actual=17800 ps.
2026-06-15 18:30:41,893 [INFO] Delay for channel 6: requested=17300 ps, actual=17300 ps.
2026-06-15 18:30:41,893 [INFO] Initializing measurement with virtual mode channels for ALL heralding permutations.
2026-06-15 18:30:41,893 [INFO] Automatically generated modes from input: {'H3': [1, 2], 'H4': [3, 4], 'H5': [5, 6]}
2026-06-15 18:30:41,893 [INFO] Setting up virtual channels...
2026-06-15 18:30:41,893 [INFO] Initializing physical channel correlation histograms...
2026-06-15 18:30:41,901 [INFO]   Physical correlation: ch1 <-> ch2
2026-06-15 18:30:41,901 [INFO]   Physical correlation: ch1 <-> ch3
2026-06-15 18:30:41,901 [INFO]   Physical correlation: ch1 <-> ch4
2026-06-15 18:30:41,901 [INFO]   Physical correlation: ch1 <-> ch5
2026-06-15 18:30:41,901 [INFO]   Physical correlation: ch1 <-> ch6
2026-06-15 18:30:41,901 [INFO]   Physical correlation: ch2 <-> ch3
2026-06-15 18:30:41,901 [INFO]   Physical correlation: ch2 <-> ch4
2026-06-15 18:30:41,901 [INFO]   Physical correlation: ch2 <-> ch5
2026-06-15 18:30:41,901 [INFO]   Physical correlation: ch2 <-> ch6
2026-06-15 18:30:41,901 [INFO]   Physical correlation: ch3 <-> ch4
2026-06-15 18:30:41,901 [INFO]   Physical correlation: ch3 <-> ch5
2026-06-15 18:30:41,901 [INFO]   Physical correlation: ch3 <-> ch6
2026-06-15 18:30:41,909 [INFO]   Physical correlation: ch4 <-> ch5
2026-06-15 18:30:41,909 [INFO]   Physical correlation: ch4 <-> ch6
2026-06-15 18:30:41,909 [INFO]   Physical correlation: ch5 <-> ch6
2026-06-15 18:30:41,909 [INFO] Initializing virtual mode correlation histograms...
2026-06-15 18:30:41,909 [INFO]   Within-mode (H3): ch1 <-> ch2
2026-06-15 18:30:41,909 [INFO]   Cross-mode: H3 <-> H4
2026-06-15 18:30:41,909 [INFO]   Cross-mode: H3 <-> H5
2026-06-15 18:30:41,909 [INFO]   Within-mode (H4): ch3 <-> ch4
2026-06-15 18:30:41,909 [INFO]   Cross-mode: H4 <-> H5
2026-06-15 18:30:41,909 [INFO]   Within-mode (H5): ch5 <-> ch6
2026-06-15 18:30:41,917 [INFO] Measurement starting for 2.000min / 0.033h
2026-06-15 18:32:42,208 [INFO] Measurements finished.
2026-06-15 18:32:42,208 [INFO] Collecting measurement data...
2026-06-15 18:32:42,208 [INFO] Collecting physical correlation data for (1,2)
2026-06-15 18:32:42,216 [INFO] Collecting physical correlation data for (1,3)
2026-06-15 18:32:42,216 [INFO] Collecting physical correlation data for (1,4)
2026-06-15 18:32:42,216 [INFO] Collecting physical correlation data for (1,5)
2026-06-15 18:32:42,216 [INFO] Collecting physical correlation data for (1,6)
2026-06-15 18:32:42,224 [INFO] Collecting physical correlation data for (2,3)
2026-06-15 18:32:42,224 [INFO] Collecting physical correlation data for (2,4)
2026-06-15 18:32:42,224 [INFO] Collecting physical correlation data for (2,5)
2026-06-15 18:32:42,224 [INFO] Collecting physical correlation data for (2,6)
2026-06-15 18:32:42,233 [INFO] Collecting physical correlation data for (3,4)
2026-06-15 18:32:42,233 [INFO] Collecting physical correlation data for (3,5)
2026-06-15 18:32:42,233 [INFO] Collecting physical correlation data for (3,6)
2026-06-15 18:32:42,233 [INFO] Collecting physical correlation data for (4,5)
2026-06-15 18:32:42,233 [INFO] Collecting physical correlation data for (4,6)
2026-06-15 18:32:42,241 [INFO] Collecting physical correlation data for (5,6)
2026-06-15 18:32:42,241 [INFO] Collecting virtual correlation data for (H3,H3)
2026-06-15 18:32:42,241 [INFO] Collecting virtual correlation data for (H3,H4)
2026-06-15 18:32:42,241 [INFO] Collecting virtual correlation data for (H3,H5)
2026-06-15 18:32:42,249 [INFO] Collecting virtual correlation data for (H4,H4)
2026-06-15 18:32:42,249 [INFO] Collecting virtual correlation data for (H4,H5)
2026-06-15 18:32:42,249 [INFO] Collecting virtual correlation data for (H5,H5)
2026-06-15 18:32:42,263 [INFO] Starting writing data to file.
2026-06-15 18:32:42,350 [INFO] Saved data.
2026-06-15 18:32:42,469 [INFO] Merging 1 chunks into running total...
2026-06-15 18:32:42,479 [INFO] ============================================================
2026-06-15 18:32:42,479 [INFO] STATUS REPORT | Duration: 2.00 min (0.033 h)
2026-06-15 18:32:42,479 [INFO] ============================================================
2026-06-15 18:32:42,479 [INFO] COUNTRATES (Physical):
2026-06-15 18:32:42,479 [INFO]   Ch 1: 54.2 kHz (total: 6,499,748)
2026-06-15 18:32:42,479 [INFO]   Ch 2: 71.2 kHz (total: 8,546,012)
2026-06-15 18:32:42,479 [INFO]   Ch 3: 17.8 kHz (total: 2,138,421)
2026-06-15 18:32:42,479 [INFO]   Ch 4: 18.1 kHz (total: 2,175,657)
2026-06-15 18:32:42,479 [INFO]   Ch 5: 2.8 kHz (total: 330,478)
2026-06-15 18:32:42,479 [INFO]   Ch 6: 2.7 kHz (total: 325,132)
2026-06-15 18:32:42,479 [INFO] COUNTRATES (Virtual):
2026-06-15 18:32:42,479 [INFO]   H3: 125.4 kHz (total: 15,045,760)
2026-06-15 18:32:42,479 [INFO]   H4: 36.0 kHz (total: 4,314,078)
2026-06-15 18:32:42,489 [INFO]   H5: 5.5 kHz (total: 655,610)
2026-06-15 18:32:42,489 [INFO] ------------------------------------------------------------
2026-06-15 18:32:42,489 [INFO] COINCIDENCES (threshold: 50000)
2026-06-15 18:32:42,489 [INFO] ------------------------------------------------------------
2026-06-15 18:32:42,489 [INFO] Twofold (physical) (Reached Threshold):
2026-06-15 18:32:42,489 [INFO]   (1,2): 26,974 X
2026-06-15 18:32:42,489 [INFO]   (1,3): 6,977 X
2026-06-15 18:32:42,489 [INFO]   (1,4): 6,790 X
2026-06-15 18:32:42,489 [INFO]   (1,5): 1,017 X
2026-06-15 18:32:42,489 [INFO]   (1,6): 985 X
2026-06-15 18:32:42,489 [INFO]   (2,3): 8,867 X
2026-06-15 18:32:42,489 [INFO]   (2,4): 9,001 X
2026-06-15 18:32:42,489 [INFO]   (2,5): 1,433 X
2026-06-15 18:32:42,489 [INFO]   (2,6): 1,369 X
2026-06-15 18:32:42,489 [INFO]   (3,4): 2,203 X
2026-06-15 18:32:42,489 [INFO]   (3,5): 351 X
2026-06-15 18:32:42,499 [INFO]   (3,6): 356 X
2026-06-15 18:32:42,499 [INFO]   (4,5): 347 X
2026-06-15 18:32:42,499 [INFO]   (4,6): 344 X
2026-06-15 18:32:42,499 [INFO]   (5,6): 60 X
2026-06-15 18:32:42,499 [INFO] ============================================================
2026-06-15 18:32:42,499 [INFO] >>> 15 combination(s) below threshold <<<
2026-06-15 18:32:42,499 [INFO] ============================================================
2026-06-15 18:32:42,582 [INFO] Updated merged data: C:\Users\QUANTUM\OneDrive - ENSTA\!Working files\HBT\HBT Data\Tests_Jun\2026-06-15_17-44-18_g2_heralded_virtual\MERGED\17-44-18_2026-06-15_11.5mW_num0_MERGED.pkl
2026-06-15 18:32:42,620 [INFO] Found 0 connected Time Tagger(s)
2026-06-15 18:32:44,264 [INFO] t:   1 s, Board temperature: 40.7 °C, FPGA temperature: 56.8 °C
2026-06-15 18:32:45,825 [INFO] t:   2 s, Board temperature: 40.8 °C, FPGA temperature: 56.7 °C
2026-06-15 18:32:47,381 [INFO] t:   3 s, Board temperature: 40.6 °C, FPGA temperature: 56.8 °C
2026-06-15 18:32:48,930 [INFO] t:   4 s, Board temperature: 40.6 °C, FPGA temperature: 56.6 °C
2026-06-15 18:32:50,494 [INFO] t:   5 s, Board temperature: 40.8 °C, FPGA temperature: 56.6 °C
2026-06-15 18:32:50,494 [INFO] The Time Tagger is warmed up.
2026-06-15 18:32:50,494 [INFO] Time Tagger initialized.
2026-06-15 18:32:50,502 [INFO] Chunk 2/5 | Elapsed: 4.0 min
2026-06-15 18:32:50,502 [INFO] Initializing experiment on Time Tagger.
2026-06-15 18:32:50,502 [INFO] Deadtime for channel 1: 0 ps
2026-06-15 18:32:50,502 [INFO] Deadtime for channel 2: 0 ps
2026-06-15 18:32:50,502 [INFO] Deadtime for channel 3: 0 ps
2026-06-15 18:32:50,502 [INFO] Deadtime for channel 4: 0 ps
2026-06-15 18:32:50,502 [INFO] Deadtime for channel 5: 0 ps
2026-06-15 18:32:50,502 [INFO] Deadtime for channel 6: 0 ps
2026-06-15 18:32:50,502 [INFO] Delays on channels enabled.
2026-06-15 18:32:50,502 [INFO] Delay for channel 1: requested=0 ps, actual=0 ps
2026-06-15 18:32:50,502 [INFO] Delay for channel 2: requested=-1000 ps, actual=-1000 ps
2026-06-15 18:32:50,502 [INFO] Delay for channel 3: requested=20000 ps, actual=20000 ps
2026-06-15 18:32:50,510 [INFO] Delay for channel 4: requested=16500 ps, actual=16500 ps
2026-06-15 18:32:50,510 [INFO] Delay for channel 5: requested=17800 ps, actual=17800 ps
2026-06-15 18:32:50,510 [INFO] Delay for channel 6: requested=17300 ps, actual=17300 ps
2026-06-15 18:32:50,510 [INFO] Executing synchronized correlation measurement.
2026-06-15 18:32:50,510 [INFO] Delays on channels enabled.
2026-06-15 18:32:50,513 [INFO] Delay for channel 1: requested=0 ps, actual=0 ps.
2026-06-15 18:32:50,513 [INFO] Delay for channel 2: requested=-1000 ps, actual=-1000 ps.
2026-06-15 18:32:50,513 [INFO] Delay for channel 3: requested=20000 ps, actual=20000 ps.
2026-06-15 18:32:50,513 [INFO] Delay for channel 4: requested=16500 ps, actual=16500 ps.
2026-06-15 18:32:50,513 [INFO] Delay for channel 5: requested=17800 ps, actual=17800 ps.
2026-06-15 18:32:50,513 [INFO] Delay for channel 6: requested=17300 ps, actual=17300 ps.
2026-06-15 18:32:50,513 [INFO] Initializing measurement with virtual mode channels for ALL heralding permutations.
2026-06-15 18:32:50,513 [INFO] Automatically generated modes from input: {'H3': [1, 2], 'H4': [3, 4], 'H5': [5, 6]}
2026-06-15 18:32:50,513 [INFO] Setting up virtual channels...
2026-06-15 18:32:50,513 [INFO] Initializing physical channel correlation histograms...
2026-06-15 18:32:50,513 [INFO]   Physical correlation: ch1 <-> ch2
2026-06-15 18:32:50,513 [INFO]   Physical correlation: ch1 <-> ch3
2026-06-15 18:32:50,521 [INFO]   Physical correlation: ch1 <-> ch4
2026-06-15 18:32:50,521 [INFO]   Physical correlation: ch1 <-> ch5
2026-06-15 18:32:50,521 [INFO]   Physical correlation: ch1 <-> ch6
2026-06-15 18:32:50,521 [INFO]   Physical correlation: ch2 <-> ch3
2026-06-15 18:32:50,521 [INFO]   Physical correlation: ch2 <-> ch4
2026-06-15 18:32:50,521 [INFO]   Physical correlation: ch2 <-> ch5
2026-06-15 18:32:50,521 [INFO]   Physical correlation: ch2 <-> ch6
2026-06-15 18:32:50,521 [INFO]   Physical correlation: ch3 <-> ch4
2026-06-15 18:32:50,521 [INFO]   Physical correlation: ch3 <-> ch5
2026-06-15 18:32:50,521 [INFO]   Physical correlation: ch3 <-> ch6
2026-06-15 18:32:50,521 [INFO]   Physical correlation: ch4 <-> ch5
2026-06-15 18:32:50,521 [INFO]   Physical correlation: ch4 <-> ch6
2026-06-15 18:32:50,529 [INFO]   Physical correlation: ch5 <-> ch6
2026-06-15 18:32:50,529 [INFO] Initializing virtual mode correlation histograms...
2026-06-15 18:32:50,529 [INFO]   Within-mode (H3): ch1 <-> ch2
2026-06-15 18:32:50,529 [INFO]   Cross-mode: H3 <-> H4
2026-06-15 18:32:50,529 [INFO]   Cross-mode: H3 <-> H5
2026-06-15 18:32:50,529 [INFO]   Within-mode (H4): ch3 <-> ch4
2026-06-15 18:32:50,529 [INFO]   Cross-mode: H4 <-> H5
2026-06-15 18:32:50,529 [INFO]   Within-mode (H5): ch5 <-> ch6
2026-06-15 18:32:50,529 [INFO] Measurement starting for 2.000min / 0.033h
2026-06-15 18:34:50,824 [INFO] Measurements finished.
2026-06-15 18:34:50,824 [INFO] Collecting measurement data...
2026-06-15 18:34:50,824 [INFO] Collecting physical correlation data for (1,2)
2026-06-15 18:34:50,832 [INFO] Collecting physical correlation data for (1,3)
2026-06-15 18:34:50,832 [INFO] Collecting physical correlation data for (1,4)
2026-06-15 18:34:50,841 [INFO] Collecting physical correlation data for (1,5)
2026-06-15 18:34:50,841 [INFO] Collecting physical correlation data for (1,6)
2026-06-15 18:34:50,848 [INFO] Collecting physical correlation data for (2,3)
2026-06-15 18:34:50,848 [INFO] Collecting physical correlation data for (2,4)
2026-06-15 18:34:50,857 [INFO] Collecting physical correlation data for (2,5)
2026-06-15 18:34:50,857 [INFO] Collecting physical correlation data for (2,6)
2026-06-15 18:34:50,865 [INFO] Collecting physical correlation data for (3,4)
2026-06-15 18:34:50,865 [INFO] Collecting physical correlation data for (3,5)
2026-06-15 18:34:50,873 [INFO] Collecting physical correlation data for (3,6)
2026-06-15 18:34:50,874 [INFO] Collecting physical correlation data for (4,5)
2026-06-15 18:34:50,874 [INFO] Collecting physical correlation data for (4,6)
2026-06-15 18:34:50,874 [INFO] Collecting physical correlation data for (5,6)
2026-06-15 18:34:50,882 [INFO] Collecting virtual correlation data for (H3,H3)
2026-06-15 18:34:50,882 [INFO] Collecting virtual correlation data for (H3,H4)
2026-06-15 18:34:50,887 [INFO] Collecting virtual correlation data for (H3,H5)
2026-06-15 18:34:50,887 [INFO] Collecting virtual correlation data for (H4,H4)
2026-06-15 18:34:50,887 [INFO] Collecting virtual correlation data for (H4,H5)
2026-06-15 18:34:50,895 [INFO] Collecting virtual correlation data for (H5,H5)
2026-06-15 18:34:50,911 [INFO] Starting writing data to file.
2026-06-15 18:34:50,996 [INFO] Saved data.
2026-06-15 18:34:51,098 [INFO] Merging 1 chunks into running total...
2026-06-15 18:34:51,261 [INFO] ============================================================
2026-06-15 18:34:51,261 [INFO] STATUS REPORT | Duration: 4.00 min (0.067 h)
2026-06-15 18:34:51,261 [INFO] ============================================================
2026-06-15 18:34:51,261 [INFO] COUNTRATES (Physical):
2026-06-15 18:34:51,270 [INFO]   Ch 1: 54.1 kHz (total: 12,978,272)
2026-06-15 18:34:51,270 [INFO]   Ch 2: 71.2 kHz (total: 17,089,006)
2026-06-15 18:34:51,270 [INFO]   Ch 3: 17.8 kHz (total: 4,278,265)
2026-06-15 18:34:51,270 [INFO]   Ch 4: 18.1 kHz (total: 4,354,303)
2026-06-15 18:34:51,270 [INFO]   Ch 5: 2.8 kHz (total: 662,486)
2026-06-15 18:34:51,270 [INFO]   Ch 6: 2.7 kHz (total: 651,813)
2026-06-15 18:34:51,270 [INFO] COUNTRATES (Virtual):
2026-06-15 18:34:51,270 [INFO]   H3: 125.3 kHz (total: 30,067,278)
2026-06-15 18:34:51,270 [INFO]   H4: 36.0 kHz (total: 8,632,568)
2026-06-15 18:34:51,270 [INFO]   H5: 5.5 kHz (total: 1,314,299)
2026-06-15 18:34:51,277 [INFO] ------------------------------------------------------------
2026-06-15 18:34:51,277 [INFO] COINCIDENCES (threshold: 50000)
2026-06-15 18:34:51,277 [INFO] ------------------------------------------------------------
2026-06-15 18:34:51,277 [INFO] Twofold (physical) (Reached Threshold):
2026-06-15 18:34:51,277 [INFO]   (1,2): 53,421 Y
2026-06-15 18:34:51,277 [INFO]   (1,3): 13,828 X
2026-06-15 18:34:51,277 [INFO]   (1,4): 13,831 X
2026-06-15 18:34:51,277 [INFO]   (1,5): 2,137 X
2026-06-15 18:34:51,277 [INFO]   (1,6): 2,047 X
2026-06-15 18:34:51,277 [INFO]   (2,3): 17,817 X
2026-06-15 18:34:51,277 [INFO]   (2,4): 17,990 X
2026-06-15 18:34:51,285 [INFO]   (2,5): 2,806 X
2026-06-15 18:34:51,285 [INFO]   (2,6): 2,725 X
2026-06-15 18:34:51,285 [INFO]   (3,4): 4,479 X
2026-06-15 18:34:51,285 [INFO]   (3,5): 685 X
2026-06-15 18:34:51,285 [INFO]   (3,6): 728 X
2026-06-15 18:34:51,285 [INFO]   (4,5): 749 X
2026-06-15 18:34:51,285 [INFO]   (4,6): 678 X
2026-06-15 18:34:51,285 [INFO]   (5,6): 120 X
2026-06-15 18:34:51,285 [INFO] ============================================================
2026-06-15 18:34:51,285 [INFO] >>> 14 combination(s) below threshold <<<
2026-06-15 18:34:51,285 [INFO] ============================================================
2026-06-15 18:34:51,381 [INFO] Updated merged data: C:\Users\QUANTUM\OneDrive - ENSTA\!Working files\HBT\HBT Data\Tests_Jun\2026-06-15_17-44-18_g2_heralded_virtual\MERGED\17-44-18_2026-06-15_11.5mW_num0_MERGED.pkl
2026-06-15 18:34:51,424 [INFO] Found 0 connected Time Tagger(s)
2026-06-15 18:34:53,036 [INFO] t:   1 s, Board temperature: 40.8 °C, FPGA temperature: 56.6 °C
2026-06-15 18:34:54,594 [INFO] t:   2 s, Board temperature: 40.6 °C, FPGA temperature: 56.6 °C
2026-06-15 18:34:56,145 [INFO] t:   3 s, Board temperature: 40.6 °C, FPGA temperature: 56.6 °C
2026-06-15 18:34:57,701 [INFO] t:   4 s, Board temperature: 40.8 °C, FPGA temperature: 56.6 °C
2026-06-15 18:34:59,259 [INFO] t:   5 s, Board temperature: 40.7 °C, FPGA temperature: 56.5 °C
2026-06-15 18:34:59,259 [INFO] The Time Tagger is warmed up.
2026-06-15 18:34:59,259 [INFO] Time Tagger initialized.
2026-06-15 18:34:59,259 [INFO] Chunk 3/5 | Elapsed: 6.0 min
2026-06-15 18:34:59,259 [INFO] Initializing experiment on Time Tagger.
2026-06-15 18:34:59,259 [INFO] Deadtime for channel 1: 0 ps
2026-06-15 18:34:59,259 [INFO] Deadtime for channel 2: 0 ps
2026-06-15 18:34:59,259 [INFO] Deadtime for channel 3: 0 ps
2026-06-15 18:34:59,259 [INFO] Deadtime for channel 4: 0 ps
2026-06-15 18:34:59,267 [INFO] Deadtime for channel 5: 0 ps
2026-06-15 18:34:59,267 [INFO] Deadtime for channel 6: 0 ps
2026-06-15 18:34:59,267 [INFO] Delays on channels enabled.
2026-06-15 18:34:59,267 [INFO] Delay for channel 1: requested=0 ps, actual=0 ps
2026-06-15 18:34:59,267 [INFO] Delay for channel 2: requested=-1000 ps, actual=-1000 ps
2026-06-15 18:34:59,267 [INFO] Delay for channel 3: requested=20000 ps, actual=20000 ps
2026-06-15 18:34:59,267 [INFO] Delay for channel 4: requested=16500 ps, actual=16500 ps
2026-06-15 18:34:59,267 [INFO] Delay for channel 5: requested=17800 ps, actual=17800 ps
2026-06-15 18:34:59,267 [INFO] Delay for channel 6: requested=17300 ps, actual=17300 ps
2026-06-15 18:34:59,267 [INFO] Executing synchronized correlation measurement.
2026-06-15 18:34:59,267 [INFO] Delays on channels enabled.
2026-06-15 18:34:59,267 [INFO] Delay for channel 1: requested=0 ps, actual=0 ps.
2026-06-15 18:34:59,267 [INFO] Delay for channel 2: requested=-1000 ps, actual=-1000 ps.
2026-06-15 18:34:59,267 [INFO] Delay for channel 3: requested=20000 ps, actual=20000 ps.
2026-06-15 18:34:59,267 [INFO] Delay for channel 4: requested=16500 ps, actual=16500 ps.
2026-06-15 18:34:59,267 [INFO] Delay for channel 5: requested=17800 ps, actual=17800 ps.
2026-06-15 18:34:59,277 [INFO] Delay for channel 6: requested=17300 ps, actual=17300 ps.
2026-06-15 18:34:59,277 [INFO] Initializing measurement with virtual mode channels for ALL heralding permutations.
2026-06-15 18:34:59,277 [INFO] Automatically generated modes from input: {'H3': [1, 2], 'H4': [3, 4], 'H5': [5, 6]}
2026-06-15 18:34:59,277 [INFO] Setting up virtual channels...
2026-06-15 18:34:59,277 [INFO] Initializing physical channel correlation histograms...
2026-06-15 18:34:59,277 [INFO]   Physical correlation: ch1 <-> ch2
2026-06-15 18:34:59,277 [INFO]   Physical correlation: ch1 <-> ch3
2026-06-15 18:34:59,277 [INFO]   Physical correlation: ch1 <-> ch4
2026-06-15 18:34:59,277 [INFO]   Physical correlation: ch1 <-> ch5
2026-06-15 18:34:59,277 [INFO]   Physical correlation: ch1 <-> ch6
2026-06-15 18:34:59,277 [INFO]   Physical correlation: ch2 <-> ch3
2026-06-15 18:34:59,277 [INFO]   Physical correlation: ch2 <-> ch4
2026-06-15 18:34:59,277 [INFO]   Physical correlation: ch2 <-> ch5
2026-06-15 18:34:59,277 [INFO]   Physical correlation: ch2 <-> ch6
2026-06-15 18:34:59,277 [INFO]   Physical correlation: ch3 <-> ch4
2026-06-15 18:34:59,287 [INFO]   Physical correlation: ch3 <-> ch5
2026-06-15 18:34:59,287 [INFO]   Physical correlation: ch3 <-> ch6
2026-06-15 18:34:59,287 [INFO]   Physical correlation: ch4 <-> ch5
2026-06-15 18:34:59,287 [INFO]   Physical correlation: ch4 <-> ch6
2026-06-15 18:34:59,287 [INFO]   Physical correlation: ch5 <-> ch6
2026-06-15 18:34:59,287 [INFO] Initializing virtual mode correlation histograms...
2026-06-15 18:34:59,287 [INFO]   Within-mode (H3): ch1 <-> ch2
2026-06-15 18:34:59,287 [INFO]   Cross-mode: H3 <-> H4
2026-06-15 18:34:59,287 [INFO]   Cross-mode: H3 <-> H5
2026-06-15 18:34:59,287 [INFO]   Within-mode (H4): ch3 <-> ch4
2026-06-15 18:34:59,287 [INFO]   Cross-mode: H4 <-> H5
2026-06-15 18:34:59,287 [INFO]   Within-mode (H5): ch5 <-> ch6
2026-06-15 18:34:59,287 [INFO] Measurement starting for 2.000min / 0.033h
2026-06-15 18:36:59,589 [INFO] Measurements finished.
2026-06-15 18:36:59,589 [INFO] Collecting measurement data...
2026-06-15 18:36:59,589 [INFO] Collecting physical correlation data for (1,2)
2026-06-15 18:36:59,597 [INFO] Collecting physical correlation data for (1,3)
2026-06-15 18:36:59,597 [INFO] Collecting physical correlation data for (1,4)
2026-06-15 18:36:59,607 [INFO] Collecting physical correlation data for (1,5)
2026-06-15 18:36:59,607 [INFO] Collecting physical correlation data for (1,6)
2026-06-15 18:36:59,617 [INFO] Collecting physical correlation data for (2,3)
2026-06-15 18:36:59,617 [INFO] Collecting physical correlation data for (2,4)
2026-06-15 18:36:59,617 [INFO] Collecting physical correlation data for (2,5)
2026-06-15 18:36:59,627 [INFO] Collecting physical correlation data for (2,6)
2026-06-15 18:36:59,627 [INFO] Collecting physical correlation data for (3,4)
2026-06-15 18:36:59,635 [INFO] Collecting physical correlation data for (3,5)
2026-06-15 18:36:59,635 [INFO] Collecting physical correlation data for (3,6)
2026-06-15 18:36:59,635 [INFO] Collecting physical correlation data for (4,5)
2026-06-15 18:36:59,643 [INFO] Collecting physical correlation data for (4,6)
2026-06-15 18:36:59,643 [INFO] Collecting physical correlation data for (5,6)
2026-06-15 18:36:59,643 [INFO] Collecting virtual correlation data for (H3,H3)
2026-06-15 18:36:59,643 [INFO] Collecting virtual correlation data for (H3,H4)
2026-06-15 18:36:59,651 [INFO] Collecting virtual correlation data for (H3,H5)
2026-06-15 18:36:59,651 [INFO] Collecting virtual correlation data for (H4,H4)
2026-06-15 18:36:59,651 [INFO] Collecting virtual correlation data for (H4,H5)
2026-06-15 18:36:59,651 [INFO] Collecting virtual correlation data for (H5,H5)
2026-06-15 18:36:59,676 [INFO] Starting writing data to file.
2026-06-15 18:36:59,759 [INFO] Saved data.
2026-06-15 18:36:59,895 [INFO] Merging 1 chunks into running total...
2026-06-15 18:37:00,057 [INFO] ============================================================
2026-06-15 18:37:00,057 [INFO] STATUS REPORT | Duration: 6.00 min (0.100 h)
2026-06-15 18:37:00,057 [INFO] ============================================================
2026-06-15 18:37:00,057 [INFO] COUNTRATES (Physical):
2026-06-15 18:37:00,065 [INFO]   Ch 1: 54.1 kHz (total: 19,479,532)
2026-06-15 18:37:00,066 [INFO]   Ch 2: 71.2 kHz (total: 25,636,047)
2026-06-15 18:37:00,066 [INFO]   Ch 3: 17.8 kHz (total: 6,417,083)
2026-06-15 18:37:00,066 [INFO]   Ch 4: 18.1 kHz (total: 6,531,536)
2026-06-15 18:37:00,066 [INFO]   Ch 5: 2.8 kHz (total: 994,439)
2026-06-15 18:37:00,066 [INFO]   Ch 6: 2.7 kHz (total: 978,806)
2026-06-15 18:37:00,066 [INFO] COUNTRATES (Virtual):
2026-06-15 18:37:00,066 [INFO]   H3: 125.3 kHz (total: 45,115,579)
2026-06-15 18:37:00,066 [INFO]   H4: 36.0 kHz (total: 12,948,619)
2026-06-15 18:37:00,066 [INFO]   H5: 5.5 kHz (total: 1,973,245)
2026-06-15 18:37:00,066 [INFO] ------------------------------------------------------------
2026-06-15 18:37:00,066 [INFO] COINCIDENCES (threshold: 50000)
2026-06-15 18:37:00,066 [INFO] ------------------------------------------------------------
2026-06-15 18:37:00,074 [INFO] Twofold (physical) (Reached Threshold):
2026-06-15 18:37:00,074 [INFO]   (1,2): 80,441 Y
2026-06-15 18:37:00,074 [INFO]   (1,3): 20,671 X
2026-06-15 18:37:00,074 [INFO]   (1,4): 20,852 X
2026-06-15 18:37:00,074 [INFO]   (1,5): 3,181 X
2026-06-15 18:37:00,074 [INFO]   (1,6): 3,100 X
2026-06-15 18:37:00,074 [INFO]   (2,3): 26,686 X
2026-06-15 18:37:00,074 [INFO]   (2,4): 27,077 X
2026-06-15 18:37:00,074 [INFO]   (2,5): 4,261 X
2026-06-15 18:37:00,074 [INFO]   (2,6): 4,170 X
2026-06-15 18:37:00,074 [INFO]   (3,4): 6,742 X
2026-06-15 18:37:00,074 [INFO]   (3,5): 1,032 X
2026-06-15 18:37:00,074 [INFO]   (3,6): 1,092 X
2026-06-15 18:37:00,082 [INFO]   (4,5): 1,100 X
2026-06-15 18:37:00,082 [INFO]   (4,6): 1,050 X
2026-06-15 18:37:00,082 [INFO]   (5,6): 170 X
2026-06-15 18:37:00,082 [INFO] ============================================================
2026-06-15 18:37:00,082 [INFO] >>> 14 combination(s) below threshold <<<
2026-06-15 18:37:00,082 [INFO] ============================================================
2026-06-15 18:37:00,172 [INFO] Updated merged data: C:\Users\QUANTUM\OneDrive - ENSTA\!Working files\HBT\HBT Data\Tests_Jun\2026-06-15_17-44-18_g2_heralded_virtual\MERGED\17-44-18_2026-06-15_11.5mW_num0_MERGED.pkl
2026-06-15 18:37:00,209 [INFO] Found 0 connected Time Tagger(s)
2026-06-15 18:37:01,849 [INFO] t:   1 s, Board temperature: 40.6 °C, FPGA temperature: 56.6 °C
2026-06-15 18:37:03,418 [INFO] t:   2 s, Board temperature: 40.6 °C, FPGA temperature: 56.7 °C
2026-06-15 18:37:04,975 [INFO] t:   3 s, Board temperature: 40.7 °C, FPGA temperature: 56.7 °C
2026-06-15 18:37:06,530 [INFO] t:   4 s, Board temperature: 40.8 °C, FPGA temperature: 56.6 °C
2026-06-15 18:37:08,082 [INFO] t:   5 s, Board temperature: 40.8 °C, FPGA temperature: 56.6 °C
2026-06-15 18:37:08,082 [INFO] The Time Tagger is warmed up.
2026-06-15 18:37:08,082 [INFO] Time Tagger initialized.
2026-06-15 18:37:08,082 [INFO] Chunk 4/5 | Elapsed: 8.0 min
2026-06-15 18:37:08,082 [INFO] Initializing experiment on Time Tagger.
2026-06-15 18:37:08,082 [INFO] Deadtime for channel 1: 0 ps
2026-06-15 18:37:08,090 [INFO] Deadtime for channel 2: 0 ps
2026-06-15 18:37:08,090 [INFO] Deadtime for channel 3: 0 ps
2026-06-15 18:37:08,090 [INFO] Deadtime for channel 4: 0 ps
2026-06-15 18:37:08,090 [INFO] Deadtime for channel 5: 0 ps
2026-06-15 18:37:08,090 [INFO] Deadtime for channel 6: 0 ps
2026-06-15 18:37:08,090 [INFO] Delays on channels enabled.
2026-06-15 18:37:08,090 [INFO] Delay for channel 1: requested=0 ps, actual=0 ps
2026-06-15 18:37:08,090 [INFO] Delay for channel 2: requested=-1000 ps, actual=-1000 ps
2026-06-15 18:37:08,090 [INFO] Delay for channel 3: requested=20000 ps, actual=20000 ps
2026-06-15 18:37:08,090 [INFO] Delay for channel 4: requested=16500 ps, actual=16500 ps
2026-06-15 18:37:08,090 [INFO] Delay for channel 5: requested=17800 ps, actual=17800 ps
2026-06-15 18:37:08,090 [INFO] Delay for channel 6: requested=17300 ps, actual=17300 ps
2026-06-15 18:37:08,098 [INFO] Executing synchronized correlation measurement.
2026-06-15 18:37:08,099 [INFO] Delays on channels enabled.
2026-06-15 18:37:08,099 [INFO] Delay for channel 1: requested=0 ps, actual=0 ps.
2026-06-15 18:37:08,099 [INFO] Delay for channel 2: requested=-1000 ps, actual=-1000 ps.
2026-06-15 18:37:08,099 [INFO] Delay for channel 3: requested=20000 ps, actual=20000 ps.
2026-06-15 18:37:08,099 [INFO] Delay for channel 4: requested=16500 ps, actual=16500 ps.
2026-06-15 18:37:08,099 [INFO] Delay for channel 5: requested=17800 ps, actual=17800 ps.
2026-06-15 18:37:08,099 [INFO] Delay for channel 6: requested=17300 ps, actual=17300 ps.
2026-06-15 18:37:08,099 [INFO] Initializing measurement with virtual mode channels for ALL heralding permutations.
2026-06-15 18:37:08,099 [INFO] Automatically generated modes from input: {'H3': [1, 2], 'H4': [3, 4], 'H5': [5, 6]}
2026-06-15 18:37:08,099 [INFO] Setting up virtual channels...
2026-06-15 18:37:08,099 [INFO] Initializing physical channel correlation histograms...
2026-06-15 18:37:08,099 [INFO]   Physical correlation: ch1 <-> ch2
2026-06-15 18:37:08,107 [INFO]   Physical correlation: ch1 <-> ch3
2026-06-15 18:37:08,107 [INFO]   Physical correlation: ch1 <-> ch4
2026-06-15 18:37:08,107 [INFO]   Physical correlation: ch1 <-> ch5
2026-06-15 18:37:08,107 [INFO]   Physical correlation: ch1 <-> ch6
2026-06-15 18:37:08,107 [INFO]   Physical correlation: ch2 <-> ch3
2026-06-15 18:37:08,107 [INFO]   Physical correlation: ch2 <-> ch4
2026-06-15 18:37:08,107 [INFO]   Physical correlation: ch2 <-> ch5
2026-06-15 18:37:08,107 [INFO]   Physical correlation: ch2 <-> ch6
2026-06-15 18:37:08,107 [INFO]   Physical correlation: ch3 <-> ch4
2026-06-15 18:37:08,107 [INFO]   Physical correlation: ch3 <-> ch5
2026-06-15 18:37:08,107 [INFO]   Physical correlation: ch3 <-> ch6
2026-06-15 18:37:08,107 [INFO]   Physical correlation: ch4 <-> ch5
2026-06-15 18:37:08,115 [INFO]   Physical correlation: ch4 <-> ch6
2026-06-15 18:37:08,115 [INFO]   Physical correlation: ch5 <-> ch6
2026-06-15 18:37:08,115 [INFO] Initializing virtual mode correlation histograms...
2026-06-15 18:37:08,115 [INFO]   Within-mode (H3): ch1 <-> ch2
2026-06-15 18:37:08,115 [INFO]   Cross-mode: H3 <-> H4
2026-06-15 18:37:08,115 [INFO]   Cross-mode: H3 <-> H5
2026-06-15 18:37:08,115 [INFO]   Within-mode (H4): ch3 <-> ch4
2026-06-15 18:37:08,115 [INFO]   Cross-mode: H4 <-> H5
2026-06-15 18:37:08,120 [INFO]   Within-mode (H5): ch5 <-> ch6
2026-06-15 18:37:08,121 [INFO] Measurement starting for 2.000min / 0.033h
2026-06-15 18:39:08,424 [INFO] Measurements finished.
2026-06-15 18:39:08,424 [INFO] Collecting measurement data...
2026-06-15 18:39:08,424 [INFO] Collecting physical correlation data for (1,2)
2026-06-15 18:39:08,433 [INFO] Collecting physical correlation data for (1,3)
2026-06-15 18:39:08,433 [INFO] Collecting physical correlation data for (1,4)
2026-06-15 18:39:08,441 [INFO] Collecting physical correlation data for (1,5)
2026-06-15 18:39:08,441 [INFO] Collecting physical correlation data for (1,6)
2026-06-15 18:39:08,449 [INFO] Collecting physical correlation data for (2,3)
2026-06-15 18:39:08,449 [INFO] Collecting physical correlation data for (2,4)
2026-06-15 18:39:08,449 [INFO] Collecting physical correlation data for (2,5)
2026-06-15 18:39:08,449 [INFO] Collecting physical correlation data for (2,6)
2026-06-15 18:39:08,449 [INFO] Collecting physical correlation data for (3,4)
2026-06-15 18:39:08,458 [INFO] Collecting physical correlation data for (3,5)
2026-06-15 18:39:08,458 [INFO] Collecting physical correlation data for (3,6)
2026-06-15 18:39:08,458 [INFO] Collecting physical correlation data for (4,5)
2026-06-15 18:39:08,458 [INFO] Collecting physical correlation data for (4,6)
2026-06-15 18:39:08,466 [INFO] Collecting physical correlation data for (5,6)
2026-06-15 18:39:08,466 [INFO] Collecting virtual correlation data for (H3,H3)
2026-06-15 18:39:08,466 [INFO] Collecting virtual correlation data for (H3,H4)
2026-06-15 18:39:08,474 [INFO] Collecting virtual correlation data for (H3,H5)
2026-06-15 18:39:08,474 [INFO] Collecting virtual correlation data for (H4,H4)
2026-06-15 18:39:08,474 [INFO] Collecting virtual correlation data for (H4,H5)
2026-06-15 18:39:08,479 [INFO] Collecting virtual correlation data for (H5,H5)
2026-06-15 18:39:08,500 [INFO] Starting writing data to file.
2026-06-15 18:39:08,583 [INFO] Saved data.
2026-06-15 18:39:08,704 [INFO] Merging 1 chunks into running total...
2026-06-15 18:39:08,882 [INFO] ============================================================
2026-06-15 18:39:08,882 [INFO] STATUS REPORT | Duration: 8.00 min (0.133 h)
2026-06-15 18:39:08,882 [INFO] ============================================================
2026-06-15 18:39:08,882 [INFO] COUNTRATES (Physical):
2026-06-15 18:39:08,882 [INFO]   Ch 1: 53.9 kHz (total: 25,862,218)
2026-06-15 18:39:08,882 [INFO]   Ch 2: 71.0 kHz (total: 34,103,915)
2026-06-15 18:39:08,882 [INFO]   Ch 3: 17.8 kHz (total: 8,526,260)
2026-06-15 18:39:08,882 [INFO]   Ch 4: 18.1 kHz (total: 8,679,877)
2026-06-15 18:39:08,882 [INFO]   Ch 5: 2.8 kHz (total: 1,320,788)
2026-06-15 18:39:08,882 [INFO]   Ch 6: 2.7 kHz (total: 1,299,412)
2026-06-15 18:39:08,882 [INFO] COUNTRATES (Virtual):
2026-06-15 18:39:08,882 [INFO]   H3: 124.9 kHz (total: 59,966,133)
2026-06-15 18:39:08,890 [INFO]   H4: 35.8 kHz (total: 17,206,137)
2026-06-15 18:39:08,890 [INFO]   H5: 5.5 kHz (total: 2,620,200)
2026-06-15 18:39:08,890 [INFO] ------------------------------------------------------------
2026-06-15 18:39:08,890 [INFO] COINCIDENCES (threshold: 50000)
2026-06-15 18:39:08,890 [INFO] ------------------------------------------------------------
2026-06-15 18:39:08,890 [INFO] Twofold (physical) (Reached Threshold):
2026-06-15 18:39:08,890 [INFO]   (1,2): 106,460 Y
2026-06-15 18:39:08,890 [INFO]   (1,3): 27,438 X
2026-06-15 18:39:08,890 [INFO]   (1,4): 27,460 X
2026-06-15 18:39:08,890 [INFO]   (1,5): 4,218 X
2026-06-15 18:39:08,890 [INFO]   (1,6): 4,145 X
2026-06-15 18:39:08,890 [INFO]   (2,3): 35,420 X
2026-06-15 18:39:08,890 [INFO]   (2,4): 35,926 X
2026-06-15 18:39:08,898 [INFO]   (2,5): 5,602 X
2026-06-15 18:39:08,898 [INFO]   (2,6): 5,508 X
2026-06-15 18:39:08,898 [INFO]   (3,4): 9,016 X
2026-06-15 18:39:08,898 [INFO]   (3,5): 1,385 X
2026-06-15 18:39:08,898 [INFO]   (3,6): 1,461 X
2026-06-15 18:39:08,898 [INFO]   (4,5): 1,480 X
2026-06-15 18:39:08,898 [INFO]   (4,6): 1,416 X
2026-06-15 18:39:08,898 [INFO]   (5,6): 214 X
2026-06-15 18:39:08,898 [INFO] ============================================================
2026-06-15 18:39:08,898 [INFO] >>> 14 combination(s) below threshold <<<
2026-06-15 18:39:08,898 [INFO] ============================================================
2026-06-15 18:39:08,985 [INFO] Updated merged data: C:\Users\QUANTUM\OneDrive - ENSTA\!Working files\HBT\HBT Data\Tests_Jun\2026-06-15_17-44-18_g2_heralded_virtual\MERGED\17-44-18_2026-06-15_11.5mW_num0_MERGED.pkl
2026-06-15 18:39:09,026 [INFO] Found 0 connected Time Tagger(s)
2026-06-15 18:39:10,623 [INFO] t:   1 s, Board temperature: 40.9 °C, FPGA temperature: 56.9 °C
2026-06-15 18:39:12,179 [INFO] t:   2 s, Board temperature: 40.9 °C, FPGA temperature: 56.9 °C
2026-06-15 18:39:13,726 [INFO] t:   3 s, Board temperature: 41.0 °C, FPGA temperature: 56.9 °C
2026-06-15 18:39:15,291 [INFO] t:   4 s, Board temperature: 41.0 °C, FPGA temperature: 56.9 °C
2026-06-15 18:39:16,855 [INFO] t:   5 s, Board temperature: 40.9 °C, FPGA temperature: 56.8 °C
2026-06-15 18:39:16,855 [INFO] The Time Tagger is warmed up.
2026-06-15 18:39:16,863 [INFO] Time Tagger initialized.
2026-06-15 18:39:16,863 [INFO] Chunk 5/5 | Elapsed: 10.0 min
2026-06-15 18:39:16,863 [INFO] Initializing experiment on Time Tagger.
2026-06-15 18:39:16,863 [INFO] Deadtime for channel 1: 0 ps
2026-06-15 18:39:16,863 [INFO] Deadtime for channel 2: 0 ps
2026-06-15 18:39:16,863 [INFO] Deadtime for channel 3: 0 ps
2026-06-15 18:39:16,863 [INFO] Deadtime for channel 4: 0 ps
2026-06-15 18:39:16,863 [INFO] Deadtime for channel 5: 0 ps
2026-06-15 18:39:16,863 [INFO] Deadtime for channel 6: 0 ps
2026-06-15 18:39:16,871 [INFO] Delays on channels enabled.
2026-06-15 18:39:16,871 [INFO] Delay for channel 1: requested=0 ps, actual=0 ps
2026-06-15 18:39:16,871 [INFO] Delay for channel 2: requested=-1000 ps, actual=-1000 ps
2026-06-15 18:39:16,871 [INFO] Delay for channel 3: requested=20000 ps, actual=20000 ps
2026-06-15 18:39:16,871 [INFO] Delay for channel 4: requested=16500 ps, actual=16500 ps
2026-06-15 18:39:16,871 [INFO] Delay for channel 5: requested=17800 ps, actual=17800 ps
2026-06-15 18:39:16,871 [INFO] Delay for channel 6: requested=17300 ps, actual=17300 ps
2026-06-15 18:39:16,871 [INFO] Executing synchronized correlation measurement.
2026-06-15 18:39:16,871 [INFO] Delays on channels enabled.
2026-06-15 18:39:16,871 [INFO] Delay for channel 1: requested=0 ps, actual=0 ps.
2026-06-15 18:39:16,871 [INFO] Delay for channel 2: requested=-1000 ps, actual=-1000 ps.
2026-06-15 18:39:16,871 [INFO] Delay for channel 3: requested=20000 ps, actual=20000 ps.
2026-06-15 18:39:16,871 [INFO] Delay for channel 4: requested=16500 ps, actual=16500 ps.
2026-06-15 18:39:16,879 [INFO] Delay for channel 5: requested=17800 ps, actual=17800 ps.
2026-06-15 18:39:16,879 [INFO] Delay for channel 6: requested=17300 ps, actual=17300 ps.
2026-06-15 18:39:16,879 [INFO] Initializing measurement with virtual mode channels for ALL heralding permutations.
2026-06-15 18:39:16,879 [INFO] Automatically generated modes from input: {'H3': [1, 2], 'H4': [3, 4], 'H5': [5, 6]}
2026-06-15 18:39:16,879 [INFO] Setting up virtual channels...
2026-06-15 18:39:16,879 [INFO] Initializing physical channel correlation histograms...
2026-06-15 18:39:16,879 [INFO]   Physical correlation: ch1 <-> ch2
2026-06-15 18:39:16,879 [INFO]   Physical correlation: ch1 <-> ch3
2026-06-15 18:39:16,879 [INFO]   Physical correlation: ch1 <-> ch4
2026-06-15 18:39:16,885 [INFO]   Physical correlation: ch1 <-> ch5
2026-06-15 18:39:16,885 [INFO]   Physical correlation: ch1 <-> ch6
2026-06-15 18:39:16,885 [INFO]   Physical correlation: ch2 <-> ch3
2026-06-15 18:39:16,885 [INFO]   Physical correlation: ch2 <-> ch4
2026-06-15 18:39:16,885 [INFO]   Physical correlation: ch2 <-> ch5
2026-06-15 18:39:16,885 [INFO]   Physical correlation: ch2 <-> ch6
2026-06-15 18:39:16,885 [INFO]   Physical correlation: ch3 <-> ch4
2026-06-15 18:39:16,885 [INFO]   Physical correlation: ch3 <-> ch5
2026-06-15 18:39:16,885 [INFO]   Physical correlation: ch3 <-> ch6
2026-06-15 18:39:16,885 [INFO]   Physical correlation: ch4 <-> ch5
2026-06-15 18:39:16,885 [INFO]   Physical correlation: ch4 <-> ch6
2026-06-15 18:39:16,885 [INFO]   Physical correlation: ch5 <-> ch6
2026-06-15 18:39:16,893 [INFO] Initializing virtual mode correlation histograms...
2026-06-15 18:39:16,893 [INFO]   Within-mode (H3): ch1 <-> ch2
2026-06-15 18:39:16,893 [INFO]   Cross-mode: H3 <-> H4
2026-06-15 18:39:16,893 [INFO]   Cross-mode: H3 <-> H5
2026-06-15 18:39:16,893 [INFO]   Within-mode (H4): ch3 <-> ch4
2026-06-15 18:39:16,893 [INFO]   Cross-mode: H4 <-> H5
2026-06-15 18:39:16,893 [INFO]   Within-mode (H5): ch5 <-> ch6
2026-06-15 18:39:16,893 [INFO] Measurement starting for 2.000min / 0.033h
2026-06-15 18:41:17,187 [INFO] Measurements finished.
2026-06-15 18:41:17,187 [INFO] Collecting measurement data...
2026-06-15 18:41:17,187 [INFO] Collecting physical correlation data for (1,2)
2026-06-15 18:41:17,195 [INFO] Collecting physical correlation data for (1,3)
2026-06-15 18:41:17,195 [INFO] Collecting physical correlation data for (1,4)
2026-06-15 18:41:17,204 [INFO] Collecting physical correlation data for (1,5)
2026-06-15 18:41:17,204 [INFO] Collecting physical correlation data for (1,6)
2026-06-15 18:41:17,213 [INFO] Collecting physical correlation data for (2,3)
2026-06-15 18:41:17,213 [INFO] Collecting physical correlation data for (2,4)
2026-06-15 18:41:17,213 [INFO] Collecting physical correlation data for (2,5)
2026-06-15 18:41:17,221 [INFO] Collecting physical correlation data for (2,6)
2026-06-15 18:41:17,221 [INFO] Collecting physical correlation data for (3,4)
2026-06-15 18:41:17,221 [INFO] Collecting physical correlation data for (3,5)
2026-06-15 18:41:17,229 [INFO] Collecting physical correlation data for (3,6)
2026-06-15 18:41:17,229 [INFO] Collecting physical correlation data for (4,5)
2026-06-15 18:41:17,229 [INFO] Collecting physical correlation data for (4,6)
2026-06-15 18:41:17,229 [INFO] Collecting physical correlation data for (5,6)
2026-06-15 18:41:17,238 [INFO] Collecting virtual correlation data for (H3,H3)
2026-06-15 18:41:17,238 [INFO] Collecting virtual correlation data for (H3,H4)
2026-06-15 18:41:17,243 [INFO] Collecting virtual correlation data for (H3,H5)
2026-06-15 18:41:17,243 [INFO] Collecting virtual correlation data for (H4,H4)
2026-06-15 18:41:17,243 [INFO] Collecting virtual correlation data for (H4,H5)
2026-06-15 18:41:17,251 [INFO] Collecting virtual correlation data for (H5,H5)
2026-06-15 18:41:17,266 [INFO] Starting writing data to file.
2026-06-15 18:41:17,359 [INFO] Saved data.
2026-06-15 18:41:17,490 [INFO] Merging 1 chunks into running total...
2026-06-15 18:41:17,662 [INFO] ============================================================
2026-06-15 18:41:17,662 [INFO] STATUS REPORT | Duration: 10.00 min (0.167 h)
2026-06-15 18:41:17,662 [INFO] ============================================================
2026-06-15 18:41:17,672 [INFO] COUNTRATES (Physical):
2026-06-15 18:41:17,672 [INFO]   Ch 1: 53.8 kHz (total: 32,274,938)
2026-06-15 18:41:17,673 [INFO]   Ch 2: 71.0 kHz (total: 42,575,497)
2026-06-15 18:41:17,673 [INFO]   Ch 3: 17.7 kHz (total: 10,634,821)
2026-06-15 18:41:17,673 [INFO]   Ch 4: 18.0 kHz (total: 10,825,486)
2026-06-15 18:41:17,673 [INFO]   Ch 5: 2.7 kHz (total: 1,647,169)
2026-06-15 18:41:17,673 [INFO]   Ch 6: 2.7 kHz (total: 1,621,054)
2026-06-15 18:41:17,673 [INFO] COUNTRATES (Virtual):
2026-06-15 18:41:17,673 [INFO]   H3: 124.8 kHz (total: 74,850,435)
2026-06-15 18:41:17,673 [INFO]   H4: 35.8 kHz (total: 21,460,307)
2026-06-15 18:41:17,673 [INFO]   H5: 5.4 kHz (total: 3,268,223)
2026-06-15 18:41:17,673 [INFO] ------------------------------------------------------------
2026-06-15 18:41:17,673 [INFO] COINCIDENCES (threshold: 50000)
2026-06-15 18:41:17,673 [INFO] ------------------------------------------------------------
2026-06-15 18:41:17,681 [INFO] Twofold (physical) (Reached Threshold):
2026-06-15 18:41:17,681 [INFO]   (1,2): 132,929 Y
2026-06-15 18:41:17,681 [INFO]   (1,3): 34,014 X
2026-06-15 18:41:17,681 [INFO]   (1,4): 34,214 X
2026-06-15 18:41:17,681 [INFO]   (1,5): 5,339 X
2026-06-15 18:41:17,681 [INFO]   (1,6): 5,149 X
2026-06-15 18:41:17,681 [INFO]   (2,3): 44,110 X
2026-06-15 18:41:17,681 [INFO]   (2,4): 44,695 X
2026-06-15 18:41:17,681 [INFO]   (2,5): 7,020 X
2026-06-15 18:41:17,681 [INFO]   (2,6): 6,803 X
2026-06-15 18:41:17,681 [INFO]   (3,4): 11,285 X
2026-06-15 18:41:17,681 [INFO]   (3,5): 1,723 X
2026-06-15 18:41:17,681 [INFO]   (3,6): 1,813 X
2026-06-15 18:41:17,689 [INFO]   (4,5): 1,822 X
2026-06-15 18:41:17,689 [INFO]   (4,6): 1,756 X
2026-06-15 18:41:17,689 [INFO]   (5,6): 267 X
2026-06-15 18:41:17,689 [INFO] ============================================================
2026-06-15 18:41:17,689 [INFO] >>> 14 combination(s) below threshold <<<
2026-06-15 18:41:17,689 [INFO] ============================================================
2026-06-15 18:41:17,779 [INFO] Updated merged data: C:\Users\QUANTUM\OneDrive - ENSTA\!Working files\HBT\HBT Data\Tests_Jun\2026-06-15_17-44-18_g2_heralded_virtual\MERGED\17-44-18_2026-06-15_11.5mW_num0_MERGED.pkl
2026-06-15 18:41:17,868 [INFO] Final merged data saved to: C:\Users\QUANTUM\OneDrive - ENSTA\!Working files\HBT\HBT Data\Tests_Jun\2026-06-15_17-44-18_g2_heralded_virtual\MERGED\17-44-18_2026-06-15_11.5mW_num0_MERGED.pkl
2026-06-15 18:41:17,868 [INFO] Total merged duration: 10.00 min
2026-06-15 18:41:17,868 [INFO] Measurement completed in 10.75 min
2026-06-15 18:41:18,978 [INFO] Stage Position: 35
2026-06-15 18:41:18,978 [INFO] Starting chunked acquisition (max 5 chunks / 10.0 min)
2026-06-15 18:41:18,978 [INFO] Chunk duration: 2 min
2026-06-15 18:41:18,978 [INFO] Threshold: 50000 counts, checking every 1 chunks
2026-06-15 18:41:19,043 [INFO] Found 0 connected Time Tagger(s)
2026-06-15 18:41:20,681 [INFO] t:   1 s, Board temperature: 40.9 °C, FPGA temperature: 57.0 °C
2026-06-15 18:41:22,243 [INFO] t:   2 s, Board temperature: 41.0 °C, FPGA temperature: 57.0 °C
2026-06-15 18:41:23,805 [INFO] t:   3 s, Board temperature: 41.0 °C, FPGA temperature: 56.8 °C
2026-06-15 18:41:25,374 [INFO] t:   4 s, Board temperature: 41.1 °C, FPGA temperature: 56.9 °C
2026-06-15 18:41:26,916 [INFO] t:   5 s, Board temperature: 41.1 °C, FPGA temperature: 56.9 °C
2026-06-15 18:41:26,916 [INFO] The Time Tagger is warmed up.
2026-06-15 18:41:26,916 [INFO] Time Tagger initialized.
2026-06-15 18:41:26,916 [INFO] Chunk 1/5 | Elapsed: 2.0 min
2026-06-15 18:41:26,916 [INFO] Initializing experiment on Time Tagger.
2026-06-15 18:41:26,916 [INFO] Deadtime for channel 1: 0 ps
2026-06-15 18:41:26,924 [INFO] Deadtime for channel 2: 0 ps
2026-06-15 18:41:26,924 [INFO] Deadtime for channel 3: 0 ps
2026-06-15 18:41:26,924 [INFO] Deadtime for channel 4: 0 ps
2026-06-15 18:41:26,926 [INFO] Deadtime for channel 5: 0 ps
2026-06-15 18:41:26,926 [INFO] Deadtime for channel 6: 0 ps
2026-06-15 18:41:26,926 [INFO] Delays on channels enabled.
2026-06-15 18:41:26,926 [INFO] Delay for channel 1: requested=0 ps, actual=0 ps
2026-06-15 18:41:26,926 [INFO] Delay for channel 2: requested=-1000 ps, actual=-1000 ps
2026-06-15 18:41:26,926 [INFO] Delay for channel 3: requested=20000 ps, actual=20000 ps
2026-06-15 18:41:26,926 [INFO] Delay for channel 4: requested=16500 ps, actual=16500 ps
2026-06-15 18:41:26,926 [INFO] Delay for channel 5: requested=17800 ps, actual=17800 ps
2026-06-15 18:41:26,926 [INFO] Delay for channel 6: requested=17300 ps, actual=17300 ps
2026-06-15 18:41:26,926 [INFO] Executing synchronized correlation measurement.
2026-06-15 18:41:26,926 [INFO] Delays on channels enabled.
2026-06-15 18:41:26,926 [INFO] Delay for channel 1: requested=0 ps, actual=0 ps.
2026-06-15 18:41:26,926 [INFO] Delay for channel 2: requested=-1000 ps, actual=-1000 ps.
2026-06-15 18:41:26,934 [INFO] Delay for channel 3: requested=20000 ps, actual=20000 ps.
2026-06-15 18:41:26,934 [INFO] Delay for channel 4: requested=16500 ps, actual=16500 ps.
2026-06-15 18:41:26,934 [INFO] Delay for channel 5: requested=17800 ps, actual=17800 ps.
2026-06-15 18:41:26,934 [INFO] Delay for channel 6: requested=17300 ps, actual=17300 ps.
2026-06-15 18:41:26,934 [INFO] Initializing measurement with virtual mode channels for ALL heralding permutations.
2026-06-15 18:41:26,934 [INFO] Automatically generated modes from input: {'H3': [1, 2], 'H4': [3, 4], 'H5': [5, 6]}
2026-06-15 18:41:26,934 [INFO] Setting up virtual channels...
2026-06-15 18:41:26,934 [INFO] Initializing physical channel correlation histograms...
2026-06-15 18:41:26,934 [INFO]   Physical correlation: ch1 <-> ch2
2026-06-15 18:41:26,934 [INFO]   Physical correlation: ch1 <-> ch3
2026-06-15 18:41:26,934 [INFO]   Physical correlation: ch1 <-> ch4
2026-06-15 18:41:26,934 [INFO]   Physical correlation: ch1 <-> ch5
2026-06-15 18:41:26,942 [INFO]   Physical correlation: ch1 <-> ch6
2026-06-15 18:41:26,942 [INFO]   Physical correlation: ch2 <-> ch3
2026-06-15 18:41:26,942 [INFO]   Physical correlation: ch2 <-> ch4
2026-06-15 18:41:26,942 [INFO]   Physical correlation: ch2 <-> ch5
2026-06-15 18:41:26,942 [INFO]   Physical correlation: ch2 <-> ch6
2026-06-15 18:41:26,942 [INFO]   Physical correlation: ch3 <-> ch4
2026-06-15 18:41:26,942 [INFO]   Physical correlation: ch3 <-> ch5
2026-06-15 18:41:26,942 [INFO]   Physical correlation: ch3 <-> ch6
2026-06-15 18:41:26,942 [INFO]   Physical correlation: ch4 <-> ch5
2026-06-15 18:41:26,942 [INFO]   Physical correlation: ch4 <-> ch6
2026-06-15 18:41:26,942 [INFO]   Physical correlation: ch5 <-> ch6
2026-06-15 18:41:26,950 [INFO] Initializing virtual mode correlation histograms...
2026-06-15 18:41:26,950 [INFO]   Within-mode (H3): ch1 <-> ch2
2026-06-15 18:41:26,950 [INFO]   Cross-mode: H3 <-> H4
2026-06-15 18:41:26,950 [INFO]   Cross-mode: H3 <-> H5
2026-06-15 18:41:26,950 [INFO]   Within-mode (H4): ch3 <-> ch4
2026-06-15 18:41:26,950 [INFO]   Cross-mode: H4 <-> H5
2026-06-15 18:41:26,950 [INFO]   Within-mode (H5): ch5 <-> ch6
2026-06-15 18:41:26,950 [INFO] Measurement starting for 2.000min / 0.033h
2026-06-15 18:43:27,269 [INFO] Measurements finished.
2026-06-15 18:43:27,269 [INFO] Collecting measurement data...
2026-06-15 18:43:27,277 [INFO] Collecting physical correlation data for (1,2)
2026-06-15 18:43:27,277 [INFO] Collecting physical correlation data for (1,3)
2026-06-15 18:43:27,285 [INFO] Collecting physical correlation data for (1,4)
2026-06-15 18:43:27,285 [INFO] Collecting physical correlation data for (1,5)
2026-06-15 18:43:27,294 [INFO] Collecting physical correlation data for (1,6)
2026-06-15 18:43:27,294 [INFO] Collecting physical correlation data for (2,3)
2026-06-15 18:43:27,304 [INFO] Collecting physical correlation data for (2,4)
2026-06-15 18:43:27,304 [INFO] Collecting physical correlation data for (2,5)
2026-06-15 18:43:27,312 [INFO] Collecting physical correlation data for (2,6)
2026-06-15 18:43:27,312 [INFO] Collecting physical correlation data for (3,4)
2026-06-15 18:43:27,320 [INFO] Collecting physical correlation data for (3,5)
2026-06-15 18:43:27,320 [INFO] Collecting physical correlation data for (3,6)
2026-06-15 18:43:27,329 [INFO] Collecting physical correlation data for (4,5)
2026-06-15 18:43:27,332 [INFO] Collecting physical correlation data for (4,6)
2026-06-15 18:43:27,332 [INFO] Collecting physical correlation data for (5,6)
2026-06-15 18:43:27,332 [INFO] Collecting virtual correlation data for (H3,H3)
2026-06-15 18:43:27,340 [INFO] Collecting virtual correlation data for (H3,H4)
2026-06-15 18:43:27,340 [INFO] Collecting virtual correlation data for (H3,H5)
2026-06-15 18:43:27,340 [INFO] Collecting virtual correlation data for (H4,H4)
2026-06-15 18:43:27,348 [INFO] Collecting virtual correlation data for (H4,H5)
2026-06-15 18:43:27,348 [INFO] Collecting virtual correlation data for (H5,H5)
2026-06-15 18:43:27,364 [INFO] Starting writing data to file.
2026-06-15 18:43:27,457 [INFO] Saved data.
2026-06-15 18:43:27,570 [INFO] Merging 1 chunks into running total...
2026-06-15 18:43:27,570 [INFO] ============================================================
2026-06-15 18:43:27,570 [INFO] STATUS REPORT | Duration: 2.00 min (0.033 h)
2026-06-15 18:43:27,580 [INFO] ============================================================
2026-06-15 18:43:27,580 [INFO] COUNTRATES (Physical):
2026-06-15 18:43:27,580 [INFO]   Ch 1: 16.3 kHz (total: 1,950,392)
2026-06-15 18:43:27,580 [INFO]   Ch 2: 22.8 kHz (total: 2,736,923)
2026-06-15 18:43:27,580 [INFO]   Ch 3: 4.5 kHz (total: 539,396)
2026-06-15 18:43:27,580 [INFO]   Ch 4: 4.9 kHz (total: 587,586)
2026-06-15 18:43:27,580 [INFO]   Ch 5: 0.4 kHz (total: 46,937)
2026-06-15 18:43:27,580 [INFO]   Ch 6: 0.4 kHz (total: 44,705)
2026-06-15 18:43:27,580 [INFO] COUNTRATES (Virtual):
2026-06-15 18:43:27,580 [INFO]   H3: 39.1 kHz (total: 4,687,315)
2026-06-15 18:43:27,580 [INFO]   H4: 9.4 kHz (total: 1,126,982)
2026-06-15 18:43:27,588 [INFO]   H5: 0.8 kHz (total: 91,642)
2026-06-15 18:43:27,588 [INFO] ------------------------------------------------------------
2026-06-15 18:43:27,588 [INFO] COINCIDENCES (threshold: 50000)
2026-06-15 18:43:27,588 [INFO] ------------------------------------------------------------
2026-06-15 18:43:27,588 [INFO] Twofold (physical) (Reached Threshold):
2026-06-15 18:43:27,588 [INFO]   (1,2): 2,601 X
2026-06-15 18:43:27,588 [INFO]   (1,3): 471 X
2026-06-15 18:43:27,588 [INFO]   (1,4): 534 X
2026-06-15 18:43:27,588 [INFO]   (1,5): 56 X
2026-06-15 18:43:27,588 [INFO]   (1,6): 47 X
2026-06-15 18:43:27,588 [INFO]   (2,3): 677 X
2026-06-15 18:43:27,588 [INFO]   (2,4): 729 X
2026-06-15 18:43:27,596 [INFO]   (2,5): 70 X
2026-06-15 18:43:27,596 [INFO]   (2,6): 68 X
2026-06-15 18:43:27,596 [INFO]   (3,4): 147 X
2026-06-15 18:43:27,596 [INFO]   (3,5): 9 X
2026-06-15 18:43:27,596 [INFO]   (3,6): 13 X
2026-06-15 18:43:27,596 [INFO]   (4,5): 15 X
2026-06-15 18:43:27,596 [INFO]   (4,6): 8 X
2026-06-15 18:43:27,596 [INFO]   (5,6): 1 X
2026-06-15 18:43:27,596 [INFO] ============================================================
2026-06-15 18:43:27,596 [INFO] >>> 15 combination(s) below threshold <<<
2026-06-15 18:43:27,596 [INFO] ============================================================
2026-06-15 18:43:27,675 [INFO] Updated merged data: C:\Users\QUANTUM\OneDrive - ENSTA\!Working files\HBT\HBT Data\Tests_Jun\2026-06-15_17-44-18_g2_heralded_virtual\MERGED\17-44-18_2026-06-15_7.7mW_num0_MERGED.pkl
2026-06-15 18:43:27,719 [INFO] Found 0 connected Time Tagger(s)
2026-06-15 18:43:29,352 [INFO] t:   1 s, Board temperature: 41.1 °C, FPGA temperature: 56.9 °C
2026-06-15 18:43:30,934 [INFO] t:   2 s, Board temperature: 41.1 °C, FPGA temperature: 56.9 °C
2026-06-15 18:43:32,512 [INFO] t:   3 s, Board temperature: 41.1 °C, FPGA temperature: 56.9 °C
2026-06-15 18:43:34,067 [INFO] t:   4 s, Board temperature: 41.2 °C, FPGA temperature: 56.8 °C
2026-06-15 18:43:35,619 [INFO] t:   5 s, Board temperature: 41.2 °C, FPGA temperature: 56.9 °C
2026-06-15 18:43:35,619 [INFO] The Time Tagger is warmed up.
2026-06-15 18:43:35,619 [INFO] Time Tagger initialized.
2026-06-15 18:43:35,619 [INFO] Chunk 2/5 | Elapsed: 4.0 min
2026-06-15 18:43:35,627 [INFO] Initializing experiment on Time Tagger.
2026-06-15 18:43:35,628 [INFO] Deadtime for channel 1: 0 ps
2026-06-15 18:43:35,628 [INFO] Deadtime for channel 2: 0 ps
2026-06-15 18:43:35,628 [INFO] Deadtime for channel 3: 0 ps
2026-06-15 18:43:35,628 [INFO] Deadtime for channel 4: 0 ps
2026-06-15 18:43:35,628 [INFO] Deadtime for channel 5: 0 ps
2026-06-15 18:43:35,628 [INFO] Deadtime for channel 6: 0 ps
2026-06-15 18:43:35,628 [INFO] Delays on channels enabled.
2026-06-15 18:43:35,628 [INFO] Delay for channel 1: requested=0 ps, actual=0 ps
2026-06-15 18:43:35,628 [INFO] Delay for channel 2: requested=-1000 ps, actual=-1000 ps
2026-06-15 18:43:35,628 [INFO] Delay for channel 3: requested=20000 ps, actual=20000 ps
2026-06-15 18:43:35,628 [INFO] Delay for channel 4: requested=16500 ps, actual=16500 ps
2026-06-15 18:43:35,628 [INFO] Delay for channel 5: requested=17800 ps, actual=17800 ps
2026-06-15 18:43:35,636 [INFO] Delay for channel 6: requested=17300 ps, actual=17300 ps
2026-06-15 18:43:35,636 [INFO] Executing synchronized correlation measurement.
2026-06-15 18:43:35,636 [INFO] Delays on channels enabled.
2026-06-15 18:43:35,636 [INFO] Delay for channel 1: requested=0 ps, actual=0 ps.
2026-06-15 18:43:35,636 [INFO] Delay for channel 2: requested=-1000 ps, actual=-1000 ps.
2026-06-15 18:43:35,636 [INFO] Delay for channel 3: requested=20000 ps, actual=20000 ps.
2026-06-15 18:43:35,636 [INFO] Delay for channel 4: requested=16500 ps, actual=16500 ps.
2026-06-15 18:43:35,636 [INFO] Delay for channel 5: requested=17800 ps, actual=17800 ps.
2026-06-15 18:43:35,636 [INFO] Delay for channel 6: requested=17300 ps, actual=17300 ps.
2026-06-15 18:43:35,636 [INFO] Initializing measurement with virtual mode channels for ALL heralding permutations.
2026-06-15 18:43:35,636 [INFO] Automatically generated modes from input: {'H3': [1, 2], 'H4': [3, 4], 'H5': [5, 6]}
2026-06-15 18:43:35,636 [INFO] Setting up virtual channels...
2026-06-15 18:43:35,636 [INFO] Initializing physical channel correlation histograms...
2026-06-15 18:43:35,644 [INFO]   Physical correlation: ch1 <-> ch2
2026-06-15 18:43:35,644 [INFO]   Physical correlation: ch1 <-> ch3
2026-06-15 18:43:35,644 [INFO]   Physical correlation: ch1 <-> ch4
2026-06-15 18:43:35,644 [INFO]   Physical correlation: ch1 <-> ch5
2026-06-15 18:43:35,644 [INFO]   Physical correlation: ch1 <-> ch6
2026-06-15 18:43:35,648 [INFO]   Physical correlation: ch2 <-> ch3
2026-06-15 18:43:35,648 [INFO]   Physical correlation: ch2 <-> ch4
2026-06-15 18:43:35,648 [INFO]   Physical correlation: ch2 <-> ch5
2026-06-15 18:43:35,648 [INFO]   Physical correlation: ch2 <-> ch6
2026-06-15 18:43:35,648 [INFO]   Physical correlation: ch3 <-> ch4
2026-06-15 18:43:35,648 [INFO]   Physical correlation: ch3 <-> ch5
2026-06-15 18:43:35,648 [INFO]   Physical correlation: ch3 <-> ch6
2026-06-15 18:43:35,648 [INFO]   Physical correlation: ch4 <-> ch5
2026-06-15 18:43:35,648 [INFO]   Physical correlation: ch4 <-> ch6
2026-06-15 18:43:35,648 [INFO]   Physical correlation: ch5 <-> ch6
2026-06-15 18:43:35,648 [INFO] Initializing virtual mode correlation histograms...
2026-06-15 18:43:35,648 [INFO]   Within-mode (H3): ch1 <-> ch2
2026-06-15 18:43:35,656 [INFO]   Cross-mode: H3 <-> H4
2026-06-15 18:43:35,656 [INFO]   Cross-mode: H3 <-> H5
2026-06-15 18:43:35,656 [INFO]   Within-mode (H4): ch3 <-> ch4
2026-06-15 18:43:35,656 [INFO]   Cross-mode: H4 <-> H5
2026-06-15 18:43:35,656 [INFO]   Within-mode (H5): ch5 <-> ch6
2026-06-15 18:43:35,656 [INFO] Measurement starting for 2.000min / 0.033h
2026-06-15 18:45:35,980 [INFO] Measurements finished.
2026-06-15 18:45:35,980 [INFO] Collecting measurement data...
2026-06-15 18:45:35,980 [INFO] Collecting physical correlation data for (1,2)
2026-06-15 18:45:35,989 [INFO] Collecting physical correlation data for (1,3)
2026-06-15 18:45:35,989 [INFO] Collecting physical correlation data for (1,4)
2026-06-15 18:45:35,997 [INFO] Collecting physical correlation data for (1,5)
2026-06-15 18:45:35,997 [INFO] Collecting physical correlation data for (1,6)
2026-06-15 18:45:35,997 [INFO] Collecting physical correlation data for (2,3)
2026-06-15 18:45:36,005 [INFO] Collecting physical correlation data for (2,4)
2026-06-15 18:45:36,005 [INFO] Collecting physical correlation data for (2,5)
2026-06-15 18:45:36,005 [INFO] Collecting physical correlation data for (2,6)
2026-06-15 18:45:36,005 [INFO] Collecting physical correlation data for (3,4)
2026-06-15 18:45:36,013 [INFO] Collecting physical correlation data for (3,5)
2026-06-15 18:45:36,013 [INFO] Collecting physical correlation data for (3,6)
2026-06-15 18:45:36,013 [INFO] Collecting physical correlation data for (4,5)
2026-06-15 18:45:36,013 [INFO] Collecting physical correlation data for (4,6)
2026-06-15 18:45:36,013 [INFO] Collecting physical correlation data for (5,6)
2026-06-15 18:45:36,022 [INFO] Collecting virtual correlation data for (H3,H3)
2026-06-15 18:45:36,022 [INFO] Collecting virtual correlation data for (H3,H4)
2026-06-15 18:45:36,022 [INFO] Collecting virtual correlation data for (H3,H5)
2026-06-15 18:45:36,022 [INFO] Collecting virtual correlation data for (H4,H4)
2026-06-15 18:45:36,030 [INFO] Collecting virtual correlation data for (H4,H5)
2026-06-15 18:45:36,030 [INFO] Collecting virtual correlation data for (H5,H5)
2026-06-15 18:45:36,046 [INFO] Starting writing data to file.
2026-06-15 18:45:36,139 [INFO] Saved data.
2026-06-15 18:45:36,238 [INFO] Merging 1 chunks into running total...
2026-06-15 18:45:36,407 [INFO] ============================================================
2026-06-15 18:45:36,407 [INFO] STATUS REPORT | Duration: 4.00 min (0.067 h)
2026-06-15 18:45:36,407 [INFO] ============================================================
2026-06-15 18:45:36,407 [INFO] COUNTRATES (Physical):
2026-06-15 18:45:36,407 [INFO]   Ch 1: 16.3 kHz (total: 3,911,974)
2026-06-15 18:45:36,407 [INFO]   Ch 2: 22.9 kHz (total: 5,484,830)
2026-06-15 18:45:36,407 [INFO]   Ch 3: 4.5 kHz (total: 1,081,219)
2026-06-15 18:45:36,413 [INFO]   Ch 4: 4.9 kHz (total: 1,177,272)
2026-06-15 18:45:36,413 [INFO]   Ch 5: 0.4 kHz (total: 94,649)
2026-06-15 18:45:36,413 [INFO]   Ch 6: 0.4 kHz (total: 89,805)
2026-06-15 18:45:36,413 [INFO] COUNTRATES (Virtual):
2026-06-15 18:45:36,413 [INFO]   H3: 39.2 kHz (total: 9,396,804)
2026-06-15 18:45:36,413 [INFO]   H4: 9.4 kHz (total: 2,258,491)
2026-06-15 18:45:36,413 [INFO]   H5: 0.8 kHz (total: 184,454)
2026-06-15 18:45:36,413 [INFO] ------------------------------------------------------------
2026-06-15 18:45:36,413 [INFO] COINCIDENCES (threshold: 50000)
2026-06-15 18:45:36,413 [INFO] ------------------------------------------------------------
2026-06-15 18:45:36,413 [INFO] Twofold (physical) (Reached Threshold):
2026-06-15 18:45:36,413 [INFO]   (1,2): 5,164 X
2026-06-15 18:45:36,413 [INFO]   (1,3): 955 X
2026-06-15 18:45:36,421 [INFO]   (1,4): 1,074 X
2026-06-15 18:45:36,421 [INFO]   (1,5): 105 X
2026-06-15 18:45:36,421 [INFO]   (1,6): 81 X
2026-06-15 18:45:36,421 [INFO]   (2,3): 1,344 X
2026-06-15 18:45:36,421 [INFO]   (2,4): 1,413 X
2026-06-15 18:45:36,421 [INFO]   (2,5): 118 X
2026-06-15 18:45:36,421 [INFO]   (2,6): 129 X
2026-06-15 18:45:36,421 [INFO]   (3,4): 309 X
2026-06-15 18:45:36,421 [INFO]   (3,5): 22 X
2026-06-15 18:45:36,421 [INFO]   (3,6): 17 X
2026-06-15 18:45:36,421 [INFO]   (4,5): 29 X
2026-06-15 18:45:36,421 [INFO]   (4,6): 22 X
2026-06-15 18:45:36,421 [INFO]   (5,6): 3 X
2026-06-15 18:45:36,421 [INFO] ============================================================
2026-06-15 18:45:36,429 [INFO] >>> 15 combination(s) below threshold <<<
2026-06-15 18:45:36,429 [INFO] ============================================================
2026-06-15 18:45:36,518 [INFO] Updated merged data: C:\Users\QUANTUM\OneDrive - ENSTA\!Working files\HBT\HBT Data\Tests_Jun\2026-06-15_17-44-18_g2_heralded_virtual\MERGED\17-44-18_2026-06-15_7.7mW_num0_MERGED.pkl
2026-06-15 18:45:36,561 [INFO] Found 0 connected Time Tagger(s)
2026-06-15 18:45:38,192 [INFO] t:   1 s, Board temperature: 41.1 °C, FPGA temperature: 57.1 °C
2026-06-15 18:45:39,765 [INFO] t:   2 s, Board temperature: 41.1 °C, FPGA temperature: 57.1 °C
2026-06-15 18:45:41,313 [INFO] t:   3 s, Board temperature: 41.2 °C, FPGA temperature: 57.1 °C
2026-06-15 18:45:42,873 [INFO] t:   4 s, Board temperature: 41.2 °C, FPGA temperature: 57.2 °C
2026-06-15 18:45:44,429 [INFO] t:   5 s, Board temperature: 41.2 °C, FPGA temperature: 57.1 °C
2026-06-15 18:45:44,429 [INFO] The Time Tagger is warmed up.
2026-06-15 18:45:44,429 [INFO] Time Tagger initialized.
2026-06-15 18:45:44,429 [INFO] Chunk 3/5 | Elapsed: 6.0 min
2026-06-15 18:45:44,429 [INFO] Initializing experiment on Time Tagger.
2026-06-15 18:45:44,437 [INFO] Deadtime for channel 1: 0 ps
2026-06-15 18:45:44,437 [INFO] Deadtime for channel 2: 0 ps
2026-06-15 18:45:44,437 [INFO] Deadtime for channel 3: 0 ps
2026-06-15 18:45:44,437 [INFO] Deadtime for channel 4: 0 ps
2026-06-15 18:45:44,437 [INFO] Deadtime for channel 5: 0 ps
2026-06-15 18:45:44,437 [INFO] Deadtime for channel 6: 0 ps
2026-06-15 18:45:44,437 [INFO] Delays on channels enabled.
2026-06-15 18:45:44,437 [INFO] Delay for channel 1: requested=0 ps, actual=0 ps
2026-06-15 18:45:44,437 [INFO] Delay for channel 2: requested=-1000 ps, actual=-1000 ps
2026-06-15 18:45:44,437 [INFO] Delay for channel 3: requested=20000 ps, actual=20000 ps
2026-06-15 18:45:44,445 [INFO] Delay for channel 4: requested=16500 ps, actual=16500 ps
2026-06-15 18:45:44,445 [INFO] Delay for channel 5: requested=17800 ps, actual=17800 ps
2026-06-15 18:45:44,445 [INFO] Delay for channel 6: requested=17300 ps, actual=17300 ps
2026-06-15 18:45:44,445 [INFO] Executing synchronized correlation measurement.
2026-06-15 18:45:44,445 [INFO] Delays on channels enabled.
2026-06-15 18:45:44,445 [INFO] Delay for channel 1: requested=0 ps, actual=0 ps.
2026-06-15 18:45:44,445 [INFO] Delay for channel 2: requested=-1000 ps, actual=-1000 ps.
2026-06-15 18:45:44,445 [INFO] Delay for channel 3: requested=20000 ps, actual=20000 ps.
2026-06-15 18:45:44,445 [INFO] Delay for channel 4: requested=16500 ps, actual=16500 ps.
2026-06-15 18:45:44,445 [INFO] Delay for channel 5: requested=17800 ps, actual=17800 ps.
2026-06-15 18:45:44,445 [INFO] Delay for channel 6: requested=17300 ps, actual=17300 ps.
2026-06-15 18:45:44,453 [INFO] Initializing measurement with virtual mode channels for ALL heralding permutations.
2026-06-15 18:45:44,453 [INFO] Automatically generated modes from input: {'H3': [1, 2], 'H4': [3, 4], 'H5': [5, 6]}
2026-06-15 18:45:44,453 [INFO] Setting up virtual channels...
2026-06-15 18:45:44,453 [INFO] Initializing physical channel correlation histograms...
2026-06-15 18:45:44,453 [INFO]   Physical correlation: ch1 <-> ch2
2026-06-15 18:45:44,453 [INFO]   Physical correlation: ch1 <-> ch3
2026-06-15 18:45:44,453 [INFO]   Physical correlation: ch1 <-> ch4
2026-06-15 18:45:44,453 [INFO]   Physical correlation: ch1 <-> ch5
2026-06-15 18:45:44,461 [INFO]   Physical correlation: ch1 <-> ch6
2026-06-15 18:45:44,461 [INFO]   Physical correlation: ch2 <-> ch3
2026-06-15 18:45:44,461 [INFO]   Physical correlation: ch2 <-> ch4
2026-06-15 18:45:44,461 [INFO]   Physical correlation: ch2 <-> ch5
2026-06-15 18:45:44,461 [INFO]   Physical correlation: ch2 <-> ch6
2026-06-15 18:45:44,461 [INFO]   Physical correlation: ch3 <-> ch4
2026-06-15 18:45:44,461 [INFO]   Physical correlation: ch3 <-> ch5
2026-06-15 18:45:44,461 [INFO]   Physical correlation: ch3 <-> ch6
2026-06-15 18:45:44,461 [INFO]   Physical correlation: ch4 <-> ch5
2026-06-15 18:45:44,461 [INFO]   Physical correlation: ch4 <-> ch6
2026-06-15 18:45:44,469 [INFO]   Physical correlation: ch5 <-> ch6
2026-06-15 18:45:44,469 [INFO] Initializing virtual mode correlation histograms...
2026-06-15 18:45:44,469 [INFO]   Within-mode (H3): ch1 <-> ch2
2026-06-15 18:45:44,469 [INFO]   Cross-mode: H3 <-> H4
2026-06-15 18:45:44,469 [INFO]   Cross-mode: H3 <-> H5
2026-06-15 18:45:44,469 [INFO]   Within-mode (H4): ch3 <-> ch4
2026-06-15 18:45:44,469 [INFO]   Cross-mode: H4 <-> H5
2026-06-15 18:45:44,469 [INFO]   Within-mode (H5): ch5 <-> ch6
2026-06-15 18:45:44,477 [INFO] Measurement starting for 2.000min / 0.033h
2026-06-15 18:47:44,779 [INFO] Measurements finished.
2026-06-15 18:47:44,779 [INFO] Collecting measurement data...
2026-06-15 18:47:44,779 [INFO] Collecting physical correlation data for (1,2)
2026-06-15 18:47:44,787 [INFO] Collecting physical correlation data for (1,3)
2026-06-15 18:47:44,795 [INFO] Collecting physical correlation data for (1,4)
2026-06-15 18:47:44,795 [INFO] Collecting physical correlation data for (1,5)
2026-06-15 18:47:44,795 [INFO] Collecting physical correlation data for (1,6)
2026-06-15 18:47:44,795 [INFO] Collecting physical correlation data for (2,3)
2026-06-15 18:47:44,803 [INFO] Collecting physical correlation data for (2,4)
2026-06-15 18:47:44,803 [INFO] Collecting physical correlation data for (2,5)
2026-06-15 18:47:44,803 [INFO] Collecting physical correlation data for (2,6)
2026-06-15 18:47:44,803 [INFO] Collecting physical correlation data for (3,4)
2026-06-15 18:47:44,812 [INFO] Collecting physical correlation data for (3,5)
2026-06-15 18:47:44,812 [INFO] Collecting physical correlation data for (3,6)
2026-06-15 18:47:44,812 [INFO] Collecting physical correlation data for (4,5)
2026-06-15 18:47:44,812 [INFO] Collecting physical correlation data for (4,6)
2026-06-15 18:47:44,819 [INFO] Collecting physical correlation data for (5,6)
2026-06-15 18:47:44,819 [INFO] Collecting virtual correlation data for (H3,H3)
2026-06-15 18:47:44,819 [INFO] Collecting virtual correlation data for (H3,H4)
2026-06-15 18:47:44,827 [INFO] Collecting virtual correlation data for (H3,H5)
2026-06-15 18:47:44,830 [INFO] Collecting virtual correlation data for (H4,H4)
2026-06-15 18:47:44,830 [INFO] Collecting virtual correlation data for (H4,H5)
2026-06-15 18:47:44,830 [INFO] Collecting virtual correlation data for (H5,H5)
2026-06-15 18:47:44,854 [INFO] Starting writing data to file.
2026-06-15 18:47:44,936 [INFO] Saved data.
2026-06-15 18:47:45,071 [INFO] Merging 1 chunks into running total...
2026-06-15 18:47:45,233 [INFO] ============================================================
2026-06-15 18:47:45,233 [INFO] STATUS REPORT | Duration: 6.00 min (0.100 h)
2026-06-15 18:47:45,233 [INFO] ============================================================
2026-06-15 18:47:45,233 [INFO] COUNTRATES (Physical):
2026-06-15 18:47:45,233 [INFO]   Ch 1: 16.3 kHz (total: 5,879,120)
2026-06-15 18:47:45,240 [INFO]   Ch 2: 22.9 kHz (total: 8,233,343)
2026-06-15 18:47:45,240 [INFO]   Ch 3: 4.5 kHz (total: 1,623,167)
2026-06-15 18:47:45,240 [INFO]   Ch 4: 4.9 kHz (total: 1,767,395)
2026-06-15 18:47:45,240 [INFO]   Ch 5: 0.4 kHz (total: 142,071)
2026-06-15 18:47:45,240 [INFO]   Ch 6: 0.4 kHz (total: 134,821)
2026-06-15 18:47:45,240 [INFO] COUNTRATES (Virtual):
2026-06-15 18:47:45,240 [INFO]   H3: 39.2 kHz (total: 14,112,463)
2026-06-15 18:47:45,240 [INFO]   H4: 9.4 kHz (total: 3,390,562)
2026-06-15 18:47:45,240 [INFO]   H5: 0.8 kHz (total: 276,892)
2026-06-15 18:47:45,240 [INFO] ------------------------------------------------------------
2026-06-15 18:47:45,240 [INFO] COINCIDENCES (threshold: 50000)
2026-06-15 18:47:45,240 [INFO] ------------------------------------------------------------
2026-06-15 18:47:45,240 [INFO] Twofold (physical) (Reached Threshold):
2026-06-15 18:47:45,240 [INFO]   (1,2): 7,735 X
2026-06-15 18:47:45,248 [INFO]   (1,3): 1,453 X
2026-06-15 18:47:45,248 [INFO]   (1,4): 1,613 X
2026-06-15 18:47:45,248 [INFO]   (1,5): 154 X
2026-06-15 18:47:45,248 [INFO]   (1,6): 109 X
2026-06-15 18:47:45,248 [INFO]   (2,3): 2,005 X
2026-06-15 18:47:45,248 [INFO]   (2,4): 2,147 X
2026-06-15 18:47:45,248 [INFO]   (2,5): 170 X
2026-06-15 18:47:45,248 [INFO]   (2,6): 190 X
2026-06-15 18:47:45,248 [INFO]   (3,4): 460 X
2026-06-15 18:47:45,248 [INFO]   (3,5): 33 X
2026-06-15 18:47:45,248 [INFO]   (3,6): 35 X
2026-06-15 18:47:45,248 [INFO]   (4,5): 48 X
2026-06-15 18:47:45,248 [INFO]   (4,6): 36 X
2026-06-15 18:47:45,248 [INFO]   (5,6): 7 X
2026-06-15 18:47:45,256 [INFO] ============================================================
2026-06-15 18:47:45,256 [INFO] >>> 15 combination(s) below threshold <<<
2026-06-15 18:47:45,256 [INFO] ============================================================
2026-06-15 18:47:45,337 [INFO] Updated merged data: C:\Users\QUANTUM\OneDrive - ENSTA\!Working files\HBT\HBT Data\Tests_Jun\2026-06-15_17-44-18_g2_heralded_virtual\MERGED\17-44-18_2026-06-15_7.7mW_num0_MERGED.pkl
2026-06-15 18:47:45,385 [INFO] Found 0 connected Time Tagger(s)
2026-06-15 18:47:46,982 [INFO] t:   1 s, Board temperature: 41.1 °C, FPGA temperature: 57.1 °C
2026-06-15 18:47:48,548 [INFO] t:   2 s, Board temperature: 41.1 °C, FPGA temperature: 57.2 °C
2026-06-15 18:47:50,092 [INFO] t:   3 s, Board temperature: 41.1 °C, FPGA temperature: 57.2 °C
2026-06-15 18:47:51,652 [INFO] t:   4 s, Board temperature: 41.2 °C, FPGA temperature: 57.2 °C
2026-06-15 18:47:53,222 [INFO] t:   5 s, Board temperature: 41.1 °C, FPGA temperature: 57.4 °C
2026-06-15 18:47:53,222 [INFO] The Time Tagger is warmed up.
2026-06-15 18:47:53,222 [INFO] Time Tagger initialized.
2026-06-15 18:47:53,222 [INFO] Chunk 4/5 | Elapsed: 8.0 min
2026-06-15 18:47:53,222 [INFO] Initializing experiment on Time Tagger.
2026-06-15 18:47:53,222 [INFO] Deadtime for channel 1: 0 ps
2026-06-15 18:47:53,233 [INFO] Deadtime for channel 2: 0 ps
2026-06-15 18:47:53,233 [INFO] Deadtime for channel 3: 0 ps
2026-06-15 18:47:53,233 [INFO] Deadtime for channel 4: 0 ps
2026-06-15 18:47:53,233 [INFO] Deadtime for channel 5: 0 ps
2026-06-15 18:47:53,233 [INFO] Deadtime for channel 6: 0 ps
2026-06-15 18:47:53,233 [INFO] Delays on channels enabled.
2026-06-15 18:47:53,233 [INFO] Delay for channel 1: requested=0 ps, actual=0 ps
2026-06-15 18:47:53,233 [INFO] Delay for channel 2: requested=-1000 ps, actual=-1000 ps
2026-06-15 18:47:53,233 [INFO] Delay for channel 3: requested=20000 ps, actual=20000 ps
2026-06-15 18:47:53,233 [INFO] Delay for channel 4: requested=16500 ps, actual=16500 ps
2026-06-15 18:47:53,233 [INFO] Delay for channel 5: requested=17800 ps, actual=17800 ps
2026-06-15 18:47:53,233 [INFO] Delay for channel 6: requested=17300 ps, actual=17300 ps
2026-06-15 18:47:53,233 [INFO] Executing synchronized correlation measurement.
2026-06-15 18:47:53,233 [INFO] Delays on channels enabled.
2026-06-15 18:47:53,241 [INFO] Delay for channel 1: requested=0 ps, actual=0 ps.
2026-06-15 18:47:53,241 [INFO] Delay for channel 2: requested=-1000 ps, actual=-1000 ps.
2026-06-15 18:47:53,241 [INFO] Delay for channel 3: requested=20000 ps, actual=20000 ps.
2026-06-15 18:47:53,241 [INFO] Delay for channel 4: requested=16500 ps, actual=16500 ps.
2026-06-15 18:47:53,241 [INFO] Delay for channel 5: requested=17800 ps, actual=17800 ps.
2026-06-15 18:47:53,241 [INFO] Delay for channel 6: requested=17300 ps, actual=17300 ps.
2026-06-15 18:47:53,241 [INFO] Initializing measurement with virtual mode channels for ALL heralding permutations.
2026-06-15 18:47:53,241 [INFO] Automatically generated modes from input: {'H3': [1, 2], 'H4': [3, 4], 'H5': [5, 6]}
2026-06-15 18:47:53,241 [INFO] Setting up virtual channels...
2026-06-15 18:47:53,241 [INFO] Initializing physical channel correlation histograms...
2026-06-15 18:47:53,241 [INFO]   Physical correlation: ch1 <-> ch2
2026-06-15 18:47:53,241 [INFO]   Physical correlation: ch1 <-> ch3
2026-06-15 18:47:53,241 [INFO]   Physical correlation: ch1 <-> ch4
2026-06-15 18:47:53,249 [INFO]   Physical correlation: ch1 <-> ch5
2026-06-15 18:47:53,249 [INFO]   Physical correlation: ch1 <-> ch6
2026-06-15 18:47:53,249 [INFO]   Physical correlation: ch2 <-> ch3
2026-06-15 18:47:53,249 [INFO]   Physical correlation: ch2 <-> ch4
2026-06-15 18:47:53,249 [INFO]   Physical correlation: ch2 <-> ch5
2026-06-15 18:47:53,249 [INFO]   Physical correlation: ch2 <-> ch6
2026-06-15 18:47:53,249 [INFO]   Physical correlation: ch3 <-> ch4
2026-06-15 18:47:53,249 [INFO]   Physical correlation: ch3 <-> ch5
2026-06-15 18:47:53,249 [INFO]   Physical correlation: ch3 <-> ch6
2026-06-15 18:47:53,249 [INFO]   Physical correlation: ch4 <-> ch5
2026-06-15 18:47:53,249 [INFO]   Physical correlation: ch4 <-> ch6
2026-06-15 18:47:53,249 [INFO]   Physical correlation: ch5 <-> ch6
2026-06-15 18:47:53,257 [INFO] Initializing virtual mode correlation histograms...
2026-06-15 18:47:53,257 [INFO]   Within-mode (H3): ch1 <-> ch2
2026-06-15 18:47:53,257 [INFO]   Cross-mode: H3 <-> H4
2026-06-15 18:47:53,257 [INFO]   Cross-mode: H3 <-> H5
2026-06-15 18:47:53,257 [INFO]   Within-mode (H4): ch3 <-> ch4
2026-06-15 18:47:53,257 [INFO]   Cross-mode: H4 <-> H5
2026-06-15 18:47:53,257 [INFO]   Within-mode (H5): ch5 <-> ch6
2026-06-15 18:47:53,257 [INFO] Measurement starting for 2.000min / 0.033h
2026-06-15 18:49:53,569 [INFO] Measurements finished.
2026-06-15 18:49:53,569 [INFO] Collecting measurement data...
2026-06-15 18:49:53,569 [INFO] Collecting physical correlation data for (1,2)
2026-06-15 18:49:53,576 [INFO] Collecting physical correlation data for (1,3)
2026-06-15 18:49:53,576 [INFO] Collecting physical correlation data for (1,4)
2026-06-15 18:49:53,586 [INFO] Collecting physical correlation data for (1,5)
2026-06-15 18:49:53,586 [INFO] Collecting physical correlation data for (1,6)
2026-06-15 18:49:53,597 [INFO] Collecting physical correlation data for (2,3)
2026-06-15 18:49:53,601 [INFO] Collecting physical correlation data for (2,4)
2026-06-15 18:49:53,602 [INFO] Collecting physical correlation data for (2,5)
2026-06-15 18:49:53,602 [INFO] Collecting physical correlation data for (2,6)
2026-06-15 18:49:53,602 [INFO] Collecting physical correlation data for (3,4)
2026-06-15 18:49:53,602 [INFO] Collecting physical correlation data for (3,5)
2026-06-15 18:49:53,610 [INFO] Collecting physical correlation data for (3,6)
2026-06-15 18:49:53,610 [INFO] Collecting physical correlation data for (4,5)
2026-06-15 18:49:53,613 [INFO] Collecting physical correlation data for (4,6)
2026-06-15 18:49:53,613 [INFO] Collecting physical correlation data for (5,6)
2026-06-15 18:49:53,613 [INFO] Collecting virtual correlation data for (H3,H3)
2026-06-15 18:49:53,621 [INFO] Collecting virtual correlation data for (H3,H4)
2026-06-15 18:49:53,621 [INFO] Collecting virtual correlation data for (H3,H5)
2026-06-15 18:49:53,621 [INFO] Collecting virtual correlation data for (H4,H4)
2026-06-15 18:49:53,621 [INFO] Collecting virtual correlation data for (H4,H5)
2026-06-15 18:49:53,630 [INFO] Collecting virtual correlation data for (H5,H5)
2026-06-15 18:49:53,646 [INFO] Starting writing data to file.
2026-06-15 18:49:53,731 [INFO] Saved data.
2026-06-15 18:49:53,854 [INFO] Merging 1 chunks into running total...
2026-06-15 18:49:54,036 [INFO] ============================================================
2026-06-15 18:49:54,036 [INFO] STATUS REPORT | Duration: 8.00 min (0.133 h)
2026-06-15 18:49:54,036 [INFO] ============================================================
2026-06-15 18:49:54,036 [INFO] COUNTRATES (Physical):
2026-06-15 18:49:54,036 [INFO]   Ch 1: 16.3 kHz (total: 7,834,666)
2026-06-15 18:49:54,036 [INFO]   Ch 2: 22.9 kHz (total: 10,977,688)
2026-06-15 18:49:54,036 [INFO]   Ch 3: 4.5 kHz (total: 2,163,764)
2026-06-15 18:49:54,036 [INFO]   Ch 4: 4.9 kHz (total: 2,356,070)
2026-06-15 18:49:54,036 [INFO]   Ch 5: 0.4 kHz (total: 189,415)
2026-06-15 18:49:54,036 [INFO]   Ch 6: 0.4 kHz (total: 180,240)
2026-06-15 18:49:54,036 [INFO] COUNTRATES (Virtual):
2026-06-15 18:49:54,036 [INFO]   H3: 39.2 kHz (total: 18,812,354)
2026-06-15 18:49:54,036 [INFO]   H4: 9.4 kHz (total: 4,519,834)
2026-06-15 18:49:54,044 [INFO]   H5: 0.8 kHz (total: 369,655)
2026-06-15 18:49:54,044 [INFO] ------------------------------------------------------------
2026-06-15 18:49:54,044 [INFO] COINCIDENCES (threshold: 50000)
2026-06-15 18:49:54,044 [INFO] ------------------------------------------------------------
2026-06-15 18:49:54,044 [INFO] Twofold (physical) (Reached Threshold):
2026-06-15 18:49:54,044 [INFO]   (1,2): 10,311 X
2026-06-15 18:49:54,044 [INFO]   (1,3): 1,991 X
2026-06-15 18:49:54,044 [INFO]   (1,4): 2,157 X
2026-06-15 18:49:54,044 [INFO]   (1,5): 197 X
2026-06-15 18:49:54,044 [INFO]   (1,6): 165 X
2026-06-15 18:49:54,044 [INFO]   (2,3): 2,731 X
2026-06-15 18:49:54,044 [INFO]   (2,4): 2,899 X
2026-06-15 18:49:54,051 [INFO]   (2,5): 239 X
2026-06-15 18:49:54,051 [INFO]   (2,6): 253 X
2026-06-15 18:49:54,051 [INFO]   (3,4): 596 X
2026-06-15 18:49:54,051 [INFO]   (3,5): 48 X
2026-06-15 18:49:54,051 [INFO]   (3,6): 45 X
2026-06-15 18:49:54,051 [INFO]   (4,5): 61 X
2026-06-15 18:49:54,051 [INFO]   (4,6): 46 X
2026-06-15 18:49:54,051 [INFO]   (5,6): 8 X
2026-06-15 18:49:54,051 [INFO] ============================================================
2026-06-15 18:49:54,051 [INFO] >>> 15 combination(s) below threshold <<<
2026-06-15 18:49:54,051 [INFO] ============================================================
2026-06-15 18:49:54,145 [INFO] Updated merged data: C:\Users\QUANTUM\OneDrive - ENSTA\!Working files\HBT\HBT Data\Tests_Jun\2026-06-15_17-44-18_g2_heralded_virtual\MERGED\17-44-18_2026-06-15_7.7mW_num0_MERGED.pkl
2026-06-15 18:49:54,183 [INFO] Found 0 connected Time Tagger(s)
2026-06-15 18:49:55,808 [INFO] t:   1 s, Board temperature: 41.1 °C, FPGA temperature: 57.2 °C
2026-06-15 18:49:57,381 [INFO] t:   2 s, Board temperature: 41.1 °C, FPGA temperature: 57.1 °C
2026-06-15 18:49:58,930 [INFO] t:   3 s, Board temperature: 41.1 °C, FPGA temperature: 57.2 °C
2026-06-15 18:50:00,485 [INFO] t:   4 s, Board temperature: 41.0 °C, FPGA temperature: 57.1 °C
2026-06-15 18:50:02,061 [INFO] t:   5 s, Board temperature: 41.0 °C, FPGA temperature: 57.1 °C
2026-06-15 18:50:02,061 [INFO] The Time Tagger is warmed up.
2026-06-15 18:50:02,061 [INFO] Time Tagger initialized.
2026-06-15 18:50:02,061 [INFO] Chunk 5/5 | Elapsed: 10.0 min
2026-06-15 18:50:02,061 [INFO] Initializing experiment on Time Tagger.
2026-06-15 18:50:02,061 [INFO] Deadtime for channel 1: 0 ps
2026-06-15 18:50:02,061 [INFO] Deadtime for channel 2: 0 ps
2026-06-15 18:50:02,061 [INFO] Deadtime for channel 3: 0 ps
2026-06-15 18:50:02,061 [INFO] Deadtime for channel 4: 0 ps
2026-06-15 18:50:02,069 [INFO] Deadtime for channel 5: 0 ps
2026-06-15 18:50:02,069 [INFO] Deadtime for channel 6: 0 ps
2026-06-15 18:50:02,069 [INFO] Delays on channels enabled.
2026-06-15 18:50:02,069 [INFO] Delay for channel 1: requested=0 ps, actual=0 ps
2026-06-15 18:50:02,069 [INFO] Delay for channel 2: requested=-1000 ps, actual=-1000 ps
2026-06-15 18:50:02,069 [INFO] Delay for channel 3: requested=20000 ps, actual=20000 ps
2026-06-15 18:50:02,069 [INFO] Delay for channel 4: requested=16500 ps, actual=16500 ps
2026-06-15 18:50:02,069 [INFO] Delay for channel 5: requested=17800 ps, actual=17800 ps
2026-06-15 18:50:02,069 [INFO] Delay for channel 6: requested=17300 ps, actual=17300 ps
2026-06-15 18:50:02,069 [INFO] Executing synchronized correlation measurement.
2026-06-15 18:50:02,069 [INFO] Delays on channels enabled.
2026-06-15 18:50:02,069 [INFO] Delay for channel 1: requested=0 ps, actual=0 ps.
2026-06-15 18:50:02,069 [INFO] Delay for channel 2: requested=-1000 ps, actual=-1000 ps.
2026-06-15 18:50:02,069 [INFO] Delay for channel 3: requested=20000 ps, actual=20000 ps.
2026-06-15 18:50:02,077 [INFO] Delay for channel 4: requested=16500 ps, actual=16500 ps.
2026-06-15 18:50:02,077 [INFO] Delay for channel 5: requested=17800 ps, actual=17800 ps.
2026-06-15 18:50:02,077 [INFO] Delay for channel 6: requested=17300 ps, actual=17300 ps.
2026-06-15 18:50:02,077 [INFO] Initializing measurement with virtual mode channels for ALL heralding permutations.
2026-06-15 18:50:02,077 [INFO] Automatically generated modes from input: {'H3': [1, 2], 'H4': [3, 4], 'H5': [5, 6]}
2026-06-15 18:50:02,077 [INFO] Setting up virtual channels...
2026-06-15 18:50:02,077 [INFO] Initializing physical channel correlation histograms...
2026-06-15 18:50:02,077 [INFO]   Physical correlation: ch1 <-> ch2
2026-06-15 18:50:02,077 [INFO]   Physical correlation: ch1 <-> ch3
2026-06-15 18:50:02,077 [INFO]   Physical correlation: ch1 <-> ch4
2026-06-15 18:50:02,077 [INFO]   Physical correlation: ch1 <-> ch5
2026-06-15 18:50:02,077 [INFO]   Physical correlation: ch1 <-> ch6
2026-06-15 18:50:02,085 [INFO]   Physical correlation: ch2 <-> ch3
2026-06-15 18:50:02,085 [INFO]   Physical correlation: ch2 <-> ch4
2026-06-15 18:50:02,085 [INFO]   Physical correlation: ch2 <-> ch5
2026-06-15 18:50:02,085 [INFO]   Physical correlation: ch2 <-> ch6
2026-06-15 18:50:02,085 [INFO]   Physical correlation: ch3 <-> ch4
2026-06-15 18:50:02,085 [INFO]   Physical correlation: ch3 <-> ch5
2026-06-15 18:50:02,085 [INFO]   Physical correlation: ch3 <-> ch6
2026-06-15 18:50:02,085 [INFO]   Physical correlation: ch4 <-> ch5
2026-06-15 18:50:02,085 [INFO]   Physical correlation: ch4 <-> ch6
2026-06-15 18:50:02,085 [INFO]   Physical correlation: ch5 <-> ch6
2026-06-15 18:50:02,085 [INFO] Initializing virtual mode correlation histograms...
2026-06-15 18:50:02,085 [INFO]   Within-mode (H3): ch1 <-> ch2
2026-06-15 18:50:02,093 [INFO]   Cross-mode: H3 <-> H4
2026-06-15 18:50:02,093 [INFO]   Cross-mode: H3 <-> H5
2026-06-15 18:50:02,093 [INFO]   Within-mode (H4): ch3 <-> ch4
2026-06-15 18:50:02,093 [INFO]   Cross-mode: H4 <-> H5
2026-06-15 18:50:02,093 [INFO]   Within-mode (H5): ch5 <-> ch6
2026-06-15 18:50:02,093 [INFO] Measurement starting for 2.000min / 0.033h
2026-06-15 18:52:02,407 [INFO] Measurements finished.
2026-06-15 18:52:02,407 [INFO] Collecting measurement data...
2026-06-15 18:52:02,407 [INFO] Collecting physical correlation data for (1,2)
2026-06-15 18:52:02,407 [INFO] Collecting physical correlation data for (1,3)
2026-06-15 18:52:02,407 [INFO] Collecting physical correlation data for (1,4)
2026-06-15 18:52:02,416 [INFO] Collecting physical correlation data for (1,5)
2026-06-15 18:52:02,416 [INFO] Collecting physical correlation data for (1,6)
2026-06-15 18:52:02,416 [INFO] Collecting physical correlation data for (2,3)
2026-06-15 18:52:02,424 [INFO] Collecting physical correlation data for (2,4)
2026-06-15 18:52:02,424 [INFO] Collecting physical correlation data for (2,5)
2026-06-15 18:52:02,424 [INFO] Collecting physical correlation data for (2,6)
2026-06-15 18:52:02,424 [INFO] Collecting physical correlation data for (3,4)
2026-06-15 18:52:02,432 [INFO] Collecting physical correlation data for (3,5)
2026-06-15 18:52:02,432 [INFO] Collecting physical correlation data for (3,6)
2026-06-15 18:52:02,432 [INFO] Collecting physical correlation data for (4,5)
2026-06-15 18:52:02,432 [INFO] Collecting physical correlation data for (4,6)
2026-06-15 18:52:02,441 [INFO] Collecting physical correlation data for (5,6)
2026-06-15 18:52:02,441 [INFO] Collecting virtual correlation data for (H3,H3)
2026-06-15 18:52:02,441 [INFO] Collecting virtual correlation data for (H3,H4)
2026-06-15 18:52:02,441 [INFO] Collecting virtual correlation data for (H3,H5)
2026-06-15 18:52:02,449 [INFO] Collecting virtual correlation data for (H4,H4)
2026-06-15 18:52:02,449 [INFO] Collecting virtual correlation data for (H4,H5)
2026-06-15 18:52:02,449 [INFO] Collecting virtual correlation data for (H5,H5)
2026-06-15 18:52:02,465 [INFO] Starting writing data to file.
2026-06-15 18:52:02,553 [INFO] Saved data.
2026-06-15 18:52:02,691 [INFO] Merging 1 chunks into running total...
2026-06-15 18:52:02,865 [INFO] ============================================================
2026-06-15 18:52:02,865 [INFO] STATUS REPORT | Duration: 10.00 min (0.167 h)
2026-06-15 18:52:02,865 [INFO] ============================================================
2026-06-15 18:52:02,865 [INFO] COUNTRATES (Physical):
2026-06-15 18:52:02,865 [INFO]   Ch 1: 16.4 kHz (total: 9,812,931)
2026-06-15 18:52:02,865 [INFO]   Ch 2: 22.9 kHz (total: 13,734,002)
2026-06-15 18:52:02,865 [INFO]   Ch 3: 4.5 kHz (total: 2,707,809)
2026-06-15 18:52:02,865 [INFO]   Ch 4: 4.9 kHz (total: 2,948,968)
2026-06-15 18:52:02,865 [INFO]   Ch 5: 0.4 kHz (total: 236,818)
2026-06-15 18:52:02,865 [INFO]   Ch 6: 0.4 kHz (total: 225,816)
2026-06-15 18:52:02,873 [INFO] COUNTRATES (Virtual):
2026-06-15 18:52:02,873 [INFO]   H3: 39.2 kHz (total: 23,546,933)
2026-06-15 18:52:02,873 [INFO]   H4: 9.4 kHz (total: 5,656,777)
2026-06-15 18:52:02,873 [INFO]   H5: 0.8 kHz (total: 462,634)
2026-06-15 18:52:02,873 [INFO] ------------------------------------------------------------
2026-06-15 18:52:02,873 [INFO] COINCIDENCES (threshold: 50000)
2026-06-15 18:52:02,873 [INFO] ------------------------------------------------------------
2026-06-15 18:52:02,873 [INFO] Twofold (physical) (Reached Threshold):
2026-06-15 18:52:02,873 [INFO]   (1,2): 12,845 X
2026-06-15 18:52:02,873 [INFO]   (1,3): 2,524 X
2026-06-15 18:52:02,873 [INFO]   (1,4): 2,697 X
2026-06-15 18:52:02,873 [INFO]   (1,5): 245 X
2026-06-15 18:52:02,873 [INFO]   (1,6): 213 X
2026-06-15 18:52:02,881 [INFO]   (2,3): 3,445 X
2026-06-15 18:52:02,882 [INFO]   (2,4): 3,618 X
2026-06-15 18:52:02,882 [INFO]   (2,5): 298 X
2026-06-15 18:52:02,882 [INFO]   (2,6): 313 X
2026-06-15 18:52:02,882 [INFO]   (3,4): 736 X
2026-06-15 18:52:02,882 [INFO]   (3,5): 61 X
2026-06-15 18:52:02,882 [INFO]   (3,6): 61 X
2026-06-15 18:52:02,882 [INFO]   (4,5): 77 X
2026-06-15 18:52:02,882 [INFO]   (4,6): 53 X
2026-06-15 18:52:02,882 [INFO]   (5,6): 9 X
2026-06-15 18:52:02,882 [INFO] ============================================================
2026-06-15 18:52:02,882 [INFO] >>> 15 combination(s) below threshold <<<
2026-06-15 18:52:02,882 [INFO] ============================================================
2026-06-15 18:52:02,970 [INFO] Updated merged data: C:\Users\QUANTUM\OneDrive - ENSTA\!Working files\HBT\HBT Data\Tests_Jun\2026-06-15_17-44-18_g2_heralded_virtual\MERGED\17-44-18_2026-06-15_7.7mW_num0_MERGED.pkl
2026-06-15 18:52:03,048 [INFO] Final merged data saved to: C:\Users\QUANTUM\OneDrive - ENSTA\!Working files\HBT\HBT Data\Tests_Jun\2026-06-15_17-44-18_g2_heralded_virtual\MERGED\17-44-18_2026-06-15_7.7mW_num0_MERGED.pkl
2026-06-15 18:52:03,056 [INFO] Total merged duration: 10.00 min
2026-06-15 18:52:03,056 [INFO] Measurement completed in 10.75 min
2026-06-15 18:52:03,056 [INFO] Running cleanup...
2026-06-15 18:52:03,569 [INFO] Rotation stage(s) disconnected cleanly.
2026-06-15 18:52:03,569 [INFO] Successful finish.
