2026-06-16 17:26:11,471 [INFO] Script start.
2026-06-16 17:26:11,477 [INFO] ====================GENERAL SETTINGS====================
2026-06-16 17:26:11,478 [INFO] {'date': '2026-06-16', 'time': '17-26-11', 'experiment_type': 'g2_heralded_virtual', 'save_dir': 'C:\\Users\\QUANTUM\\OneDrive - ENSTA\\!Working files\\HBT\\HBT Data\\Tests_Jun\\2026-06-16_17-26-11_g2_heralded_virtual', 'material': 'GaAs100_100um_noP1', 'laser': {'rep_rate_hz': 18880000.0, 'wavelength_nm': 2100}, 'timetagging': {'tt_mode': 'Standard', 'binwidth_ps': 100, 'num_bins': 50000, 'channels': [1, 2, 3, 4, 5, 6], 'mode_on_channel': ['H3T', 'H3R', 'H4T', 'H4R', 'H5T', 'H5R'], 'deadtime': [0, 0, 0, 0, 0, 0], 'delays': [0, -1000, 20000, 16500, 17800, 17300], 'coincidence_window': 25000, 'trigger': [], 'filter': []}, 'custom': {}}
2026-06-16 17:26:11,524 [INFO] Found 0 connected Time Tagger(s)
2026-06-16 17:26:13,112 [INFO] t:   1 s, Board temperature: 41.2 °C, FPGA temperature: 57.6 °C
2026-06-16 17:26:14,686 [INFO] t:   2 s, Board temperature: 41.2 °C, FPGA temperature: 57.5 °C
2026-06-16 17:26:16,244 [INFO] t:   3 s, Board temperature: 41.2 °C, FPGA temperature: 57.6 °C
2026-06-16 17:26:17,809 [INFO] t:   4 s, Board temperature: 41.3 °C, FPGA temperature: 57.6 °C
2026-06-16 17:26:19,374 [INFO] t:   5 s, Board temperature: 41.4 °C, FPGA temperature: 57.4 °C
2026-06-16 17:26:19,375 [INFO] The Time Tagger is warmed up.
2026-06-16 17:26:19,375 [INFO] Time Tagger initialized.
2026-06-16 17:26:19,588 [INFO] Stage Position: 0.0
2026-06-16 17:26:19,588 [INFO] Starting chunked acquisition (max 3 chunks / 9.0 min)
2026-06-16 17:26:19,589 [INFO] Chunk duration: 3 min
2026-06-16 17:26:19,590 [INFO] Threshold: 50000 counts, checking every 1 chunks
2026-06-16 17:26:19,636 [INFO] Found 0 connected Time Tagger(s)
2026-06-16 17:26:21,407 [INFO] t:   1 s, Board temperature: 41.4 °C, FPGA temperature: 57.6 °C
2026-06-16 17:26:22,960 [INFO] t:   2 s, Board temperature: 41.4 °C, FPGA temperature: 57.6 °C
2026-06-16 17:26:24,541 [INFO] t:   3 s, Board temperature: 41.4 °C, FPGA temperature: 57.6 °C
2026-06-16 17:26:26,111 [INFO] t:   4 s, Board temperature: 41.5 °C, FPGA temperature: 57.6 °C
2026-06-16 17:26:27,678 [INFO] t:   5 s, Board temperature: 41.4 °C, FPGA temperature: 57.6 °C
2026-06-16 17:26:27,679 [INFO] The Time Tagger is warmed up.
2026-06-16 17:26:27,679 [INFO] Time Tagger initialized.
2026-06-16 17:26:27,681 [INFO] Chunk 1/3 | Elapsed: 3.0 min
2026-06-16 17:26:27,681 [INFO] Initializing experiment on Time Tagger.
2026-06-16 17:26:27,688 [INFO] Deadtime for channel 1: 0 ps
2026-06-16 17:26:27,689 [INFO] Deadtime for channel 2: 0 ps
2026-06-16 17:26:27,689 [INFO] Deadtime for channel 3: 0 ps
2026-06-16 17:26:27,690 [INFO] Deadtime for channel 4: 0 ps
2026-06-16 17:26:27,691 [INFO] Deadtime for channel 5: 0 ps
2026-06-16 17:26:27,692 [INFO] Deadtime for channel 6: 0 ps
2026-06-16 17:26:27,693 [INFO] Delays on channels enabled.
2026-06-16 17:26:27,694 [INFO] Delay for channel 1: requested=0 ps, actual=0 ps
2026-06-16 17:26:27,695 [INFO] Delay for channel 2: requested=-1000 ps, actual=-1000 ps
2026-06-16 17:26:27,716 [INFO] Delay for channel 3: requested=20000 ps, actual=20000 ps
2026-06-16 17:26:27,716 [INFO] Delay for channel 4: requested=16500 ps, actual=16500 ps
2026-06-16 17:26:27,725 [INFO] Delay for channel 5: requested=17800 ps, actual=17800 ps
2026-06-16 17:26:27,726 [INFO] Delay for channel 6: requested=17300 ps, actual=17300 ps
2026-06-16 17:26:27,726 [INFO] Executing synchronized correlation measurement.
2026-06-16 17:26:27,727 [INFO] Delays on channels enabled.
2026-06-16 17:26:27,728 [INFO] Delay for channel 1: requested=0 ps, actual=0 ps.
2026-06-16 17:26:27,729 [INFO] Delay for channel 2: requested=-1000 ps, actual=-1000 ps.
2026-06-16 17:26:27,730 [INFO] Delay for channel 3: requested=20000 ps, actual=20000 ps.
2026-06-16 17:26:27,731 [INFO] Delay for channel 4: requested=16500 ps, actual=16500 ps.
2026-06-16 17:26:27,732 [INFO] Delay for channel 5: requested=17800 ps, actual=17800 ps.
2026-06-16 17:26:27,733 [INFO] Delay for channel 6: requested=17300 ps, actual=17300 ps.
2026-06-16 17:26:27,734 [INFO] Initializing measurement with virtual mode channels for ALL heralding permutations.
2026-06-16 17:26:27,734 [INFO] Automatically generated modes from input: {'H3': [1, 2], 'H4': [3, 4], 'H5': [5, 6]}
2026-06-16 17:26:27,735 [INFO] Setting up virtual channels...
2026-06-16 17:26:27,737 [INFO] Initializing physical channel correlation histograms...
2026-06-16 17:26:27,738 [INFO]   Physical correlation: ch1 <-> ch2
2026-06-16 17:26:27,739 [INFO]   Physical correlation: ch1 <-> ch3
2026-06-16 17:26:27,740 [INFO]   Physical correlation: ch1 <-> ch4
2026-06-16 17:26:27,741 [INFO]   Physical correlation: ch1 <-> ch5
2026-06-16 17:26:27,742 [INFO]   Physical correlation: ch1 <-> ch6
2026-06-16 17:26:27,744 [INFO]   Physical correlation: ch2 <-> ch3
2026-06-16 17:26:27,745 [INFO]   Physical correlation: ch2 <-> ch4
2026-06-16 17:26:27,745 [INFO]   Physical correlation: ch2 <-> ch5
2026-06-16 17:26:27,747 [INFO]   Physical correlation: ch2 <-> ch6
2026-06-16 17:26:27,748 [INFO]   Physical correlation: ch3 <-> ch4
2026-06-16 17:26:27,749 [INFO]   Physical correlation: ch3 <-> ch5
2026-06-16 17:26:27,750 [INFO]   Physical correlation: ch3 <-> ch6
2026-06-16 17:26:27,751 [INFO]   Physical correlation: ch4 <-> ch5
2026-06-16 17:26:27,758 [INFO]   Physical correlation: ch4 <-> ch6
2026-06-16 17:26:27,759 [INFO]   Physical correlation: ch5 <-> ch6
2026-06-16 17:26:27,760 [INFO] Initializing virtual mode correlation histograms...
2026-06-16 17:26:27,761 [INFO]   Within-mode (H3): ch1 <-> ch2
2026-06-16 17:26:27,762 [INFO]   Cross-mode: H3 <-> H4
2026-06-16 17:26:27,763 [INFO]   Cross-mode: H3 <-> H5
2026-06-16 17:26:27,764 [INFO]   Within-mode (H4): ch3 <-> ch4
2026-06-16 17:26:27,765 [INFO]   Cross-mode: H4 <-> H5
2026-06-16 17:26:27,765 [INFO]   Within-mode (H5): ch5 <-> ch6
2026-06-16 17:26:27,768 [INFO] Measurement starting for 3.000min / 0.050h
2026-06-16 17:29:44,840 [INFO] Measurements finished.
2026-06-16 17:29:44,841 [INFO] Collecting measurement data...
2026-06-16 17:29:44,841 [INFO] Collecting physical correlation data for (1,2)
2026-06-16 17:29:44,844 [INFO] Collecting physical correlation data for (1,3)
2026-06-16 17:29:44,846 [INFO] Collecting physical correlation data for (1,4)
2026-06-16 17:29:44,848 [INFO] Collecting physical correlation data for (1,5)
2026-06-16 17:29:44,850 [INFO] Collecting physical correlation data for (1,6)
2026-06-16 17:29:44,853 [INFO] Collecting physical correlation data for (2,3)
2026-06-16 17:29:44,855 [INFO] Collecting physical correlation data for (2,4)
2026-06-16 17:29:44,857 [INFO] Collecting physical correlation data for (2,5)
2026-06-16 17:29:44,860 [INFO] Collecting physical correlation data for (2,6)
2026-06-16 17:29:44,862 [INFO] Collecting physical correlation data for (3,4)
2026-06-16 17:29:44,864 [INFO] Collecting physical correlation data for (3,5)
2026-06-16 17:29:44,867 [INFO] Collecting physical correlation data for (3,6)
2026-06-16 17:29:44,869 [INFO] Collecting physical correlation data for (4,5)
2026-06-16 17:29:44,871 [INFO] Collecting physical correlation data for (4,6)
2026-06-16 17:29:44,874 [INFO] Collecting physical correlation data for (5,6)
2026-06-16 17:29:44,877 [INFO] Collecting virtual correlation data for (H3,H3)
2026-06-16 17:29:44,880 [INFO] Collecting virtual correlation data for (H3,H4)
2026-06-16 17:29:44,883 [INFO] Collecting virtual correlation data for (H3,H5)
2026-06-16 17:29:44,886 [INFO] Collecting virtual correlation data for (H4,H4)
2026-06-16 17:29:44,889 [INFO] Collecting virtual correlation data for (H4,H5)
2026-06-16 17:29:44,892 [INFO] Collecting virtual correlation data for (H5,H5)
2026-06-16 17:29:45,287 [INFO] Starting writing data to file.
2026-06-16 17:29:45,378 [INFO] Saved data.
2026-06-16 17:29:45,498 [INFO] Merging 1 chunks into running total...
2026-06-16 17:29:45,499 [INFO] ============================================================
2026-06-16 17:29:45,500 [INFO] STATUS REPORT | Duration: 3.00 min (0.050 h)
2026-06-16 17:29:45,501 [INFO] ============================================================
2026-06-16 17:29:45,501 [INFO] COUNTRATES (Physical):
2026-06-16 17:29:45,502 [INFO]   Ch 1: 2002.8 kHz (total: 360,504,884)
2026-06-16 17:29:45,503 [INFO]   Ch 2: 2448.8 kHz (total: 440,776,849)
2026-06-16 17:29:45,504 [INFO]   Ch 3: 2.5 kHz (total: 442,408)
2026-06-16 17:29:45,504 [INFO]   Ch 4: 3.1 kHz (total: 566,289)
2026-06-16 17:29:45,505 [INFO]   Ch 5: 1147.7 kHz (total: 206,590,142)
2026-06-16 17:29:45,506 [INFO]   Ch 6: 338.8 kHz (total: 60,984,613)
2026-06-16 17:29:45,507 [INFO] COUNTRATES (Virtual):
2026-06-16 17:29:45,508 [INFO]   H3: 4451.6 kHz (total: 801,281,733)
2026-06-16 17:29:45,509 [INFO]   H4: 5.6 kHz (total: 1,008,697)
2026-06-16 17:29:45,509 [INFO]   H5: 1486.5 kHz (total: 267,574,755)
2026-06-16 17:29:45,510 [INFO] ------------------------------------------------------------
2026-06-16 17:29:45,511 [INFO] COINCIDENCES (threshold: 50000)
2026-06-16 17:29:45,512 [INFO] ------------------------------------------------------------
2026-06-16 17:29:45,513 [INFO] Twofold (physical) (Reached Threshold):
2026-06-16 17:29:45,514 [INFO]   (1,2): 31,471,563 Y
2026-06-16 17:29:45,514 [INFO]   (1,3): 29,171 X
2026-06-16 17:29:45,515 [INFO]   (1,4): 37,450 X
2026-06-16 17:29:45,516 [INFO]   (1,5): 14,612,657 Y
2026-06-16 17:29:45,517 [INFO]   (1,6): 4,283,124 Y
2026-06-16 17:29:45,517 [INFO]   (2,3): 36,089 X
2026-06-16 17:29:45,518 [INFO]   (2,4): 45,820 X
2026-06-16 17:29:45,519 [INFO]   (2,5): 17,854,697 Y
2026-06-16 17:29:45,520 [INFO]   (2,6): 5,245,169 Y
2026-06-16 17:29:45,521 [INFO]   (3,4): 44 X
2026-06-16 17:29:45,522 [INFO]   (3,5): 16,763 X
2026-06-16 17:29:45,522 [INFO]   (3,6): 4,947 X
2026-06-16 17:29:45,523 [INFO]   (4,5): 21,408 X
2026-06-16 17:29:45,524 [INFO]   (4,6): 6,277 X
2026-06-16 17:29:45,525 [INFO]   (5,6): 2,522,886 Y
2026-06-16 17:29:45,526 [INFO] ============================================================
2026-06-16 17:29:45,527 [INFO] >>> 9 combination(s) below threshold <<<
2026-06-16 17:29:45,528 [INFO] ============================================================
2026-06-16 17:29:45,615 [INFO] Updated merged data: C:\Users\QUANTUM\OneDrive - ENSTA\!Working files\HBT\HBT Data\Tests_Jun\2026-06-16_17-26-11_g2_heralded_virtual\MERGED\17-26-11_2026-06-16_108mW_num0_MERGED.pkl
2026-06-16 17:29:45,658 [INFO] Found 0 connected Time Tagger(s)
2026-06-16 17:29:47,259 [INFO] t:   1 s, Board temperature: 41.5 °C, FPGA temperature: 57.4 °C
2026-06-16 17:29:48,834 [INFO] t:   2 s, Board temperature: 41.4 °C, FPGA temperature: 57.6 °C
2026-06-16 17:29:50,401 [INFO] t:   3 s, Board temperature: 41.6 °C, FPGA temperature: 57.6 °C
2026-06-16 17:29:51,954 [INFO] t:   4 s, Board temperature: 41.6 °C, FPGA temperature: 57.6 °C
2026-06-16 17:29:53,497 [INFO] t:   5 s, Board temperature: 41.5 °C, FPGA temperature: 57.4 °C
2026-06-16 17:29:53,498 [INFO] The Time Tagger is warmed up.
2026-06-16 17:29:53,499 [INFO] Time Tagger initialized.
2026-06-16 17:29:53,500 [INFO] Chunk 2/3 | Elapsed: 6.0 min
2026-06-16 17:29:53,500 [INFO] Initializing experiment on Time Tagger.
2026-06-16 17:29:53,507 [INFO] Deadtime for channel 1: 0 ps
2026-06-16 17:29:53,508 [INFO] Deadtime for channel 2: 0 ps
2026-06-16 17:29:53,508 [INFO] Deadtime for channel 3: 0 ps
2026-06-16 17:29:53,509 [INFO] Deadtime for channel 4: 0 ps
2026-06-16 17:29:53,510 [INFO] Deadtime for channel 5: 0 ps
2026-06-16 17:29:53,510 [INFO] Deadtime for channel 6: 0 ps
2026-06-16 17:29:53,511 [INFO] Delays on channels enabled.
2026-06-16 17:29:53,512 [INFO] Delay for channel 1: requested=0 ps, actual=0 ps
2026-06-16 17:29:53,512 [INFO] Delay for channel 2: requested=-1000 ps, actual=-1000 ps
2026-06-16 17:29:53,513 [INFO] Delay for channel 3: requested=20000 ps, actual=20000 ps
2026-06-16 17:29:53,514 [INFO] Delay for channel 4: requested=16500 ps, actual=16500 ps
2026-06-16 17:29:53,514 [INFO] Delay for channel 5: requested=17800 ps, actual=17800 ps
2026-06-16 17:29:53,515 [INFO] Delay for channel 6: requested=17300 ps, actual=17300 ps
2026-06-16 17:29:53,516 [INFO] Executing synchronized correlation measurement.
2026-06-16 17:29:53,517 [INFO] Delays on channels enabled.
2026-06-16 17:29:53,517 [INFO] Delay for channel 1: requested=0 ps, actual=0 ps.
2026-06-16 17:29:53,518 [INFO] Delay for channel 2: requested=-1000 ps, actual=-1000 ps.
2026-06-16 17:29:53,525 [INFO] Delay for channel 3: requested=20000 ps, actual=20000 ps.
2026-06-16 17:29:53,526 [INFO] Delay for channel 4: requested=16500 ps, actual=16500 ps.
2026-06-16 17:29:53,527 [INFO] Delay for channel 5: requested=17800 ps, actual=17800 ps.
2026-06-16 17:29:53,527 [INFO] Delay for channel 6: requested=17300 ps, actual=17300 ps.
2026-06-16 17:29:53,528 [INFO] Initializing measurement with virtual mode channels for ALL heralding permutations.
2026-06-16 17:29:53,529 [INFO] Automatically generated modes from input: {'H3': [1, 2], 'H4': [3, 4], 'H5': [5, 6]}
2026-06-16 17:29:53,530 [INFO] Setting up virtual channels...
2026-06-16 17:29:53,531 [INFO] Initializing physical channel correlation histograms...
2026-06-16 17:29:53,531 [INFO]   Physical correlation: ch1 <-> ch2
2026-06-16 17:29:53,532 [INFO]   Physical correlation: ch1 <-> ch3
2026-06-16 17:29:53,533 [INFO]   Physical correlation: ch1 <-> ch4
2026-06-16 17:29:53,534 [INFO]   Physical correlation: ch1 <-> ch5
2026-06-16 17:29:53,535 [INFO]   Physical correlation: ch1 <-> ch6
2026-06-16 17:29:53,535 [INFO]   Physical correlation: ch2 <-> ch3
2026-06-16 17:29:53,544 [INFO]   Physical correlation: ch2 <-> ch4
2026-06-16 17:29:53,545 [INFO]   Physical correlation: ch2 <-> ch5
2026-06-16 17:29:53,546 [INFO]   Physical correlation: ch2 <-> ch6
2026-06-16 17:29:53,547 [INFO]   Physical correlation: ch3 <-> ch4
2026-06-16 17:29:53,548 [INFO]   Physical correlation: ch3 <-> ch5
2026-06-16 17:29:53,548 [INFO]   Physical correlation: ch3 <-> ch6
2026-06-16 17:29:53,549 [INFO]   Physical correlation: ch4 <-> ch5
2026-06-16 17:29:53,550 [INFO]   Physical correlation: ch4 <-> ch6
2026-06-16 17:29:53,550 [INFO]   Physical correlation: ch5 <-> ch6
2026-06-16 17:29:53,551 [INFO] Initializing virtual mode correlation histograms...
2026-06-16 17:29:53,552 [INFO]   Within-mode (H3): ch1 <-> ch2
2026-06-16 17:29:53,553 [INFO]   Cross-mode: H3 <-> H4
2026-06-16 17:29:53,553 [INFO]   Cross-mode: H3 <-> H5
2026-06-16 17:29:53,554 [INFO]   Within-mode (H4): ch3 <-> ch4
2026-06-16 17:29:53,555 [INFO]   Cross-mode: H4 <-> H5
2026-06-16 17:29:53,556 [INFO]   Within-mode (H5): ch5 <-> ch6
2026-06-16 17:29:53,558 [INFO] Measurement starting for 3.000min / 0.050h
2026-06-16 17:33:10,840 [INFO] Measurements finished.
2026-06-16 17:33:10,841 [INFO] Collecting measurement data...
2026-06-16 17:33:10,843 [INFO] Collecting physical correlation data for (1,2)
2026-06-16 17:33:10,846 [INFO] Collecting physical correlation data for (1,3)
2026-06-16 17:33:10,848 [INFO] Collecting physical correlation data for (1,4)
2026-06-16 17:33:10,851 [INFO] Collecting physical correlation data for (1,5)
2026-06-16 17:33:10,854 [INFO] Collecting physical correlation data for (1,6)
2026-06-16 17:33:10,858 [INFO] Collecting physical correlation data for (2,3)
2026-06-16 17:33:10,861 [INFO] Collecting physical correlation data for (2,4)
2026-06-16 17:33:10,864 [INFO] Collecting physical correlation data for (2,5)
2026-06-16 17:33:10,867 [INFO] Collecting physical correlation data for (2,6)
2026-06-16 17:33:10,870 [INFO] Collecting physical correlation data for (3,4)
2026-06-16 17:33:10,873 [INFO] Collecting physical correlation data for (3,5)
2026-06-16 17:33:10,876 [INFO] Collecting physical correlation data for (3,6)
2026-06-16 17:33:10,879 [INFO] Collecting physical correlation data for (4,5)
2026-06-16 17:33:10,883 [INFO] Collecting physical correlation data for (4,6)
2026-06-16 17:33:10,886 [INFO] Collecting physical correlation data for (5,6)
2026-06-16 17:33:10,890 [INFO] Collecting virtual correlation data for (H3,H3)
2026-06-16 17:33:10,895 [INFO] Collecting virtual correlation data for (H3,H4)
2026-06-16 17:33:10,898 [INFO] Collecting virtual correlation data for (H3,H5)
2026-06-16 17:33:10,902 [INFO] Collecting virtual correlation data for (H4,H4)
2026-06-16 17:33:10,905 [INFO] Collecting virtual correlation data for (H4,H5)
2026-06-16 17:33:10,908 [INFO] Collecting virtual correlation data for (H5,H5)
2026-06-16 17:33:12,122 [INFO] Starting writing data to file.
2026-06-16 17:33:12,273 [INFO] Saved data.
2026-06-16 17:33:12,470 [INFO] Merging 1 chunks into running total...
2026-06-16 17:33:12,679 [INFO] ============================================================
2026-06-16 17:33:12,680 [INFO] STATUS REPORT | Duration: 6.00 min (0.100 h)
2026-06-16 17:33:12,680 [INFO] ============================================================
2026-06-16 17:33:12,681 [INFO] COUNTRATES (Physical):
2026-06-16 17:33:12,682 [INFO]   Ch 1: 2001.8 kHz (total: 720,638,780)
2026-06-16 17:33:12,683 [INFO]   Ch 2: 2451.1 kHz (total: 882,413,794)
2026-06-16 17:33:12,683 [INFO]   Ch 3: 2.5 kHz (total: 884,344)
2026-06-16 17:33:12,684 [INFO]   Ch 4: 3.1 kHz (total: 1,131,668)
2026-06-16 17:33:12,685 [INFO]   Ch 5: 1147.0 kHz (total: 412,911,045)
2026-06-16 17:33:12,685 [INFO]   Ch 6: 338.7 kHz (total: 121,920,489)
2026-06-16 17:33:12,686 [INFO] COUNTRATES (Virtual):
2026-06-16 17:33:12,687 [INFO]   H3: 4452.9 kHz (total: 1,603,052,574)
2026-06-16 17:33:12,688 [INFO]   H4: 5.6 kHz (total: 2,016,012)
2026-06-16 17:33:12,689 [INFO]   H5: 1485.6 kHz (total: 534,831,534)
2026-06-16 17:33:12,689 [INFO] ------------------------------------------------------------
2026-06-16 17:33:12,690 [INFO] COINCIDENCES (threshold: 50000)
2026-06-16 17:33:12,691 [INFO] ------------------------------------------------------------
2026-06-16 17:33:12,692 [INFO] Twofold (physical) (Reached Threshold):
2026-06-16 17:33:12,692 [INFO]   (1,2): 60,180,469 Y
2026-06-16 17:33:12,693 [INFO]   (1,3): 56,039 Y
2026-06-16 17:33:12,694 [INFO]   (1,4): 71,526 Y
2026-06-16 17:33:12,694 [INFO]   (1,5): 27,894,212 Y
2026-06-16 17:33:12,695 [INFO]   (1,6): 8,182,207 Y
2026-06-16 17:33:12,696 [INFO]   (2,3): 68,961 Y
2026-06-16 17:33:12,697 [INFO]   (2,4): 87,565 Y
2026-06-16 17:33:12,697 [INFO]   (2,5): 34,129,157 Y
2026-06-16 17:33:12,698 [INFO]   (2,6): 10,037,223 Y
2026-06-16 17:33:12,699 [INFO]   (3,4): 84 X
2026-06-16 17:33:12,700 [INFO]   (3,5): 32,073 X
2026-06-16 17:33:12,700 [INFO]   (3,6): 9,459 X
2026-06-16 17:33:12,701 [INFO]   (4,5): 40,763 X
2026-06-16 17:33:12,702 [INFO]   (4,6): 11,945 X
2026-06-16 17:33:12,703 [INFO]   (5,6): 4,817,766 Y
2026-06-16 17:33:12,704 [INFO] ============================================================
2026-06-16 17:33:12,705 [INFO] >>> 5 combination(s) below threshold <<<
2026-06-16 17:33:12,705 [INFO] ============================================================
2026-06-16 17:33:12,789 [INFO] Updated merged data: C:\Users\QUANTUM\OneDrive - ENSTA\!Working files\HBT\HBT Data\Tests_Jun\2026-06-16_17-26-11_g2_heralded_virtual\MERGED\17-26-11_2026-06-16_108mW_num0_MERGED.pkl
2026-06-16 17:33:12,836 [INFO] Found 0 connected Time Tagger(s)
2026-06-16 17:33:14,477 [INFO] t:   1 s, Board temperature: 41.2 °C, FPGA temperature: 57.4 °C
2026-06-16 17:33:16,032 [INFO] t:   2 s, Board temperature: 41.2 °C, FPGA temperature: 57.4 °C
2026-06-16 17:33:17,599 [INFO] t:   3 s, Board temperature: 41.2 °C, FPGA temperature: 57.4 °C
2026-06-16 17:33:19,151 [INFO] t:   4 s, Board temperature: 41.3 °C, FPGA temperature: 57.5 °C
2026-06-16 17:33:20,704 [INFO] t:   5 s, Board temperature: 41.3 °C, FPGA temperature: 57.5 °C
2026-06-16 17:33:20,705 [INFO] The Time Tagger is warmed up.
2026-06-16 17:33:20,705 [INFO] Time Tagger initialized.
2026-06-16 17:33:20,706 [INFO] Chunk 3/3 | Elapsed: 9.0 min
2026-06-16 17:33:20,707 [INFO] Initializing experiment on Time Tagger.
2026-06-16 17:33:20,714 [INFO] Deadtime for channel 1: 0 ps
2026-06-16 17:33:20,715 [INFO] Deadtime for channel 2: 0 ps
2026-06-16 17:33:20,716 [INFO] Deadtime for channel 3: 0 ps
2026-06-16 17:33:20,716 [INFO] Deadtime for channel 4: 0 ps
2026-06-16 17:33:20,717 [INFO] Deadtime for channel 5: 0 ps
2026-06-16 17:33:20,718 [INFO] Deadtime for channel 6: 0 ps
2026-06-16 17:33:20,719 [INFO] Delays on channels enabled.
2026-06-16 17:33:20,720 [INFO] Delay for channel 1: requested=0 ps, actual=0 ps
2026-06-16 17:33:20,720 [INFO] Delay for channel 2: requested=-1000 ps, actual=-1000 ps
2026-06-16 17:33:20,721 [INFO] Delay for channel 3: requested=20000 ps, actual=20000 ps
2026-06-16 17:33:20,722 [INFO] Delay for channel 4: requested=16500 ps, actual=16500 ps
2026-06-16 17:33:20,722 [INFO] Delay for channel 5: requested=17800 ps, actual=17800 ps
2026-06-16 17:33:20,723 [INFO] Delay for channel 6: requested=17300 ps, actual=17300 ps
2026-06-16 17:33:20,724 [INFO] Executing synchronized correlation measurement.
2026-06-16 17:33:20,724 [INFO] Delays on channels enabled.
2026-06-16 17:33:20,725 [INFO] Delay for channel 1: requested=0 ps, actual=0 ps.
2026-06-16 17:33:20,732 [INFO] Delay for channel 2: requested=-1000 ps, actual=-1000 ps.
2026-06-16 17:33:20,733 [INFO] Delay for channel 3: requested=20000 ps, actual=20000 ps.
2026-06-16 17:33:20,734 [INFO] Delay for channel 4: requested=16500 ps, actual=16500 ps.
2026-06-16 17:33:20,735 [INFO] Delay for channel 5: requested=17800 ps, actual=17800 ps.
2026-06-16 17:33:20,735 [INFO] Delay for channel 6: requested=17300 ps, actual=17300 ps.
2026-06-16 17:33:20,736 [INFO] Initializing measurement with virtual mode channels for ALL heralding permutations.
2026-06-16 17:33:20,736 [INFO] Automatically generated modes from input: {'H3': [1, 2], 'H4': [3, 4], 'H5': [5, 6]}
2026-06-16 17:33:20,737 [INFO] Setting up virtual channels...
2026-06-16 17:33:20,739 [INFO] Initializing physical channel correlation histograms...
2026-06-16 17:33:20,739 [INFO]   Physical correlation: ch1 <-> ch2
2026-06-16 17:33:20,740 [INFO]   Physical correlation: ch1 <-> ch3
2026-06-16 17:33:20,741 [INFO]   Physical correlation: ch1 <-> ch4
2026-06-16 17:33:20,742 [INFO]   Physical correlation: ch1 <-> ch5
2026-06-16 17:33:20,743 [INFO]   Physical correlation: ch1 <-> ch6
2026-06-16 17:33:20,743 [INFO]   Physical correlation: ch2 <-> ch3
2026-06-16 17:33:20,751 [INFO]   Physical correlation: ch2 <-> ch4
2026-06-16 17:33:20,752 [INFO]   Physical correlation: ch2 <-> ch5
2026-06-16 17:33:20,753 [INFO]   Physical correlation: ch2 <-> ch6
2026-06-16 17:33:20,754 [INFO]   Physical correlation: ch3 <-> ch4
2026-06-16 17:33:20,755 [INFO]   Physical correlation: ch3 <-> ch5
2026-06-16 17:33:20,756 [INFO]   Physical correlation: ch3 <-> ch6
2026-06-16 17:33:20,757 [INFO]   Physical correlation: ch4 <-> ch5
2026-06-16 17:33:20,758 [INFO]   Physical correlation: ch4 <-> ch6
2026-06-16 17:33:20,758 [INFO]   Physical correlation: ch5 <-> ch6
2026-06-16 17:33:20,760 [INFO] Initializing virtual mode correlation histograms...
2026-06-16 17:33:20,760 [INFO]   Within-mode (H3): ch1 <-> ch2
2026-06-16 17:33:20,761 [INFO]   Cross-mode: H3 <-> H4
2026-06-16 17:33:20,763 [INFO]   Cross-mode: H3 <-> H5
2026-06-16 17:33:20,763 [INFO]   Within-mode (H4): ch3 <-> ch4
2026-06-16 17:33:20,764 [INFO]   Cross-mode: H4 <-> H5
2026-06-16 17:33:20,765 [INFO]   Within-mode (H5): ch5 <-> ch6
2026-06-16 17:33:20,767 [INFO] Measurement starting for 3.000min / 0.050h
2026-06-16 17:36:41,873 [INFO] Measurements finished.
2026-06-16 17:36:41,874 [INFO] Collecting measurement data...
2026-06-16 17:36:41,875 [INFO] Collecting physical correlation data for (1,2)
2026-06-16 17:36:41,878 [INFO] Collecting physical correlation data for (1,3)
2026-06-16 17:36:41,880 [INFO] Collecting physical correlation data for (1,4)
2026-06-16 17:36:41,883 [INFO] Collecting physical correlation data for (1,5)
2026-06-16 17:36:41,887 [INFO] Collecting physical correlation data for (1,6)
2026-06-16 17:36:41,892 [INFO] Collecting physical correlation data for (2,3)
2026-06-16 17:36:41,894 [INFO] Collecting physical correlation data for (2,4)
2026-06-16 17:36:41,898 [INFO] Collecting physical correlation data for (2,5)
2026-06-16 17:36:41,902 [INFO] Collecting physical correlation data for (2,6)
2026-06-16 17:36:41,906 [INFO] Collecting physical correlation data for (3,4)
2026-06-16 17:36:41,910 [INFO] Collecting physical correlation data for (3,5)
2026-06-16 17:36:41,913 [INFO] Collecting physical correlation data for (3,6)
2026-06-16 17:36:41,916 [INFO] Collecting physical correlation data for (4,5)
2026-06-16 17:36:41,919 [INFO] Collecting physical correlation data for (4,6)
2026-06-16 17:36:41,923 [INFO] Collecting physical correlation data for (5,6)
2026-06-16 17:36:41,927 [INFO] Collecting virtual correlation data for (H3,H3)
2026-06-16 17:36:41,932 [INFO] Collecting virtual correlation data for (H3,H4)
2026-06-16 17:36:41,936 [INFO] Collecting virtual correlation data for (H3,H5)
2026-06-16 17:36:41,941 [INFO] Collecting virtual correlation data for (H4,H4)
2026-06-16 17:36:41,945 [INFO] Collecting virtual correlation data for (H4,H5)
2026-06-16 17:36:41,948 [INFO] Collecting virtual correlation data for (H5,H5)
2026-06-16 17:36:42,709 [INFO] Starting writing data to file.
2026-06-16 17:36:42,862 [INFO] Saved data.
2026-06-16 17:36:43,101 [INFO] Merging 1 chunks into running total...
2026-06-16 17:36:43,405 [INFO] ============================================================
2026-06-16 17:36:43,406 [INFO] STATUS REPORT | Duration: 9.00 min (0.150 h)
2026-06-16 17:36:43,407 [INFO] ============================================================
2026-06-16 17:36:43,408 [INFO] COUNTRATES (Physical):
2026-06-16 17:36:43,409 [INFO]   Ch 1: 1999.8 kHz (total: 1,079,900,617)
2026-06-16 17:36:43,409 [INFO]   Ch 2: 2449.8 kHz (total: 1,322,909,635)
2026-06-16 17:36:43,411 [INFO]   Ch 3: 2.5 kHz (total: 1,326,859)
2026-06-16 17:36:43,412 [INFO]   Ch 4: 3.1 kHz (total: 1,696,157)
2026-06-16 17:36:43,413 [INFO]   Ch 5: 1146.1 kHz (total: 618,912,875)
2026-06-16 17:36:43,414 [INFO]   Ch 6: 338.9 kHz (total: 183,005,338)
2026-06-16 17:36:43,414 [INFO] COUNTRATES (Virtual):
2026-06-16 17:36:43,415 [INFO]   H3: 4449.6 kHz (total: 2,402,810,252)
2026-06-16 17:36:43,416 [INFO]   H4: 5.6 kHz (total: 3,023,016)
2026-06-16 17:36:43,417 [INFO]   H5: 1485.0 kHz (total: 801,918,213)
2026-06-16 17:36:43,418 [INFO] ------------------------------------------------------------
2026-06-16 17:36:43,419 [INFO] COINCIDENCES (threshold: 50000)
2026-06-16 17:36:43,420 [INFO] ------------------------------------------------------------
2026-06-16 17:36:43,421 [INFO] Twofold (physical) (Reached Threshold):
2026-06-16 17:36:43,422 [INFO]   (1,2): 89,182,108 Y
2026-06-16 17:36:43,423 [INFO]   (1,3): 83,392 Y
2026-06-16 17:36:43,424 [INFO]   (1,4): 106,021 Y
2026-06-16 17:36:43,425 [INFO]   (1,5): 41,307,477 Y
2026-06-16 17:36:43,426 [INFO]   (1,6): 12,135,940 Y
2026-06-16 17:36:43,427 [INFO]   (2,3): 102,124 Y
2026-06-16 17:36:43,428 [INFO]   (2,4): 129,718 Y
2026-06-16 17:36:43,429 [INFO]   (2,5): 50,577,399 Y
2026-06-16 17:36:43,430 [INFO]   (2,6): 14,887,972 Y
2026-06-16 17:36:43,431 [INFO]   (3,4): 132 X
2026-06-16 17:36:43,431 [INFO]   (3,5): 47,698 X
2026-06-16 17:36:43,433 [INFO]   (3,6): 14,103 X
2026-06-16 17:36:43,433 [INFO]   (4,5): 60,476 Y
2026-06-16 17:36:43,434 [INFO]   (4,6): 17,791 X
2026-06-16 17:36:43,435 [INFO]   (5,6): 7,142,179 Y
2026-06-16 17:36:43,436 [INFO] ============================================================
2026-06-16 17:36:43,437 [INFO] >>> 4 combination(s) below threshold <<<
2026-06-16 17:36:43,438 [INFO] ============================================================
2026-06-16 17:36:43,556 [INFO] Updated merged data: C:\Users\QUANTUM\OneDrive - ENSTA\!Working files\HBT\HBT Data\Tests_Jun\2026-06-16_17-26-11_g2_heralded_virtual\MERGED\17-26-11_2026-06-16_108mW_num0_MERGED.pkl
2026-06-16 17:36:43,664 [INFO] Final merged data saved to: C:\Users\QUANTUM\OneDrive - ENSTA\!Working files\HBT\HBT Data\Tests_Jun\2026-06-16_17-26-11_g2_heralded_virtual\MERGED\17-26-11_2026-06-16_108mW_num0_MERGED.pkl
2026-06-16 17:36:43,665 [INFO] Total merged duration: 9.00 min
2026-06-16 17:36:43,665 [INFO] Measurement completed in 10.40 min
2026-06-16 17:36:46,380 [INFO] Stage Position: 15.0
2026-06-16 17:36:46,380 [INFO] Starting chunked acquisition (max 3 chunks / 9.0 min)
2026-06-16 17:36:46,382 [INFO] Chunk duration: 3 min
2026-06-16 17:36:46,383 [INFO] Threshold: 50000 counts, checking every 1 chunks
2026-06-16 17:36:46,461 [INFO] Found 0 connected Time Tagger(s)
2026-06-16 17:36:48,094 [INFO] t:   1 s, Board temperature: 41.3 °C, FPGA temperature: 57.6 °C
2026-06-16 17:36:49,661 [INFO] t:   2 s, Board temperature: 41.3 °C, FPGA temperature: 57.5 °C
2026-06-16 17:36:51,225 [INFO] t:   3 s, Board temperature: 41.2 °C, FPGA temperature: 57.4 °C
2026-06-16 17:36:52,779 [INFO] t:   4 s, Board temperature: 41.3 °C, FPGA temperature: 57.3 °C
2026-06-16 17:36:54,333 [INFO] t:   5 s, Board temperature: 41.2 °C, FPGA temperature: 57.3 °C
2026-06-16 17:36:54,334 [INFO] The Time Tagger is warmed up.
2026-06-16 17:36:54,335 [INFO] Time Tagger initialized.
2026-06-16 17:36:54,336 [INFO] Chunk 1/3 | Elapsed: 3.0 min
2026-06-16 17:36:54,337 [INFO] Initializing experiment on Time Tagger.
2026-06-16 17:36:54,337 [INFO] Deadtime for channel 1: 0 ps
2026-06-16 17:36:54,338 [INFO] Deadtime for channel 2: 0 ps
2026-06-16 17:36:54,339 [INFO] Deadtime for channel 3: 0 ps
2026-06-16 17:36:54,340 [INFO] Deadtime for channel 4: 0 ps
2026-06-16 17:36:54,341 [INFO] Deadtime for channel 5: 0 ps
2026-06-16 17:36:54,342 [INFO] Deadtime for channel 6: 0 ps
2026-06-16 17:36:54,342 [INFO] Delays on channels enabled.
2026-06-16 17:36:54,343 [INFO] Delay for channel 1: requested=0 ps, actual=0 ps
2026-06-16 17:36:54,344 [INFO] Delay for channel 2: requested=-1000 ps, actual=-1000 ps
2026-06-16 17:36:54,344 [INFO] Delay for channel 3: requested=20000 ps, actual=20000 ps
2026-06-16 17:36:54,345 [INFO] Delay for channel 4: requested=16500 ps, actual=16500 ps
2026-06-16 17:36:54,346 [INFO] Delay for channel 5: requested=17800 ps, actual=17800 ps
2026-06-16 17:36:54,346 [INFO] Delay for channel 6: requested=17300 ps, actual=17300 ps
2026-06-16 17:36:54,347 [INFO] Executing synchronized correlation measurement.
2026-06-16 17:36:54,353 [INFO] Delays on channels enabled.
2026-06-16 17:36:54,354 [INFO] Delay for channel 1: requested=0 ps, actual=0 ps.
2026-06-16 17:36:54,355 [INFO] Delay for channel 2: requested=-1000 ps, actual=-1000 ps.
2026-06-16 17:36:54,355 [INFO] Delay for channel 3: requested=20000 ps, actual=20000 ps.
2026-06-16 17:36:54,356 [INFO] Delay for channel 4: requested=16500 ps, actual=16500 ps.
2026-06-16 17:36:54,357 [INFO] Delay for channel 5: requested=17800 ps, actual=17800 ps.
2026-06-16 17:36:54,357 [INFO] Delay for channel 6: requested=17300 ps, actual=17300 ps.
2026-06-16 17:36:54,358 [INFO] Initializing measurement with virtual mode channels for ALL heralding permutations.
2026-06-16 17:36:54,359 [INFO] Automatically generated modes from input: {'H3': [1, 2], 'H4': [3, 4], 'H5': [5, 6]}
2026-06-16 17:36:54,360 [INFO] Setting up virtual channels...
2026-06-16 17:36:54,361 [INFO] Initializing physical channel correlation histograms...
2026-06-16 17:36:54,362 [INFO]   Physical correlation: ch1 <-> ch2
2026-06-16 17:36:54,363 [INFO]   Physical correlation: ch1 <-> ch3
2026-06-16 17:36:54,364 [INFO]   Physical correlation: ch1 <-> ch4
2026-06-16 17:36:54,364 [INFO]   Physical correlation: ch1 <-> ch5
2026-06-16 17:36:54,365 [INFO]   Physical correlation: ch1 <-> ch6
2026-06-16 17:36:54,366 [INFO]   Physical correlation: ch2 <-> ch3
2026-06-16 17:36:54,366 [INFO]   Physical correlation: ch2 <-> ch4
2026-06-16 17:36:54,367 [INFO]   Physical correlation: ch2 <-> ch5
2026-06-16 17:36:54,368 [INFO]   Physical correlation: ch2 <-> ch6
2026-06-16 17:36:54,369 [INFO]   Physical correlation: ch3 <-> ch4
2026-06-16 17:36:54,369 [INFO]   Physical correlation: ch3 <-> ch5
2026-06-16 17:36:54,370 [INFO]   Physical correlation: ch3 <-> ch6
2026-06-16 17:36:54,371 [INFO]   Physical correlation: ch4 <-> ch5
2026-06-16 17:36:54,372 [INFO]   Physical correlation: ch4 <-> ch6
2026-06-16 17:36:54,372 [INFO]   Physical correlation: ch5 <-> ch6
2026-06-16 17:36:54,374 [INFO] Initializing virtual mode correlation histograms...
2026-06-16 17:36:54,374 [INFO]   Within-mode (H3): ch1 <-> ch2
2026-06-16 17:36:54,375 [INFO]   Cross-mode: H3 <-> H4
2026-06-16 17:36:54,376 [INFO]   Cross-mode: H3 <-> H5
2026-06-16 17:36:54,377 [INFO]   Within-mode (H4): ch3 <-> ch4
2026-06-16 17:36:54,377 [INFO]   Cross-mode: H4 <-> H5
2026-06-16 17:36:54,378 [INFO]   Within-mode (H5): ch5 <-> ch6
2026-06-16 17:36:54,380 [INFO] Measurement starting for 3.000min / 0.050h
2026-06-16 17:39:56,318 [INFO] Measurements finished.
2026-06-16 17:39:56,319 [INFO] Collecting measurement data...
2026-06-16 17:39:56,320 [INFO] Collecting physical correlation data for (1,2)
2026-06-16 17:39:56,323 [INFO] Collecting physical correlation data for (1,3)
2026-06-16 17:39:56,325 [INFO] Collecting physical correlation data for (1,4)
2026-06-16 17:39:56,328 [INFO] Collecting physical correlation data for (1,5)
2026-06-16 17:39:56,332 [INFO] Collecting physical correlation data for (1,6)
2026-06-16 17:39:56,335 [INFO] Collecting physical correlation data for (2,3)
2026-06-16 17:39:56,337 [INFO] Collecting physical correlation data for (2,4)
2026-06-16 17:39:56,340 [INFO] Collecting physical correlation data for (2,5)
2026-06-16 17:39:56,344 [INFO] Collecting physical correlation data for (2,6)
2026-06-16 17:39:56,347 [INFO] Collecting physical correlation data for (3,4)
2026-06-16 17:39:56,350 [INFO] Collecting physical correlation data for (3,5)
2026-06-16 17:39:56,353 [INFO] Collecting physical correlation data for (3,6)
2026-06-16 17:39:56,356 [INFO] Collecting physical correlation data for (4,5)
2026-06-16 17:39:56,359 [INFO] Collecting physical correlation data for (4,6)
2026-06-16 17:39:56,362 [INFO] Collecting physical correlation data for (5,6)
2026-06-16 17:39:56,364 [INFO] Collecting virtual correlation data for (H3,H3)
2026-06-16 17:39:56,368 [INFO] Collecting virtual correlation data for (H3,H4)
2026-06-16 17:39:56,371 [INFO] Collecting virtual correlation data for (H3,H5)
2026-06-16 17:39:56,374 [INFO] Collecting virtual correlation data for (H4,H4)
2026-06-16 17:39:56,377 [INFO] Collecting virtual correlation data for (H4,H5)
2026-06-16 17:39:56,380 [INFO] Collecting virtual correlation data for (H5,H5)
2026-06-16 17:39:56,550 [INFO] Starting writing data to file.
2026-06-16 17:39:56,635 [INFO] Saved data.
2026-06-16 17:39:56,771 [INFO] Merging 1 chunks into running total...
2026-06-16 17:39:56,772 [INFO] ============================================================
2026-06-16 17:39:56,773 [INFO] STATUS REPORT | Duration: 3.00 min (0.050 h)
2026-06-16 17:39:56,774 [INFO] ============================================================
2026-06-16 17:39:56,775 [INFO] COUNTRATES (Physical):
2026-06-16 17:39:56,776 [INFO]   Ch 1: 1042.2 kHz (total: 187,588,410)
2026-06-16 17:39:56,777 [INFO]   Ch 2: 1440.5 kHz (total: 259,293,871)
2026-06-16 17:39:56,777 [INFO]   Ch 3: 2.3 kHz (total: 413,667)
2026-06-16 17:39:56,778 [INFO]   Ch 4: 3.0 kHz (total: 539,715)
2026-06-16 17:39:56,779 [INFO]   Ch 5: 644.1 kHz (total: 115,946,285)
2026-06-16 17:39:56,780 [INFO]   Ch 6: 195.2 kHz (total: 35,134,932)
2026-06-16 17:39:56,781 [INFO] COUNTRATES (Virtual):
2026-06-16 17:39:56,781 [INFO]   H3: 2482.7 kHz (total: 446,882,281)
2026-06-16 17:39:56,782 [INFO]   H4: 5.3 kHz (total: 953,382)
2026-06-16 17:39:56,783 [INFO]   H5: 839.3 kHz (total: 151,081,217)
2026-06-16 17:39:56,784 [INFO] ------------------------------------------------------------
2026-06-16 17:39:56,784 [INFO] COINCIDENCES (threshold: 50000)
2026-06-16 17:39:56,785 [INFO] ------------------------------------------------------------
2026-06-16 17:39:56,786 [INFO] Twofold (physical) (Reached Threshold):
2026-06-16 17:39:56,787 [INFO]   (1,2): 16,781,589 Y
2026-06-16 17:39:56,788 [INFO]   (1,3): 21,739 X
2026-06-16 17:39:56,789 [INFO]   (1,4): 28,371 X
2026-06-16 17:39:56,790 [INFO]   (1,5): 7,474,326 Y
2026-06-16 17:39:56,791 [INFO]   (1,6): 2,224,363 Y
2026-06-16 17:39:56,792 [INFO]   (2,3): 30,204 X
2026-06-16 17:39:56,793 [INFO]   (2,4): 39,080 X
2026-06-16 17:39:56,794 [INFO]   (2,5): 10,173,438 Y
2026-06-16 17:39:56,795 [INFO]   (2,6): 3,038,049 Y
2026-06-16 17:39:56,796 [INFO]   (3,4): 65 X
2026-06-16 17:39:56,796 [INFO]   (3,5): 13,402 X
2026-06-16 17:39:56,797 [INFO]   (3,6): 4,095 X
2026-06-16 17:39:56,798 [INFO]   (4,5): 17,717 X
2026-06-16 17:39:56,799 [INFO]   (4,6): 5,277 X
2026-06-16 17:39:56,800 [INFO]   (5,6): 1,386,833 Y
2026-06-16 17:39:56,801 [INFO] ============================================================
2026-06-16 17:39:56,801 [INFO] >>> 9 combination(s) below threshold <<<
2026-06-16 17:39:56,802 [INFO] ============================================================
2026-06-16 17:39:56,912 [INFO] Updated merged data: C:\Users\QUANTUM\OneDrive - ENSTA\!Working files\HBT\HBT Data\Tests_Jun\2026-06-16_17-26-11_g2_heralded_virtual\MERGED\17-26-11_2026-06-16_73mW_num0_MERGED.pkl
2026-06-16 17:39:56,972 [INFO] Found 0 connected Time Tagger(s)
2026-06-16 17:39:58,593 [INFO] t:   1 s, Board temperature: 41.1 °C, FPGA temperature: 57.5 °C
2026-06-16 17:40:00,158 [INFO] t:   2 s, Board temperature: 41.1 °C, FPGA temperature: 57.5 °C
2026-06-16 17:40:01,737 [INFO] t:   3 s, Board temperature: 41.1 °C, FPGA temperature: 57.4 °C
2026-06-16 17:40:03,296 [INFO] t:   4 s, Board temperature: 41.2 °C, FPGA temperature: 57.4 °C
2026-06-16 17:40:04,847 [INFO] t:   5 s, Board temperature: 41.2 °C, FPGA temperature: 57.4 °C
2026-06-16 17:40:04,848 [INFO] The Time Tagger is warmed up.
2026-06-16 17:40:04,849 [INFO] Time Tagger initialized.
2026-06-16 17:40:04,850 [INFO] Chunk 2/3 | Elapsed: 6.0 min
2026-06-16 17:40:04,850 [INFO] Initializing experiment on Time Tagger.
2026-06-16 17:40:04,851 [INFO] Deadtime for channel 1: 0 ps
2026-06-16 17:40:04,852 [INFO] Deadtime for channel 2: 0 ps
2026-06-16 17:40:04,852 [INFO] Deadtime for channel 3: 0 ps
2026-06-16 17:40:04,853 [INFO] Deadtime for channel 4: 0 ps
2026-06-16 17:40:04,854 [INFO] Deadtime for channel 5: 0 ps
2026-06-16 17:40:04,854 [INFO] Deadtime for channel 6: 0 ps
2026-06-16 17:40:04,855 [INFO] Delays on channels enabled.
2026-06-16 17:40:04,856 [INFO] Delay for channel 1: requested=0 ps, actual=0 ps
2026-06-16 17:40:04,856 [INFO] Delay for channel 2: requested=-1000 ps, actual=-1000 ps
2026-06-16 17:40:04,857 [INFO] Delay for channel 3: requested=20000 ps, actual=20000 ps
2026-06-16 17:40:04,858 [INFO] Delay for channel 4: requested=16500 ps, actual=16500 ps
2026-06-16 17:40:04,858 [INFO] Delay for channel 5: requested=17800 ps, actual=17800 ps
2026-06-16 17:40:04,859 [INFO] Delay for channel 6: requested=17300 ps, actual=17300 ps
2026-06-16 17:40:04,859 [INFO] Executing synchronized correlation measurement.
2026-06-16 17:40:04,867 [INFO] Delays on channels enabled.
2026-06-16 17:40:04,867 [INFO] Delay for channel 1: requested=0 ps, actual=0 ps.
2026-06-16 17:40:04,868 [INFO] Delay for channel 2: requested=-1000 ps, actual=-1000 ps.
2026-06-16 17:40:04,869 [INFO] Delay for channel 3: requested=20000 ps, actual=20000 ps.
2026-06-16 17:40:04,870 [INFO] Delay for channel 4: requested=16500 ps, actual=16500 ps.
2026-06-16 17:40:04,871 [INFO] Delay for channel 5: requested=17800 ps, actual=17800 ps.
2026-06-16 17:40:04,871 [INFO] Delay for channel 6: requested=17300 ps, actual=17300 ps.
2026-06-16 17:40:04,872 [INFO] Initializing measurement with virtual mode channels for ALL heralding permutations.
2026-06-16 17:40:04,873 [INFO] Automatically generated modes from input: {'H3': [1, 2], 'H4': [3, 4], 'H5': [5, 6]}
2026-06-16 17:40:04,873 [INFO] Setting up virtual channels...
2026-06-16 17:40:04,875 [INFO] Initializing physical channel correlation histograms...
2026-06-16 17:40:04,875 [INFO]   Physical correlation: ch1 <-> ch2
2026-06-16 17:40:04,876 [INFO]   Physical correlation: ch1 <-> ch3
2026-06-16 17:40:04,877 [INFO]   Physical correlation: ch1 <-> ch4
2026-06-16 17:40:04,878 [INFO]   Physical correlation: ch1 <-> ch5
2026-06-16 17:40:04,879 [INFO]   Physical correlation: ch1 <-> ch6
2026-06-16 17:40:04,879 [INFO]   Physical correlation: ch2 <-> ch3
2026-06-16 17:40:04,880 [INFO]   Physical correlation: ch2 <-> ch4
2026-06-16 17:40:04,881 [INFO]   Physical correlation: ch2 <-> ch5
2026-06-16 17:40:04,881 [INFO]   Physical correlation: ch2 <-> ch6
2026-06-16 17:40:04,882 [INFO]   Physical correlation: ch3 <-> ch4
2026-06-16 17:40:04,883 [INFO]   Physical correlation: ch3 <-> ch5
2026-06-16 17:40:04,884 [INFO]   Physical correlation: ch3 <-> ch6
2026-06-16 17:40:04,884 [INFO]   Physical correlation: ch4 <-> ch5
2026-06-16 17:40:04,885 [INFO]   Physical correlation: ch4 <-> ch6
2026-06-16 17:40:04,886 [INFO]   Physical correlation: ch5 <-> ch6
2026-06-16 17:40:04,887 [INFO] Initializing virtual mode correlation histograms...
2026-06-16 17:40:04,888 [INFO]   Within-mode (H3): ch1 <-> ch2
2026-06-16 17:40:04,889 [INFO]   Cross-mode: H3 <-> H4
2026-06-16 17:40:04,889 [INFO]   Cross-mode: H3 <-> H5
2026-06-16 17:40:04,890 [INFO]   Within-mode (H4): ch3 <-> ch4
2026-06-16 17:40:04,891 [INFO]   Cross-mode: H4 <-> H5
2026-06-16 17:40:04,892 [INFO]   Within-mode (H5): ch5 <-> ch6
2026-06-16 17:40:04,894 [INFO] Measurement starting for 3.000min / 0.050h
2026-06-16 17:43:07,039 [INFO] Measurements finished.
2026-06-16 17:43:07,040 [INFO] Collecting measurement data...
2026-06-16 17:43:07,041 [INFO] Collecting physical correlation data for (1,2)
2026-06-16 17:43:07,044 [INFO] Collecting physical correlation data for (1,3)
2026-06-16 17:43:07,045 [INFO] Collecting physical correlation data for (1,4)
2026-06-16 17:43:07,048 [INFO] Collecting physical correlation data for (1,5)
2026-06-16 17:43:07,051 [INFO] Collecting physical correlation data for (1,6)
2026-06-16 17:43:07,053 [INFO] Collecting physical correlation data for (2,3)
2026-06-16 17:43:07,055 [INFO] Collecting physical correlation data for (2,4)
2026-06-16 17:43:07,057 [INFO] Collecting physical correlation data for (2,5)
2026-06-16 17:43:07,060 [INFO] Collecting physical correlation data for (2,6)
2026-06-16 17:43:07,063 [INFO] Collecting physical correlation data for (3,4)
2026-06-16 17:43:07,066 [INFO] Collecting physical correlation data for (3,5)
2026-06-16 17:43:07,068 [INFO] Collecting physical correlation data for (3,6)
2026-06-16 17:43:07,070 [INFO] Collecting physical correlation data for (4,5)
2026-06-16 17:43:07,073 [INFO] Collecting physical correlation data for (4,6)
2026-06-16 17:43:07,075 [INFO] Collecting physical correlation data for (5,6)
2026-06-16 17:43:07,078 [INFO] Collecting virtual correlation data for (H3,H3)
2026-06-16 17:43:07,081 [INFO] Collecting virtual correlation data for (H3,H4)
2026-06-16 17:43:07,084 [INFO] Collecting virtual correlation data for (H3,H5)
2026-06-16 17:43:07,087 [INFO] Collecting virtual correlation data for (H4,H4)
2026-06-16 17:43:07,089 [INFO] Collecting virtual correlation data for (H4,H5)
2026-06-16 17:43:07,093 [INFO] Collecting virtual correlation data for (H5,H5)
2026-06-16 17:43:07,265 [INFO] Starting writing data to file.
2026-06-16 17:43:07,363 [INFO] Saved data.
2026-06-16 17:43:07,483 [INFO] Merging 1 chunks into running total...
2026-06-16 17:43:07,657 [INFO] ============================================================
2026-06-16 17:43:07,657 [INFO] STATUS REPORT | Duration: 6.00 min (0.100 h)
2026-06-16 17:43:07,658 [INFO] ============================================================
2026-06-16 17:43:07,659 [INFO] COUNTRATES (Physical):
2026-06-16 17:43:07,660 [INFO]   Ch 1: 1043.4 kHz (total: 375,640,726)
2026-06-16 17:43:07,661 [INFO]   Ch 2: 1442.3 kHz (total: 519,243,344)
2026-06-16 17:43:07,662 [INFO]   Ch 3: 2.3 kHz (total: 826,451)
2026-06-16 17:43:07,662 [INFO]   Ch 4: 3.0 kHz (total: 1,081,355)
2026-06-16 17:43:07,663 [INFO]   Ch 5: 645.0 kHz (total: 232,203,570)
2026-06-16 17:43:07,664 [INFO]   Ch 6: 195.6 kHz (total: 70,431,642)
2026-06-16 17:43:07,664 [INFO] COUNTRATES (Virtual):
2026-06-16 17:43:07,665 [INFO]   H3: 2485.8 kHz (total: 894,884,070)
2026-06-16 17:43:07,666 [INFO]   H4: 5.3 kHz (total: 1,907,806)
2026-06-16 17:43:07,666 [INFO]   H5: 840.7 kHz (total: 302,635,212)
2026-06-16 17:43:07,667 [INFO] ------------------------------------------------------------
2026-06-16 17:43:07,668 [INFO] COINCIDENCES (threshold: 50000)
2026-06-16 17:43:07,668 [INFO] ------------------------------------------------------------
2026-06-16 17:43:07,669 [INFO] Twofold (physical) (Reached Threshold):
2026-06-16 17:43:07,669 [INFO]   (1,2): 33,682,750 Y
2026-06-16 17:43:07,670 [INFO]   (1,3): 43,753 X
2026-06-16 17:43:07,671 [INFO]   (1,4): 56,827 Y
2026-06-16 17:43:07,671 [INFO]   (1,5): 14,992,937 Y
2026-06-16 17:43:07,672 [INFO]   (1,6): 4,468,476 Y
2026-06-16 17:43:07,673 [INFO]   (2,3): 60,378 Y
2026-06-16 17:43:07,673 [INFO]   (2,4): 78,369 Y
2026-06-16 17:43:07,674 [INFO]   (2,5): 20,408,577 Y
2026-06-16 17:43:07,674 [INFO]   (2,6): 6,102,868 Y
2026-06-16 17:43:07,675 [INFO]   (3,4): 124 X
2026-06-16 17:43:07,676 [INFO]   (3,5): 26,755 X
2026-06-16 17:43:07,676 [INFO]   (3,6): 8,123 X
2026-06-16 17:43:07,677 [INFO]   (4,5): 35,318 X
2026-06-16 17:43:07,677 [INFO]   (4,6): 10,636 X
2026-06-16 17:43:07,678 [INFO]   (5,6): 2,784,802 Y
2026-06-16 17:43:07,679 [INFO] ============================================================
2026-06-16 17:43:07,679 [INFO] >>> 6 combination(s) below threshold <<<
2026-06-16 17:43:07,680 [INFO] ============================================================
2026-06-16 17:43:07,762 [INFO] Updated merged data: C:\Users\QUANTUM\OneDrive - ENSTA\!Working files\HBT\HBT Data\Tests_Jun\2026-06-16_17-26-11_g2_heralded_virtual\MERGED\17-26-11_2026-06-16_73mW_num0_MERGED.pkl
2026-06-16 17:43:07,803 [INFO] Found 0 connected Time Tagger(s)
2026-06-16 17:43:09,416 [INFO] t:   1 s, Board temperature: 41.2 °C, FPGA temperature: 57.4 °C
2026-06-16 17:43:10,965 [INFO] t:   2 s, Board temperature: 41.2 °C, FPGA temperature: 57.5 °C
2026-06-16 17:43:12,553 [INFO] t:   3 s, Board temperature: 41.3 °C, FPGA temperature: 57.4 °C
2026-06-16 17:43:14,105 [INFO] t:   4 s, Board temperature: 41.2 °C, FPGA temperature: 57.4 °C
2026-06-16 17:43:15,651 [INFO] t:   5 s, Board temperature: 41.3 °C, FPGA temperature: 57.6 °C
2026-06-16 17:43:15,652 [INFO] The Time Tagger is warmed up.
2026-06-16 17:43:15,653 [INFO] Time Tagger initialized.
2026-06-16 17:43:15,654 [INFO] Chunk 3/3 | Elapsed: 9.0 min
2026-06-16 17:43:15,654 [INFO] Initializing experiment on Time Tagger.
2026-06-16 17:43:15,655 [INFO] Deadtime for channel 1: 0 ps
2026-06-16 17:43:15,656 [INFO] Deadtime for channel 2: 0 ps
2026-06-16 17:43:15,657 [INFO] Deadtime for channel 3: 0 ps
2026-06-16 17:43:15,658 [INFO] Deadtime for channel 4: 0 ps
2026-06-16 17:43:15,659 [INFO] Deadtime for channel 5: 0 ps
2026-06-16 17:43:15,659 [INFO] Deadtime for channel 6: 0 ps
2026-06-16 17:43:15,660 [INFO] Delays on channels enabled.
2026-06-16 17:43:15,660 [INFO] Delay for channel 1: requested=0 ps, actual=0 ps
2026-06-16 17:43:15,661 [INFO] Delay for channel 2: requested=-1000 ps, actual=-1000 ps
2026-06-16 17:43:15,662 [INFO] Delay for channel 3: requested=20000 ps, actual=20000 ps
2026-06-16 17:43:15,663 [INFO] Delay for channel 4: requested=16500 ps, actual=16500 ps
2026-06-16 17:43:15,663 [INFO] Delay for channel 5: requested=17800 ps, actual=17800 ps
2026-06-16 17:43:15,664 [INFO] Delay for channel 6: requested=17300 ps, actual=17300 ps
2026-06-16 17:43:15,665 [INFO] Executing synchronized correlation measurement.
2026-06-16 17:43:15,671 [INFO] Delays on channels enabled.
2026-06-16 17:43:15,672 [INFO] Delay for channel 1: requested=0 ps, actual=0 ps.
2026-06-16 17:43:15,673 [INFO] Delay for channel 2: requested=-1000 ps, actual=-1000 ps.
2026-06-16 17:43:15,674 [INFO] Delay for channel 3: requested=20000 ps, actual=20000 ps.
2026-06-16 17:43:15,674 [INFO] Delay for channel 4: requested=16500 ps, actual=16500 ps.
2026-06-16 17:43:15,675 [INFO] Delay for channel 5: requested=17800 ps, actual=17800 ps.
2026-06-16 17:43:15,676 [INFO] Delay for channel 6: requested=17300 ps, actual=17300 ps.
2026-06-16 17:43:15,676 [INFO] Initializing measurement with virtual mode channels for ALL heralding permutations.
2026-06-16 17:43:15,677 [INFO] Automatically generated modes from input: {'H3': [1, 2], 'H4': [3, 4], 'H5': [5, 6]}
2026-06-16 17:43:15,678 [INFO] Setting up virtual channels...
2026-06-16 17:43:15,679 [INFO] Initializing physical channel correlation histograms...
2026-06-16 17:43:15,679 [INFO]   Physical correlation: ch1 <-> ch2
2026-06-16 17:43:15,680 [INFO]   Physical correlation: ch1 <-> ch3
2026-06-16 17:43:15,681 [INFO]   Physical correlation: ch1 <-> ch4
2026-06-16 17:43:15,682 [INFO]   Physical correlation: ch1 <-> ch5
2026-06-16 17:43:15,683 [INFO]   Physical correlation: ch1 <-> ch6
2026-06-16 17:43:15,683 [INFO]   Physical correlation: ch2 <-> ch3
2026-06-16 17:43:15,684 [INFO]   Physical correlation: ch2 <-> ch4
2026-06-16 17:43:15,685 [INFO]   Physical correlation: ch2 <-> ch5
2026-06-16 17:43:15,685 [INFO]   Physical correlation: ch2 <-> ch6
2026-06-16 17:43:15,686 [INFO]   Physical correlation: ch3 <-> ch4
2026-06-16 17:43:15,687 [INFO]   Physical correlation: ch3 <-> ch5
2026-06-16 17:43:15,687 [INFO]   Physical correlation: ch3 <-> ch6
2026-06-16 17:43:15,688 [INFO]   Physical correlation: ch4 <-> ch5
2026-06-16 17:43:15,689 [INFO]   Physical correlation: ch4 <-> ch6
2026-06-16 17:43:15,690 [INFO]   Physical correlation: ch5 <-> ch6
2026-06-16 17:43:15,690 [INFO] Initializing virtual mode correlation histograms...
2026-06-16 17:43:15,691 [INFO]   Within-mode (H3): ch1 <-> ch2
2026-06-16 17:43:15,692 [INFO]   Cross-mode: H3 <-> H4
2026-06-16 17:43:15,692 [INFO]   Cross-mode: H3 <-> H5
2026-06-16 17:43:15,693 [INFO]   Within-mode (H4): ch3 <-> ch4
2026-06-16 17:43:15,694 [INFO]   Cross-mode: H4 <-> H5
2026-06-16 17:43:15,695 [INFO]   Within-mode (H5): ch5 <-> ch6
2026-06-16 17:43:15,696 [INFO] Measurement starting for 3.000min / 0.050h
2026-06-16 17:46:18,640 [INFO] Measurements finished.
2026-06-16 17:46:18,641 [INFO] Collecting measurement data...
2026-06-16 17:46:18,642 [INFO] Collecting physical correlation data for (1,2)
2026-06-16 17:46:18,646 [INFO] Collecting physical correlation data for (1,3)
2026-06-16 17:46:18,648 [INFO] Collecting physical correlation data for (1,4)
2026-06-16 17:46:18,652 [INFO] Collecting physical correlation data for (1,5)
2026-06-16 17:46:18,654 [INFO] Collecting physical correlation data for (1,6)
2026-06-16 17:46:18,657 [INFO] Collecting physical correlation data for (2,3)
2026-06-16 17:46:18,660 [INFO] Collecting physical correlation data for (2,4)
2026-06-16 17:46:18,663 [INFO] Collecting physical correlation data for (2,5)
2026-06-16 17:46:18,667 [INFO] Collecting physical correlation data for (2,6)
2026-06-16 17:46:18,670 [INFO] Collecting physical correlation data for (3,4)
2026-06-16 17:46:18,674 [INFO] Collecting physical correlation data for (3,5)
2026-06-16 17:46:18,676 [INFO] Collecting physical correlation data for (3,6)
2026-06-16 17:46:18,679 [INFO] Collecting physical correlation data for (4,5)
2026-06-16 17:46:18,681 [INFO] Collecting physical correlation data for (4,6)
2026-06-16 17:46:18,683 [INFO] Collecting physical correlation data for (5,6)
2026-06-16 17:46:18,686 [INFO] Collecting virtual correlation data for (H3,H3)
2026-06-16 17:46:18,689 [INFO] Collecting virtual correlation data for (H3,H4)
2026-06-16 17:46:18,692 [INFO] Collecting virtual correlation data for (H3,H5)
2026-06-16 17:46:18,696 [INFO] Collecting virtual correlation data for (H4,H4)
2026-06-16 17:46:18,700 [INFO] Collecting virtual correlation data for (H4,H5)
2026-06-16 17:46:18,703 [INFO] Collecting virtual correlation data for (H5,H5)
2026-06-16 17:46:19,014 [INFO] Starting writing data to file.
2026-06-16 17:46:19,108 [INFO] Saved data.
2026-06-16 17:46:19,271 [INFO] Merging 1 chunks into running total...
2026-06-16 17:46:19,461 [INFO] ============================================================
2026-06-16 17:46:19,462 [INFO] STATUS REPORT | Duration: 9.00 min (0.150 h)
2026-06-16 17:46:19,463 [INFO] ============================================================
2026-06-16 17:46:19,464 [INFO] COUNTRATES (Physical):
2026-06-16 17:46:19,464 [INFO]   Ch 1: 1043.6 kHz (total: 563,536,298)
2026-06-16 17:46:19,465 [INFO]   Ch 2: 1442.9 kHz (total: 779,177,528)
2026-06-16 17:46:19,466 [INFO]   Ch 3: 2.3 kHz (total: 1,239,567)
2026-06-16 17:46:19,467 [INFO]   Ch 4: 3.0 kHz (total: 1,623,097)
2026-06-16 17:46:19,468 [INFO]   Ch 5: 644.9 kHz (total: 348,240,782)
2026-06-16 17:46:19,469 [INFO]   Ch 6: 195.6 kHz (total: 105,637,532)
2026-06-16 17:46:19,469 [INFO] COUNTRATES (Virtual):
2026-06-16 17:46:19,470 [INFO]   H3: 2486.5 kHz (total: 1,342,713,826)
2026-06-16 17:46:19,471 [INFO]   H4: 5.3 kHz (total: 2,862,664)
2026-06-16 17:46:19,472 [INFO]   H5: 840.5 kHz (total: 453,878,314)
2026-06-16 17:46:19,472 [INFO] ------------------------------------------------------------
2026-06-16 17:46:19,473 [INFO] COINCIDENCES (threshold: 50000)
2026-06-16 17:46:19,474 [INFO] ------------------------------------------------------------
2026-06-16 17:46:19,475 [INFO] Twofold (physical) (Reached Threshold):
2026-06-16 17:46:19,476 [INFO]   (1,2): 50,578,628 Y
2026-06-16 17:46:19,477 [INFO]   (1,3): 65,609 Y
2026-06-16 17:46:19,477 [INFO]   (1,4): 85,455 Y
2026-06-16 17:46:19,478 [INFO]   (1,5): 22,496,314 Y
2026-06-16 17:46:19,479 [INFO]   (1,6): 6,705,567 Y
2026-06-16 17:46:19,480 [INFO]   (2,3): 90,376 Y
2026-06-16 17:46:19,481 [INFO]   (2,4): 117,518 Y
2026-06-16 17:46:19,482 [INFO]   (2,5): 30,631,653 Y
2026-06-16 17:46:19,483 [INFO]   (2,6): 9,155,101 Y
2026-06-16 17:46:19,484 [INFO]   (3,4): 183 X
2026-06-16 17:46:19,484 [INFO]   (3,5): 40,256 X
2026-06-16 17:46:19,485 [INFO]   (3,6): 12,282 X
2026-06-16 17:46:19,486 [INFO]   (4,5): 53,079 Y
2026-06-16 17:46:19,487 [INFO]   (4,6): 15,897 X
2026-06-16 17:46:19,488 [INFO]   (5,6): 4,179,224 Y
2026-06-16 17:46:19,489 [INFO] ============================================================
2026-06-16 17:46:19,490 [INFO] >>> 4 combination(s) below threshold <<<
2026-06-16 17:46:19,491 [INFO] ============================================================
2026-06-16 17:46:19,573 [INFO] Updated merged data: C:\Users\QUANTUM\OneDrive - ENSTA\!Working files\HBT\HBT Data\Tests_Jun\2026-06-16_17-26-11_g2_heralded_virtual\MERGED\17-26-11_2026-06-16_73mW_num0_MERGED.pkl
2026-06-16 17:46:19,682 [INFO] Final merged data saved to: C:\Users\QUANTUM\OneDrive - ENSTA\!Working files\HBT\HBT Data\Tests_Jun\2026-06-16_17-26-11_g2_heralded_virtual\MERGED\17-26-11_2026-06-16_73mW_num0_MERGED.pkl
2026-06-16 17:46:19,682 [INFO] Total merged duration: 9.00 min
2026-06-16 17:46:19,683 [INFO] Measurement completed in 9.60 min
2026-06-16 17:46:21,315 [INFO] Stage Position: 20.0
2026-06-16 17:46:21,316 [INFO] Starting chunked acquisition (max 3 chunks / 9.0 min)
2026-06-16 17:46:21,317 [INFO] Chunk duration: 3 min
2026-06-16 17:46:21,317 [INFO] Threshold: 50000 counts, checking every 1 chunks
2026-06-16 17:46:21,380 [INFO] Found 0 connected Time Tagger(s)
2026-06-16 17:46:22,992 [INFO] t:   1 s, Board temperature: 41.2 °C, FPGA temperature: 57.5 °C
2026-06-16 17:46:24,553 [INFO] t:   2 s, Board temperature: 41.2 °C, FPGA temperature: 57.4 °C
2026-06-16 17:46:26,115 [INFO] t:   3 s, Board temperature: 41.2 °C, FPGA temperature: 57.4 °C
2026-06-16 17:46:27,674 [INFO] t:   4 s, Board temperature: 41.3 °C, FPGA temperature: 57.3 °C
2026-06-16 17:46:29,219 [INFO] t:   5 s, Board temperature: 41.2 °C, FPGA temperature: 57.4 °C
2026-06-16 17:46:29,219 [INFO] The Time Tagger is warmed up.
2026-06-16 17:46:29,220 [INFO] Time Tagger initialized.
2026-06-16 17:46:29,221 [INFO] Chunk 1/3 | Elapsed: 3.0 min
2026-06-16 17:46:29,222 [INFO] Initializing experiment on Time Tagger.
2026-06-16 17:46:29,223 [INFO] Deadtime for channel 1: 0 ps
2026-06-16 17:46:29,224 [INFO] Deadtime for channel 2: 0 ps
2026-06-16 17:46:29,224 [INFO] Deadtime for channel 3: 0 ps
2026-06-16 17:46:29,225 [INFO] Deadtime for channel 4: 0 ps
2026-06-16 17:46:29,226 [INFO] Deadtime for channel 5: 0 ps
2026-06-16 17:46:29,227 [INFO] Deadtime for channel 6: 0 ps
2026-06-16 17:46:29,227 [INFO] Delays on channels enabled.
2026-06-16 17:46:29,228 [INFO] Delay for channel 1: requested=0 ps, actual=0 ps
2026-06-16 17:46:29,228 [INFO] Delay for channel 2: requested=-1000 ps, actual=-1000 ps
2026-06-16 17:46:29,229 [INFO] Delay for channel 3: requested=20000 ps, actual=20000 ps
2026-06-16 17:46:29,230 [INFO] Delay for channel 4: requested=16500 ps, actual=16500 ps
2026-06-16 17:46:29,230 [INFO] Delay for channel 5: requested=17800 ps, actual=17800 ps
2026-06-16 17:46:29,231 [INFO] Delay for channel 6: requested=17300 ps, actual=17300 ps
2026-06-16 17:46:29,232 [INFO] Executing synchronized correlation measurement.
2026-06-16 17:46:29,238 [INFO] Delays on channels enabled.
2026-06-16 17:46:29,238 [INFO] Delay for channel 1: requested=0 ps, actual=0 ps.
2026-06-16 17:46:29,240 [INFO] Delay for channel 2: requested=-1000 ps, actual=-1000 ps.
2026-06-16 17:46:29,240 [INFO] Delay for channel 3: requested=20000 ps, actual=20000 ps.
2026-06-16 17:46:29,241 [INFO] Delay for channel 4: requested=16500 ps, actual=16500 ps.
2026-06-16 17:46:29,242 [INFO] Delay for channel 5: requested=17800 ps, actual=17800 ps.
2026-06-16 17:46:29,243 [INFO] Delay for channel 6: requested=17300 ps, actual=17300 ps.
2026-06-16 17:46:29,243 [INFO] Initializing measurement with virtual mode channels for ALL heralding permutations.
2026-06-16 17:46:29,244 [INFO] Automatically generated modes from input: {'H3': [1, 2], 'H4': [3, 4], 'H5': [5, 6]}
2026-06-16 17:46:29,245 [INFO] Setting up virtual channels...
2026-06-16 17:46:29,246 [INFO] Initializing physical channel correlation histograms...
2026-06-16 17:46:29,247 [INFO]   Physical correlation: ch1 <-> ch2
2026-06-16 17:46:29,248 [INFO]   Physical correlation: ch1 <-> ch3
2026-06-16 17:46:29,248 [INFO]   Physical correlation: ch1 <-> ch4
2026-06-16 17:46:29,249 [INFO]   Physical correlation: ch1 <-> ch5
2026-06-16 17:46:29,250 [INFO]   Physical correlation: ch1 <-> ch6
2026-06-16 17:46:29,250 [INFO]   Physical correlation: ch2 <-> ch3
2026-06-16 17:46:29,251 [INFO]   Physical correlation: ch2 <-> ch4
2026-06-16 17:46:29,252 [INFO]   Physical correlation: ch2 <-> ch5
2026-06-16 17:46:29,252 [INFO]   Physical correlation: ch2 <-> ch6
2026-06-16 17:46:29,253 [INFO]   Physical correlation: ch3 <-> ch4
2026-06-16 17:46:29,254 [INFO]   Physical correlation: ch3 <-> ch5
2026-06-16 17:46:29,255 [INFO]   Physical correlation: ch3 <-> ch6
2026-06-16 17:46:29,255 [INFO]   Physical correlation: ch4 <-> ch5
2026-06-16 17:46:29,256 [INFO]   Physical correlation: ch4 <-> ch6
2026-06-16 17:46:29,257 [INFO]   Physical correlation: ch5 <-> ch6
2026-06-16 17:46:29,258 [INFO] Initializing virtual mode correlation histograms...
2026-06-16 17:46:29,258 [INFO]   Within-mode (H3): ch1 <-> ch2
2026-06-16 17:46:29,259 [INFO]   Cross-mode: H3 <-> H4
2026-06-16 17:46:29,260 [INFO]   Cross-mode: H3 <-> H5
2026-06-16 17:46:29,261 [INFO]   Within-mode (H4): ch3 <-> ch4
2026-06-16 17:46:29,262 [INFO]   Cross-mode: H4 <-> H5
2026-06-16 17:46:29,262 [INFO]   Within-mode (H5): ch5 <-> ch6
2026-06-16 17:46:29,264 [INFO] Measurement starting for 3.000min / 0.050h
2026-06-16 17:49:29,775 [INFO] Measurements finished.
2026-06-16 17:49:29,776 [INFO] Collecting measurement data...
2026-06-16 17:49:29,776 [INFO] Collecting physical correlation data for (1,2)
2026-06-16 17:49:29,779 [INFO] Collecting physical correlation data for (1,3)
2026-06-16 17:49:29,781 [INFO] Collecting physical correlation data for (1,4)
2026-06-16 17:49:29,783 [INFO] Collecting physical correlation data for (1,5)
2026-06-16 17:49:29,785 [INFO] Collecting physical correlation data for (1,6)
2026-06-16 17:49:29,787 [INFO] Collecting physical correlation data for (2,3)
2026-06-16 17:49:29,789 [INFO] Collecting physical correlation data for (2,4)
2026-06-16 17:49:29,790 [INFO] Collecting physical correlation data for (2,5)
2026-06-16 17:49:29,793 [INFO] Collecting physical correlation data for (2,6)
2026-06-16 17:49:29,795 [INFO] Collecting physical correlation data for (3,4)
2026-06-16 17:49:29,797 [INFO] Collecting physical correlation data for (3,5)
2026-06-16 17:49:29,799 [INFO] Collecting physical correlation data for (3,6)
2026-06-16 17:49:29,801 [INFO] Collecting physical correlation data for (4,5)
2026-06-16 17:49:29,803 [INFO] Collecting physical correlation data for (4,6)
2026-06-16 17:49:29,805 [INFO] Collecting physical correlation data for (5,6)
2026-06-16 17:49:29,807 [INFO] Collecting virtual correlation data for (H3,H3)
2026-06-16 17:49:29,810 [INFO] Collecting virtual correlation data for (H3,H4)
2026-06-16 17:49:29,812 [INFO] Collecting virtual correlation data for (H3,H5)
2026-06-16 17:49:29,814 [INFO] Collecting virtual correlation data for (H4,H4)
2026-06-16 17:49:29,816 [INFO] Collecting virtual correlation data for (H4,H5)
2026-06-16 17:49:29,818 [INFO] Collecting virtual correlation data for (H5,H5)
2026-06-16 17:49:29,854 [INFO] Starting writing data to file.
2026-06-16 17:49:29,939 [INFO] Saved data.
2026-06-16 17:49:30,068 [INFO] Merging 1 chunks into running total...
2026-06-16 17:49:30,069 [INFO] ============================================================
2026-06-16 17:49:30,069 [INFO] STATUS REPORT | Duration: 3.00 min (0.050 h)
2026-06-16 17:49:30,070 [INFO] ============================================================
2026-06-16 17:49:30,071 [INFO] COUNTRATES (Physical):
2026-06-16 17:49:30,072 [INFO]   Ch 1: 610.4 kHz (total: 109,878,695)
2026-06-16 17:49:30,073 [INFO]   Ch 2: 893.4 kHz (total: 160,812,731)
2026-06-16 17:49:30,074 [INFO]   Ch 3: 2.2 kHz (total: 400,226)
2026-06-16 17:49:30,074 [INFO]   Ch 4: 2.9 kHz (total: 529,480)
2026-06-16 17:49:30,075 [INFO]   Ch 5: 398.8 kHz (total: 71,781,936)
2026-06-16 17:49:30,076 [INFO]   Ch 6: 125.7 kHz (total: 22,630,675)
2026-06-16 17:49:30,076 [INFO] COUNTRATES (Virtual):
2026-06-16 17:49:30,076 [INFO]   H3: 1503.8 kHz (total: 270,691,426)
2026-06-16 17:49:30,077 [INFO]   H4: 5.2 kHz (total: 929,706)
2026-06-16 17:49:30,078 [INFO]   H5: 524.5 kHz (total: 94,412,611)
2026-06-16 17:49:30,078 [INFO] ------------------------------------------------------------
2026-06-16 17:49:30,078 [INFO] COINCIDENCES (threshold: 50000)
2026-06-16 17:49:30,079 [INFO] ------------------------------------------------------------
2026-06-16 17:49:30,079 [INFO] Twofold (physical) (Reached Threshold):
2026-06-16 17:49:30,080 [INFO]   (1,2): 7,061,231 Y
2026-06-16 17:49:30,082 [INFO]   (1,3): 12,483 X
2026-06-16 17:49:30,082 [INFO]   (1,4): 16,329 X
2026-06-16 17:49:30,083 [INFO]   (1,5): 3,135,433 Y
2026-06-16 17:49:30,084 [INFO]   (1,6): 965,371 Y
2026-06-16 17:49:30,084 [INFO]   (2,3): 18,267 X
2026-06-16 17:49:30,085 [INFO]   (2,4): 23,877 X
2026-06-16 17:49:30,086 [INFO]   (2,5): 4,503,659 Y
2026-06-16 17:49:30,086 [INFO]   (2,6): 1,387,949 Y
2026-06-16 17:49:30,087 [INFO]   (3,4): 65 X
2026-06-16 17:49:30,088 [INFO]   (3,5): 7,839 X
2026-06-16 17:49:30,088 [INFO]   (3,6): 2,482 X
2026-06-16 17:49:30,089 [INFO]   (4,5): 10,688 X
2026-06-16 17:49:30,090 [INFO]   (4,6): 3,448 X
2026-06-16 17:49:30,090 [INFO]   (5,6): 631,416 Y
2026-06-16 17:49:30,091 [INFO] ============================================================
2026-06-16 17:49:30,092 [INFO] >>> 9 combination(s) below threshold <<<
2026-06-16 17:49:30,092 [INFO] ============================================================
2026-06-16 17:49:30,177 [INFO] Updated merged data: C:\Users\QUANTUM\OneDrive - ENSTA\!Working files\HBT\HBT Data\Tests_Jun\2026-06-16_17-26-11_g2_heralded_virtual\MERGED\17-26-11_2026-06-16_56.1mW_num0_MERGED.pkl
2026-06-16 17:49:30,221 [INFO] Found 0 connected Time Tagger(s)
2026-06-16 17:49:31,852 [INFO] t:   1 s, Board temperature: 41.2 °C, FPGA temperature: 57.3 °C
2026-06-16 17:49:33,421 [INFO] t:   2 s, Board temperature: 41.2 °C, FPGA temperature: 57.4 °C
2026-06-16 17:49:34,987 [INFO] t:   3 s, Board temperature: 41.2 °C, FPGA temperature: 57.4 °C
2026-06-16 17:49:36,538 [INFO] t:   4 s, Board temperature: 41.2 °C, FPGA temperature: 57.4 °C
2026-06-16 17:49:38,083 [INFO] t:   5 s, Board temperature: 41.2 °C, FPGA temperature: 57.5 °C
2026-06-16 17:49:38,084 [INFO] The Time Tagger is warmed up.
2026-06-16 17:49:38,084 [INFO] Time Tagger initialized.
2026-06-16 17:49:38,086 [INFO] Chunk 2/3 | Elapsed: 6.0 min
2026-06-16 17:49:38,087 [INFO] Initializing experiment on Time Tagger.
2026-06-16 17:49:38,087 [INFO] Deadtime for channel 1: 0 ps
2026-06-16 17:49:38,088 [INFO] Deadtime for channel 2: 0 ps
2026-06-16 17:49:38,089 [INFO] Deadtime for channel 3: 0 ps
2026-06-16 17:49:38,090 [INFO] Deadtime for channel 4: 0 ps
2026-06-16 17:49:38,090 [INFO] Deadtime for channel 5: 0 ps
2026-06-16 17:49:38,091 [INFO] Deadtime for channel 6: 0 ps
2026-06-16 17:49:38,091 [INFO] Delays on channels enabled.
2026-06-16 17:49:38,092 [INFO] Delay for channel 1: requested=0 ps, actual=0 ps
2026-06-16 17:49:38,093 [INFO] Delay for channel 2: requested=-1000 ps, actual=-1000 ps
2026-06-16 17:49:38,093 [INFO] Delay for channel 3: requested=20000 ps, actual=20000 ps
2026-06-16 17:49:38,094 [INFO] Delay for channel 4: requested=16500 ps, actual=16500 ps
2026-06-16 17:49:38,095 [INFO] Delay for channel 5: requested=17800 ps, actual=17800 ps
2026-06-16 17:49:38,095 [INFO] Delay for channel 6: requested=17300 ps, actual=17300 ps
2026-06-16 17:49:38,096 [INFO] Executing synchronized correlation measurement.
2026-06-16 17:49:38,102 [INFO] Delays on channels enabled.
2026-06-16 17:49:38,103 [INFO] Delay for channel 1: requested=0 ps, actual=0 ps.
2026-06-16 17:49:38,103 [INFO] Delay for channel 2: requested=-1000 ps, actual=-1000 ps.
2026-06-16 17:49:38,104 [INFO] Delay for channel 3: requested=20000 ps, actual=20000 ps.
2026-06-16 17:49:38,105 [INFO] Delay for channel 4: requested=16500 ps, actual=16500 ps.
2026-06-16 17:49:38,105 [INFO] Delay for channel 5: requested=17800 ps, actual=17800 ps.
2026-06-16 17:49:38,106 [INFO] Delay for channel 6: requested=17300 ps, actual=17300 ps.
2026-06-16 17:49:38,107 [INFO] Initializing measurement with virtual mode channels for ALL heralding permutations.
2026-06-16 17:49:38,108 [INFO] Automatically generated modes from input: {'H3': [1, 2], 'H4': [3, 4], 'H5': [5, 6]}
2026-06-16 17:49:38,109 [INFO] Setting up virtual channels...
2026-06-16 17:49:38,110 [INFO] Initializing physical channel correlation histograms...
2026-06-16 17:49:38,111 [INFO]   Physical correlation: ch1 <-> ch2
2026-06-16 17:49:38,112 [INFO]   Physical correlation: ch1 <-> ch3
2026-06-16 17:49:38,112 [INFO]   Physical correlation: ch1 <-> ch4
2026-06-16 17:49:38,113 [INFO]   Physical correlation: ch1 <-> ch5
2026-06-16 17:49:38,114 [INFO]   Physical correlation: ch1 <-> ch6
2026-06-16 17:49:38,114 [INFO]   Physical correlation: ch2 <-> ch3
2026-06-16 17:49:38,115 [INFO]   Physical correlation: ch2 <-> ch4
2026-06-16 17:49:38,116 [INFO]   Physical correlation: ch2 <-> ch5
2026-06-16 17:49:38,117 [INFO]   Physical correlation: ch2 <-> ch6
2026-06-16 17:49:38,117 [INFO]   Physical correlation: ch3 <-> ch4
2026-06-16 17:49:38,118 [INFO]   Physical correlation: ch3 <-> ch5
2026-06-16 17:49:38,119 [INFO]   Physical correlation: ch3 <-> ch6
2026-06-16 17:49:38,119 [INFO]   Physical correlation: ch4 <-> ch5
2026-06-16 17:49:38,121 [INFO]   Physical correlation: ch4 <-> ch6
2026-06-16 17:49:38,121 [INFO]   Physical correlation: ch5 <-> ch6
2026-06-16 17:49:38,122 [INFO] Initializing virtual mode correlation histograms...
2026-06-16 17:49:38,123 [INFO]   Within-mode (H3): ch1 <-> ch2
2026-06-16 17:49:38,123 [INFO]   Cross-mode: H3 <-> H4
2026-06-16 17:49:38,124 [INFO]   Cross-mode: H3 <-> H5
2026-06-16 17:49:38,125 [INFO]   Within-mode (H4): ch3 <-> ch4
2026-06-16 17:49:38,125 [INFO]   Cross-mode: H4 <-> H5
2026-06-16 17:49:38,126 [INFO]   Within-mode (H5): ch5 <-> ch6
2026-06-16 17:49:38,128 [INFO] Measurement starting for 3.000min / 0.050h
2026-06-16 17:52:38,632 [INFO] Measurements finished.
2026-06-16 17:52:38,632 [INFO] Collecting measurement data...
2026-06-16 17:52:38,633 [INFO] Collecting physical correlation data for (1,2)
2026-06-16 17:52:38,635 [INFO] Collecting physical correlation data for (1,3)
2026-06-16 17:52:38,637 [INFO] Collecting physical correlation data for (1,4)
2026-06-16 17:52:38,639 [INFO] Collecting physical correlation data for (1,5)
2026-06-16 17:52:38,640 [INFO] Collecting physical correlation data for (1,6)
2026-06-16 17:52:38,642 [INFO] Collecting physical correlation data for (2,3)
2026-06-16 17:52:38,644 [INFO] Collecting physical correlation data for (2,4)
2026-06-16 17:52:38,646 [INFO] Collecting physical correlation data for (2,5)
2026-06-16 17:52:38,648 [INFO] Collecting physical correlation data for (2,6)
2026-06-16 17:52:38,651 [INFO] Collecting physical correlation data for (3,4)
2026-06-16 17:52:38,653 [INFO] Collecting physical correlation data for (3,5)
2026-06-16 17:52:38,655 [INFO] Collecting physical correlation data for (3,6)
2026-06-16 17:52:38,658 [INFO] Collecting physical correlation data for (4,5)
2026-06-16 17:52:38,660 [INFO] Collecting physical correlation data for (4,6)
2026-06-16 17:52:38,661 [INFO] Collecting physical correlation data for (5,6)
2026-06-16 17:52:38,663 [INFO] Collecting virtual correlation data for (H3,H3)
2026-06-16 17:52:38,666 [INFO] Collecting virtual correlation data for (H3,H4)
2026-06-16 17:52:38,669 [INFO] Collecting virtual correlation data for (H3,H5)
2026-06-16 17:52:38,672 [INFO] Collecting virtual correlation data for (H4,H4)
2026-06-16 17:52:38,674 [INFO] Collecting virtual correlation data for (H4,H5)
2026-06-16 17:52:38,676 [INFO] Collecting virtual correlation data for (H5,H5)
2026-06-16 17:52:38,697 [INFO] Starting writing data to file.
2026-06-16 17:52:38,779 [INFO] Saved data.
2026-06-16 17:52:38,890 [INFO] Merging 1 chunks into running total...
2026-06-16 17:52:39,057 [INFO] ============================================================
2026-06-16 17:52:39,058 [INFO] STATUS REPORT | Duration: 6.00 min (0.100 h)
2026-06-16 17:52:39,059 [INFO] ============================================================
2026-06-16 17:52:39,059 [INFO] COUNTRATES (Physical):
2026-06-16 17:52:39,060 [INFO]   Ch 1: 612.0 kHz (total: 220,305,542)
2026-06-16 17:52:39,061 [INFO]   Ch 2: 894.8 kHz (total: 322,127,698)
2026-06-16 17:52:39,062 [INFO]   Ch 3: 2.2 kHz (total: 800,699)
2026-06-16 17:52:39,063 [INFO]   Ch 4: 2.9 kHz (total: 1,061,633)
2026-06-16 17:52:39,064 [INFO]   Ch 5: 399.9 kHz (total: 143,954,985)
2026-06-16 17:52:39,065 [INFO]   Ch 6: 126.1 kHz (total: 45,397,508)
2026-06-16 17:52:39,065 [INFO] COUNTRATES (Virtual):
2026-06-16 17:52:39,066 [INFO]   H3: 1506.8 kHz (total: 542,433,240)
2026-06-16 17:52:39,067 [INFO]   H4: 5.2 kHz (total: 1,862,332)
2026-06-16 17:52:39,067 [INFO]   H5: 526.0 kHz (total: 189,352,493)
2026-06-16 17:52:39,068 [INFO] ------------------------------------------------------------
2026-06-16 17:52:39,069 [INFO] COINCIDENCES (threshold: 50000)
2026-06-16 17:52:39,069 [INFO] ------------------------------------------------------------
2026-06-16 17:52:39,070 [INFO] Twofold (physical) (Reached Threshold):
2026-06-16 17:52:39,070 [INFO]   (1,2): 14,190,752 Y
2026-06-16 17:52:39,071 [INFO]   (1,3): 25,013 X
2026-06-16 17:52:39,072 [INFO]   (1,4): 32,915 X
2026-06-16 17:52:39,073 [INFO]   (1,5): 6,301,899 Y
2026-06-16 17:52:39,073 [INFO]   (1,6): 1,942,383 Y
2026-06-16 17:52:39,074 [INFO]   (2,3): 36,487 X
2026-06-16 17:52:39,074 [INFO]   (2,4): 47,967 X
2026-06-16 17:52:39,075 [INFO]   (2,5): 9,049,872 Y
2026-06-16 17:52:39,076 [INFO]   (2,6): 2,790,126 Y
2026-06-16 17:52:39,076 [INFO]   (3,4): 132 X
2026-06-16 17:52:39,077 [INFO]   (3,5): 15,893 X
2026-06-16 17:52:39,077 [INFO]   (3,6): 5,054 X
2026-06-16 17:52:39,078 [INFO]   (4,5): 21,501 X
2026-06-16 17:52:39,079 [INFO]   (4,6): 6,826 X
2026-06-16 17:52:39,079 [INFO]   (5,6): 1,271,182 Y
2026-06-16 17:52:39,080 [INFO] ============================================================
2026-06-16 17:52:39,080 [INFO] >>> 9 combination(s) below threshold <<<
2026-06-16 17:52:39,081 [INFO] ============================================================
2026-06-16 17:52:39,165 [INFO] Updated merged data: C:\Users\QUANTUM\OneDrive - ENSTA\!Working files\HBT\HBT Data\Tests_Jun\2026-06-16_17-26-11_g2_heralded_virtual\MERGED\17-26-11_2026-06-16_56.1mW_num0_MERGED.pkl
2026-06-16 17:52:39,205 [INFO] Found 0 connected Time Tagger(s)
2026-06-16 17:52:40,827 [INFO] t:   1 s, Board temperature: 41.2 °C, FPGA temperature: 57.2 °C
2026-06-16 17:52:42,410 [INFO] t:   2 s, Board temperature: 41.1 °C, FPGA temperature: 57.2 °C
2026-06-16 17:52:43,989 [INFO] t:   3 s, Board temperature: 41.2 °C, FPGA temperature: 57.2 °C
2026-06-16 17:52:45,562 [INFO] t:   4 s, Board temperature: 41.1 °C, FPGA temperature: 57.3 °C
2026-06-16 17:52:47,120 [INFO] t:   5 s, Board temperature: 41.1 °C, FPGA temperature: 57.4 °C
2026-06-16 17:52:47,121 [INFO] The Time Tagger is warmed up.
2026-06-16 17:52:47,121 [INFO] Time Tagger initialized.
2026-06-16 17:52:47,123 [INFO] Chunk 3/3 | Elapsed: 9.0 min
2026-06-16 17:52:47,123 [INFO] Initializing experiment on Time Tagger.
2026-06-16 17:52:47,124 [INFO] Deadtime for channel 1: 0 ps
2026-06-16 17:52:47,125 [INFO] Deadtime for channel 2: 0 ps
2026-06-16 17:52:47,126 [INFO] Deadtime for channel 3: 0 ps
2026-06-16 17:52:47,127 [INFO] Deadtime for channel 4: 0 ps
2026-06-16 17:52:47,127 [INFO] Deadtime for channel 5: 0 ps
2026-06-16 17:52:47,128 [INFO] Deadtime for channel 6: 0 ps
2026-06-16 17:52:47,129 [INFO] Delays on channels enabled.
2026-06-16 17:52:47,129 [INFO] Delay for channel 1: requested=0 ps, actual=0 ps
2026-06-16 17:52:47,130 [INFO] Delay for channel 2: requested=-1000 ps, actual=-1000 ps
2026-06-16 17:52:47,131 [INFO] Delay for channel 3: requested=20000 ps, actual=20000 ps
2026-06-16 17:52:47,131 [INFO] Delay for channel 4: requested=16500 ps, actual=16500 ps
2026-06-16 17:52:47,132 [INFO] Delay for channel 5: requested=17800 ps, actual=17800 ps
2026-06-16 17:52:47,132 [INFO] Delay for channel 6: requested=17300 ps, actual=17300 ps
2026-06-16 17:52:47,133 [INFO] Executing synchronized correlation measurement.
2026-06-16 17:52:47,139 [INFO] Delays on channels enabled.
2026-06-16 17:52:47,140 [INFO] Delay for channel 1: requested=0 ps, actual=0 ps.
2026-06-16 17:52:47,140 [INFO] Delay for channel 2: requested=-1000 ps, actual=-1000 ps.
2026-06-16 17:52:47,141 [INFO] Delay for channel 3: requested=20000 ps, actual=20000 ps.
2026-06-16 17:52:47,142 [INFO] Delay for channel 4: requested=16500 ps, actual=16500 ps.
2026-06-16 17:52:47,143 [INFO] Delay for channel 5: requested=17800 ps, actual=17800 ps.
2026-06-16 17:52:47,144 [INFO] Delay for channel 6: requested=17300 ps, actual=17300 ps.
2026-06-16 17:52:47,145 [INFO] Initializing measurement with virtual mode channels for ALL heralding permutations.
2026-06-16 17:52:47,145 [INFO] Automatically generated modes from input: {'H3': [1, 2], 'H4': [3, 4], 'H5': [5, 6]}
2026-06-16 17:52:47,146 [INFO] Setting up virtual channels...
2026-06-16 17:52:47,147 [INFO] Initializing physical channel correlation histograms...
2026-06-16 17:52:47,148 [INFO]   Physical correlation: ch1 <-> ch2
2026-06-16 17:52:47,149 [INFO]   Physical correlation: ch1 <-> ch3
2026-06-16 17:52:47,149 [INFO]   Physical correlation: ch1 <-> ch4
2026-06-16 17:52:47,150 [INFO]   Physical correlation: ch1 <-> ch5
2026-06-16 17:52:47,151 [INFO]   Physical correlation: ch1 <-> ch6
2026-06-16 17:52:47,152 [INFO]   Physical correlation: ch2 <-> ch3
2026-06-16 17:52:47,152 [INFO]   Physical correlation: ch2 <-> ch4
2026-06-16 17:52:47,153 [INFO]   Physical correlation: ch2 <-> ch5
2026-06-16 17:52:47,154 [INFO]   Physical correlation: ch2 <-> ch6
2026-06-16 17:52:47,154 [INFO]   Physical correlation: ch3 <-> ch4
2026-06-16 17:52:47,155 [INFO]   Physical correlation: ch3 <-> ch5
2026-06-16 17:52:47,156 [INFO]   Physical correlation: ch3 <-> ch6
2026-06-16 17:52:47,157 [INFO]   Physical correlation: ch4 <-> ch5
2026-06-16 17:52:47,157 [INFO]   Physical correlation: ch4 <-> ch6
2026-06-16 17:52:47,158 [INFO]   Physical correlation: ch5 <-> ch6
2026-06-16 17:52:47,159 [INFO] Initializing virtual mode correlation histograms...
2026-06-16 17:52:47,160 [INFO]   Within-mode (H3): ch1 <-> ch2
2026-06-16 17:52:47,161 [INFO]   Cross-mode: H3 <-> H4
2026-06-16 17:52:47,162 [INFO]   Cross-mode: H3 <-> H5
2026-06-16 17:52:47,162 [INFO]   Within-mode (H4): ch3 <-> ch4
2026-06-16 17:52:47,163 [INFO]   Cross-mode: H4 <-> H5
2026-06-16 17:52:47,164 [INFO]   Within-mode (H5): ch5 <-> ch6
2026-06-16 17:52:47,166 [INFO] Measurement starting for 3.000min / 0.050h
2026-06-16 17:55:47,696 [INFO] Measurements finished.
2026-06-16 17:55:47,697 [INFO] Collecting measurement data...
2026-06-16 17:55:47,698 [INFO] Collecting physical correlation data for (1,2)
2026-06-16 17:55:47,700 [INFO] Collecting physical correlation data for (1,3)
2026-06-16 17:55:47,703 [INFO] Collecting physical correlation data for (1,4)
2026-06-16 17:55:47,705 [INFO] Collecting physical correlation data for (1,5)
2026-06-16 17:55:47,706 [INFO] Collecting physical correlation data for (1,6)
2026-06-16 17:55:47,708 [INFO] Collecting physical correlation data for (2,3)
2026-06-16 17:55:47,710 [INFO] Collecting physical correlation data for (2,4)
2026-06-16 17:55:47,713 [INFO] Collecting physical correlation data for (2,5)
2026-06-16 17:55:47,715 [INFO] Collecting physical correlation data for (2,6)
2026-06-16 17:55:47,717 [INFO] Collecting physical correlation data for (3,4)
2026-06-16 17:55:47,719 [INFO] Collecting physical correlation data for (3,5)
2026-06-16 17:55:47,721 [INFO] Collecting physical correlation data for (3,6)
2026-06-16 17:55:47,723 [INFO] Collecting physical correlation data for (4,5)
2026-06-16 17:55:47,725 [INFO] Collecting physical correlation data for (4,6)
2026-06-16 17:55:47,727 [INFO] Collecting physical correlation data for (5,6)
2026-06-16 17:55:47,730 [INFO] Collecting virtual correlation data for (H3,H3)
2026-06-16 17:55:47,732 [INFO] Collecting virtual correlation data for (H3,H4)
2026-06-16 17:55:47,735 [INFO] Collecting virtual correlation data for (H3,H5)
2026-06-16 17:55:47,738 [INFO] Collecting virtual correlation data for (H4,H4)
2026-06-16 17:55:47,740 [INFO] Collecting virtual correlation data for (H4,H5)
2026-06-16 17:55:47,742 [INFO] Collecting virtual correlation data for (H5,H5)
2026-06-16 17:55:47,765 [INFO] Starting writing data to file.
2026-06-16 17:55:47,852 [INFO] Saved data.
2026-06-16 17:55:47,979 [INFO] Merging 1 chunks into running total...
2026-06-16 17:55:48,157 [INFO] ============================================================
2026-06-16 17:55:48,158 [INFO] STATUS REPORT | Duration: 9.00 min (0.150 h)
2026-06-16 17:55:48,159 [INFO] ============================================================
2026-06-16 17:55:48,160 [INFO] COUNTRATES (Physical):
2026-06-16 17:55:48,161 [INFO]   Ch 1: 611.7 kHz (total: 330,327,422)
2026-06-16 17:55:48,161 [INFO]   Ch 2: 894.7 kHz (total: 483,150,356)
2026-06-16 17:55:48,162 [INFO]   Ch 3: 2.2 kHz (total: 1,200,401)
2026-06-16 17:55:48,163 [INFO]   Ch 4: 2.9 kHz (total: 1,592,680)
2026-06-16 17:55:48,164 [INFO]   Ch 5: 399.4 kHz (total: 215,684,839)
2026-06-16 17:55:48,165 [INFO]   Ch 6: 125.9 kHz (total: 67,981,160)
2026-06-16 17:55:48,166 [INFO] COUNTRATES (Virtual):
2026-06-16 17:55:48,166 [INFO]   H3: 1506.4 kHz (total: 813,477,778)
2026-06-16 17:55:48,167 [INFO]   H4: 5.2 kHz (total: 2,793,081)
2026-06-16 17:55:48,168 [INFO]   H5: 525.3 kHz (total: 283,665,999)
2026-06-16 17:55:48,168 [INFO] ------------------------------------------------------------
2026-06-16 17:55:48,169 [INFO] COINCIDENCES (threshold: 50000)
2026-06-16 17:55:48,169 [INFO] ------------------------------------------------------------
2026-06-16 17:55:48,170 [INFO] Twofold (physical) (Reached Threshold):
2026-06-16 17:55:48,171 [INFO]   (1,2): 21,280,506 Y
2026-06-16 17:55:48,171 [INFO]   (1,3): 37,310 X
2026-06-16 17:55:48,172 [INFO]   (1,4): 49,300 X
2026-06-16 17:55:48,172 [INFO]   (1,5): 9,439,446 Y
2026-06-16 17:55:48,173 [INFO]   (1,6): 2,907,718 Y
2026-06-16 17:55:48,174 [INFO]   (2,3): 54,801 Y
2026-06-16 17:55:48,174 [INFO]   (2,4): 72,168 Y
2026-06-16 17:55:48,175 [INFO]   (2,5): 13,561,056 Y
2026-06-16 17:55:48,176 [INFO]   (2,6): 4,178,204 Y
2026-06-16 17:55:48,176 [INFO]   (3,4): 196 X
2026-06-16 17:55:48,177 [INFO]   (3,5): 23,933 X
2026-06-16 17:55:48,177 [INFO]   (3,6): 7,612 X
2026-06-16 17:55:48,178 [INFO]   (4,5): 32,146 X
2026-06-16 17:55:48,178 [INFO]   (4,6): 10,224 X
2026-06-16 17:55:48,179 [INFO]   (5,6): 1,900,093 Y
2026-06-16 17:55:48,180 [INFO] ============================================================
2026-06-16 17:55:48,181 [INFO] >>> 7 combination(s) below threshold <<<
2026-06-16 17:55:48,181 [INFO] ============================================================
2026-06-16 17:55:48,266 [INFO] Updated merged data: C:\Users\QUANTUM\OneDrive - ENSTA\!Working files\HBT\HBT Data\Tests_Jun\2026-06-16_17-26-11_g2_heralded_virtual\MERGED\17-26-11_2026-06-16_56.1mW_num0_MERGED.pkl
2026-06-16 17:55:48,348 [INFO] Final merged data saved to: C:\Users\QUANTUM\OneDrive - ENSTA\!Working files\HBT\HBT Data\Tests_Jun\2026-06-16_17-26-11_g2_heralded_virtual\MERGED\17-26-11_2026-06-16_56.1mW_num0_MERGED.pkl
2026-06-16 17:55:48,349 [INFO] Total merged duration: 9.00 min
2026-06-16 17:55:48,349 [INFO] Measurement completed in 9.48 min
2026-06-16 17:55:49,976 [INFO] Stage Position: 25.0
2026-06-16 17:55:49,976 [INFO] Starting chunked acquisition (max 3 chunks / 9.0 min)
2026-06-16 17:55:49,977 [INFO] Chunk duration: 3 min
2026-06-16 17:55:49,978 [INFO] Threshold: 50000 counts, checking every 1 chunks
2026-06-16 17:55:50,040 [INFO] Found 0 connected Time Tagger(s)
2026-06-16 17:55:51,645 [INFO] t:   1 s, Board temperature: 41.2 °C, FPGA temperature: 57.4 °C
2026-06-16 17:55:53,216 [INFO] t:   2 s, Board temperature: 41.2 °C, FPGA temperature: 57.5 °C
2026-06-16 17:55:54,783 [INFO] t:   3 s, Board temperature: 41.3 °C, FPGA temperature: 57.4 °C
2026-06-16 17:55:56,338 [INFO] t:   4 s, Board temperature: 41.2 °C, FPGA temperature: 57.2 °C
2026-06-16 17:55:57,881 [INFO] t:   5 s, Board temperature: 41.2 °C, FPGA temperature: 57.4 °C
2026-06-16 17:55:57,882 [INFO] The Time Tagger is warmed up.
2026-06-16 17:55:57,883 [INFO] Time Tagger initialized.
2026-06-16 17:55:57,884 [INFO] Chunk 1/3 | Elapsed: 3.0 min
2026-06-16 17:55:57,885 [INFO] Initializing experiment on Time Tagger.
2026-06-16 17:55:57,886 [INFO] Deadtime for channel 1: 0 ps
2026-06-16 17:55:57,887 [INFO] Deadtime for channel 2: 0 ps
2026-06-16 17:55:57,887 [INFO] Deadtime for channel 3: 0 ps
2026-06-16 17:55:57,888 [INFO] Deadtime for channel 4: 0 ps
2026-06-16 17:55:57,889 [INFO] Deadtime for channel 5: 0 ps
2026-06-16 17:55:57,889 [INFO] Deadtime for channel 6: 0 ps
2026-06-16 17:55:57,890 [INFO] Delays on channels enabled.
2026-06-16 17:55:57,890 [INFO] Delay for channel 1: requested=0 ps, actual=0 ps
2026-06-16 17:55:57,891 [INFO] Delay for channel 2: requested=-1000 ps, actual=-1000 ps
2026-06-16 17:55:57,892 [INFO] Delay for channel 3: requested=20000 ps, actual=20000 ps
2026-06-16 17:55:57,893 [INFO] Delay for channel 4: requested=16500 ps, actual=16500 ps
2026-06-16 17:55:57,893 [INFO] Delay for channel 5: requested=17800 ps, actual=17800 ps
2026-06-16 17:55:57,894 [INFO] Delay for channel 6: requested=17300 ps, actual=17300 ps
2026-06-16 17:55:57,894 [INFO] Executing synchronized correlation measurement.
2026-06-16 17:55:57,895 [INFO] Delays on channels enabled.
2026-06-16 17:55:57,896 [INFO] Delay for channel 1: requested=0 ps, actual=0 ps.
2026-06-16 17:55:57,897 [INFO] Delay for channel 2: requested=-1000 ps, actual=-1000 ps.
2026-06-16 17:55:57,897 [INFO] Delay for channel 3: requested=20000 ps, actual=20000 ps.
2026-06-16 17:55:57,898 [INFO] Delay for channel 4: requested=16500 ps, actual=16500 ps.
2026-06-16 17:55:57,898 [INFO] Delay for channel 5: requested=17800 ps, actual=17800 ps.
2026-06-16 17:55:57,899 [INFO] Delay for channel 6: requested=17300 ps, actual=17300 ps.
2026-06-16 17:55:57,900 [INFO] Initializing measurement with virtual mode channels for ALL heralding permutations.
2026-06-16 17:55:57,901 [INFO] Automatically generated modes from input: {'H3': [1, 2], 'H4': [3, 4], 'H5': [5, 6]}
2026-06-16 17:55:57,901 [INFO] Setting up virtual channels...
2026-06-16 17:55:57,902 [INFO] Initializing physical channel correlation histograms...
2026-06-16 17:55:57,903 [INFO]   Physical correlation: ch1 <-> ch2
2026-06-16 17:55:57,904 [INFO]   Physical correlation: ch1 <-> ch3
2026-06-16 17:55:57,904 [INFO]   Physical correlation: ch1 <-> ch4
2026-06-16 17:55:57,905 [INFO]   Physical correlation: ch1 <-> ch5
2026-06-16 17:55:57,906 [INFO]   Physical correlation: ch1 <-> ch6
2026-06-16 17:55:57,906 [INFO]   Physical correlation: ch2 <-> ch3
2026-06-16 17:55:57,907 [INFO]   Physical correlation: ch2 <-> ch4
2026-06-16 17:55:57,908 [INFO]   Physical correlation: ch2 <-> ch5
2026-06-16 17:55:57,908 [INFO]   Physical correlation: ch2 <-> ch6
2026-06-16 17:55:57,909 [INFO]   Physical correlation: ch3 <-> ch4
2026-06-16 17:55:57,910 [INFO]   Physical correlation: ch3 <-> ch5
2026-06-16 17:55:57,910 [INFO]   Physical correlation: ch3 <-> ch6
2026-06-16 17:55:57,911 [INFO]   Physical correlation: ch4 <-> ch5
2026-06-16 17:55:57,912 [INFO]   Physical correlation: ch4 <-> ch6
2026-06-16 17:55:57,912 [INFO]   Physical correlation: ch5 <-> ch6
2026-06-16 17:55:57,913 [INFO] Initializing virtual mode correlation histograms...
2026-06-16 17:55:57,914 [INFO]   Within-mode (H3): ch1 <-> ch2
2026-06-16 17:55:57,914 [INFO]   Cross-mode: H3 <-> H4
2026-06-16 17:55:57,915 [INFO]   Cross-mode: H3 <-> H5
2026-06-16 17:55:57,916 [INFO]   Within-mode (H4): ch3 <-> ch4
2026-06-16 17:55:57,916 [INFO]   Cross-mode: H4 <-> H5
2026-06-16 17:55:57,917 [INFO]   Within-mode (H5): ch5 <-> ch6
2026-06-16 17:55:57,919 [INFO] Measurement starting for 3.000min / 0.050h
2026-06-16 17:58:58,096 [INFO] Measurements finished.
2026-06-16 17:58:58,097 [INFO] Collecting measurement data...
2026-06-16 17:58:58,098 [INFO] Collecting physical correlation data for (1,2)
2026-06-16 17:58:58,101 [INFO] Collecting physical correlation data for (1,3)
2026-06-16 17:58:58,102 [INFO] Collecting physical correlation data for (1,4)
2026-06-16 17:58:58,104 [INFO] Collecting physical correlation data for (1,5)
2026-06-16 17:58:58,107 [INFO] Collecting physical correlation data for (1,6)
2026-06-16 17:58:58,109 [INFO] Collecting physical correlation data for (2,3)
2026-06-16 17:58:58,111 [INFO] Collecting physical correlation data for (2,4)
2026-06-16 17:58:58,113 [INFO] Collecting physical correlation data for (2,5)
2026-06-16 17:58:58,115 [INFO] Collecting physical correlation data for (2,6)
2026-06-16 17:58:58,117 [INFO] Collecting physical correlation data for (3,4)
2026-06-16 17:58:58,119 [INFO] Collecting physical correlation data for (3,5)
2026-06-16 17:58:58,121 [INFO] Collecting physical correlation data for (3,6)
2026-06-16 17:58:58,123 [INFO] Collecting physical correlation data for (4,5)
2026-06-16 17:58:58,125 [INFO] Collecting physical correlation data for (4,6)
2026-06-16 17:58:58,127 [INFO] Collecting physical correlation data for (5,6)
2026-06-16 17:58:58,129 [INFO] Collecting virtual correlation data for (H3,H3)
2026-06-16 17:58:58,131 [INFO] Collecting virtual correlation data for (H3,H4)
2026-06-16 17:58:58,133 [INFO] Collecting virtual correlation data for (H3,H5)
2026-06-16 17:58:58,135 [INFO] Collecting virtual correlation data for (H4,H4)
2026-06-16 17:58:58,137 [INFO] Collecting virtual correlation data for (H4,H5)
2026-06-16 17:58:58,140 [INFO] Collecting virtual correlation data for (H5,H5)
2026-06-16 17:58:58,159 [INFO] Starting writing data to file.
2026-06-16 17:58:58,240 [INFO] Saved data.
2026-06-16 17:58:58,354 [INFO] Merging 1 chunks into running total...
2026-06-16 17:58:58,355 [INFO] ============================================================
2026-06-16 17:58:58,356 [INFO] STATUS REPORT | Duration: 3.00 min (0.050 h)
2026-06-16 17:58:58,357 [INFO] ============================================================
2026-06-16 17:58:58,358 [INFO] COUNTRATES (Physical):
2026-06-16 17:58:58,359 [INFO]   Ch 1: 278.6 kHz (total: 50,139,905)
2026-06-16 17:58:58,360 [INFO]   Ch 2: 430.0 kHz (total: 77,397,766)
2026-06-16 17:58:58,361 [INFO]   Ch 3: 2.2 kHz (total: 392,387)
2026-06-16 17:58:58,362 [INFO]   Ch 4: 2.9 kHz (total: 524,968)
2026-06-16 17:58:58,363 [INFO]   Ch 5: 188.8 kHz (total: 33,977,231)
2026-06-16 17:58:58,364 [INFO]   Ch 6: 61.9 kHz (total: 11,144,209)
2026-06-16 17:58:58,365 [INFO] COUNTRATES (Virtual):
2026-06-16 17:58:58,365 [INFO]   H3: 708.5 kHz (total: 127,537,671)
2026-06-16 17:58:58,366 [INFO]   H4: 5.1 kHz (total: 917,355)
2026-06-16 17:58:58,367 [INFO]   H5: 250.7 kHz (total: 45,121,440)
2026-06-16 17:58:58,368 [INFO] ------------------------------------------------------------
2026-06-16 17:58:58,368 [INFO] COINCIDENCES (threshold: 50000)
2026-06-16 17:58:58,369 [INFO] ------------------------------------------------------------
2026-06-16 17:58:58,370 [INFO] Twofold (physical) (Reached Threshold):
2026-06-16 17:58:58,370 [INFO]   (1,2): 1,953,510 Y
2026-06-16 17:58:58,371 [INFO]   (1,3): 5,619 X
2026-06-16 17:58:58,372 [INFO]   (1,4): 7,372 X
2026-06-16 17:58:58,373 [INFO]   (1,5): 871,370 Y
2026-06-16 17:58:58,373 [INFO]   (1,6): 279,857 Y
2026-06-16 17:58:58,374 [INFO]   (2,3): 8,608 X
2026-06-16 17:58:58,375 [INFO]   (2,4): 11,267 X
2026-06-16 17:58:58,375 [INFO]   (2,5): 1,319,999 Y
2026-06-16 17:58:58,376 [INFO]   (2,6): 423,712 Y
2026-06-16 17:58:58,377 [INFO]   (3,4): 52 X
2026-06-16 17:58:58,377 [INFO]   (3,5): 3,754 X
2026-06-16 17:58:58,378 [INFO]   (3,6): 1,224 X
2026-06-16 17:58:58,378 [INFO]   (4,5): 4,933 X
2026-06-16 17:58:58,379 [INFO]   (4,6): 1,631 X
2026-06-16 17:58:58,380 [INFO]   (5,6): 192,573 Y
2026-06-16 17:58:58,380 [INFO] ============================================================
2026-06-16 17:58:58,381 [INFO] >>> 9 combination(s) below threshold <<<
2026-06-16 17:58:58,382 [INFO] ============================================================
2026-06-16 17:58:58,462 [INFO] Updated merged data: C:\Users\QUANTUM\OneDrive - ENSTA\!Working files\HBT\HBT Data\Tests_Jun\2026-06-16_17-26-11_g2_heralded_virtual\MERGED\17-26-11_2026-06-16_39.8mW_num0_MERGED.pkl
2026-06-16 17:58:58,504 [INFO] Found 0 connected Time Tagger(s)
2026-06-16 17:59:00,128 [INFO] t:   1 s, Board temperature: 41.1 °C, FPGA temperature: 57.5 °C
2026-06-16 17:59:01,689 [INFO] t:   2 s, Board temperature: 41.1 °C, FPGA temperature: 57.6 °C
2026-06-16 17:59:03,244 [INFO] t:   3 s, Board temperature: 41.3 °C, FPGA temperature: 57.4 °C
2026-06-16 17:59:04,799 [INFO] t:   4 s, Board temperature: 41.3 °C, FPGA temperature: 57.4 °C
2026-06-16 17:59:06,347 [INFO] t:   5 s, Board temperature: 41.3 °C, FPGA temperature: 57.4 °C
2026-06-16 17:59:06,347 [INFO] The Time Tagger is warmed up.
2026-06-16 17:59:06,349 [INFO] Time Tagger initialized.
2026-06-16 17:59:06,350 [INFO] Chunk 2/3 | Elapsed: 6.0 min
2026-06-16 17:59:06,350 [INFO] Initializing experiment on Time Tagger.
2026-06-16 17:59:06,351 [INFO] Deadtime for channel 1: 0 ps
2026-06-16 17:59:06,352 [INFO] Deadtime for channel 2: 0 ps
2026-06-16 17:59:06,353 [INFO] Deadtime for channel 3: 0 ps
2026-06-16 17:59:06,354 [INFO] Deadtime for channel 4: 0 ps
2026-06-16 17:59:06,354 [INFO] Deadtime for channel 5: 0 ps
2026-06-16 17:59:06,355 [INFO] Deadtime for channel 6: 0 ps
2026-06-16 17:59:06,355 [INFO] Delays on channels enabled.
2026-06-16 17:59:06,356 [INFO] Delay for channel 1: requested=0 ps, actual=0 ps
2026-06-16 17:59:06,357 [INFO] Delay for channel 2: requested=-1000 ps, actual=-1000 ps
2026-06-16 17:59:06,357 [INFO] Delay for channel 3: requested=20000 ps, actual=20000 ps
2026-06-16 17:59:06,358 [INFO] Delay for channel 4: requested=16500 ps, actual=16500 ps
2026-06-16 17:59:06,359 [INFO] Delay for channel 5: requested=17800 ps, actual=17800 ps
2026-06-16 17:59:06,359 [INFO] Delay for channel 6: requested=17300 ps, actual=17300 ps
2026-06-16 17:59:06,360 [INFO] Executing synchronized correlation measurement.
2026-06-16 17:59:06,361 [INFO] Delays on channels enabled.
2026-06-16 17:59:06,361 [INFO] Delay for channel 1: requested=0 ps, actual=0 ps.
2026-06-16 17:59:06,362 [INFO] Delay for channel 2: requested=-1000 ps, actual=-1000 ps.
2026-06-16 17:59:06,363 [INFO] Delay for channel 3: requested=20000 ps, actual=20000 ps.
2026-06-16 17:59:06,363 [INFO] Delay for channel 4: requested=16500 ps, actual=16500 ps.
2026-06-16 17:59:06,364 [INFO] Delay for channel 5: requested=17800 ps, actual=17800 ps.
2026-06-16 17:59:06,364 [INFO] Delay for channel 6: requested=17300 ps, actual=17300 ps.
2026-06-16 17:59:06,365 [INFO] Initializing measurement with virtual mode channels for ALL heralding permutations.
2026-06-16 17:59:06,366 [INFO] Automatically generated modes from input: {'H3': [1, 2], 'H4': [3, 4], 'H5': [5, 6]}
2026-06-16 17:59:06,366 [INFO] Setting up virtual channels...
2026-06-16 17:59:06,367 [INFO] Initializing physical channel correlation histograms...
2026-06-16 17:59:06,368 [INFO]   Physical correlation: ch1 <-> ch2
2026-06-16 17:59:06,369 [INFO]   Physical correlation: ch1 <-> ch3
2026-06-16 17:59:06,369 [INFO]   Physical correlation: ch1 <-> ch4
2026-06-16 17:59:06,370 [INFO]   Physical correlation: ch1 <-> ch5
2026-06-16 17:59:06,371 [INFO]   Physical correlation: ch1 <-> ch6
2026-06-16 17:59:06,371 [INFO]   Physical correlation: ch2 <-> ch3
2026-06-16 17:59:06,372 [INFO]   Physical correlation: ch2 <-> ch4
2026-06-16 17:59:06,373 [INFO]   Physical correlation: ch2 <-> ch5
2026-06-16 17:59:06,374 [INFO]   Physical correlation: ch2 <-> ch6
2026-06-16 17:59:06,374 [INFO]   Physical correlation: ch3 <-> ch4
2026-06-16 17:59:06,375 [INFO]   Physical correlation: ch3 <-> ch5
2026-06-16 17:59:06,376 [INFO]   Physical correlation: ch3 <-> ch6
2026-06-16 17:59:06,376 [INFO]   Physical correlation: ch4 <-> ch5
2026-06-16 17:59:06,377 [INFO]   Physical correlation: ch4 <-> ch6
2026-06-16 17:59:06,377 [INFO]   Physical correlation: ch5 <-> ch6
2026-06-16 17:59:06,378 [INFO] Initializing virtual mode correlation histograms...
2026-06-16 17:59:06,379 [INFO]   Within-mode (H3): ch1 <-> ch2
2026-06-16 17:59:06,379 [INFO]   Cross-mode: H3 <-> H4
2026-06-16 17:59:06,380 [INFO]   Cross-mode: H3 <-> H5
2026-06-16 17:59:06,381 [INFO]   Within-mode (H4): ch3 <-> ch4
2026-06-16 17:59:06,382 [INFO]   Cross-mode: H4 <-> H5
2026-06-16 17:59:06,382 [INFO]   Within-mode (H5): ch5 <-> ch6
2026-06-16 17:59:06,384 [INFO] Measurement starting for 3.000min / 0.050h
2026-06-16 18:02:06,557 [INFO] Measurements finished.
2026-06-16 18:02:06,558 [INFO] Collecting measurement data...
2026-06-16 18:02:06,559 [INFO] Collecting physical correlation data for (1,2)
2026-06-16 18:02:06,561 [INFO] Collecting physical correlation data for (1,3)
2026-06-16 18:02:06,563 [INFO] Collecting physical correlation data for (1,4)
2026-06-16 18:02:06,565 [INFO] Collecting physical correlation data for (1,5)
2026-06-16 18:02:06,567 [INFO] Collecting physical correlation data for (1,6)
2026-06-16 18:02:06,569 [INFO] Collecting physical correlation data for (2,3)
2026-06-16 18:02:06,571 [INFO] Collecting physical correlation data for (2,4)
2026-06-16 18:02:06,574 [INFO] Collecting physical correlation data for (2,5)
2026-06-16 18:02:06,576 [INFO] Collecting physical correlation data for (2,6)
2026-06-16 18:02:06,579 [INFO] Collecting physical correlation data for (3,4)
2026-06-16 18:02:06,581 [INFO] Collecting physical correlation data for (3,5)
2026-06-16 18:02:06,583 [INFO] Collecting physical correlation data for (3,6)
2026-06-16 18:02:06,586 [INFO] Collecting physical correlation data for (4,5)
2026-06-16 18:02:06,588 [INFO] Collecting physical correlation data for (4,6)
2026-06-16 18:02:06,590 [INFO] Collecting physical correlation data for (5,6)
2026-06-16 18:02:06,593 [INFO] Collecting virtual correlation data for (H3,H3)
2026-06-16 18:02:06,595 [INFO] Collecting virtual correlation data for (H3,H4)
2026-06-16 18:02:06,597 [INFO] Collecting virtual correlation data for (H3,H5)
2026-06-16 18:02:06,600 [INFO] Collecting virtual correlation data for (H4,H4)
2026-06-16 18:02:06,602 [INFO] Collecting virtual correlation data for (H4,H5)
2026-06-16 18:02:06,604 [INFO] Collecting virtual correlation data for (H5,H5)
2026-06-16 18:02:06,624 [INFO] Starting writing data to file.
2026-06-16 18:02:06,707 [INFO] Saved data.
2026-06-16 18:02:06,810 [INFO] Merging 1 chunks into running total...
2026-06-16 18:02:06,972 [INFO] ============================================================
2026-06-16 18:02:06,973 [INFO] STATUS REPORT | Duration: 6.00 min (0.100 h)
2026-06-16 18:02:06,974 [INFO] ============================================================
2026-06-16 18:02:06,974 [INFO] COUNTRATES (Physical):
2026-06-16 18:02:06,975 [INFO]   Ch 1: 280.2 kHz (total: 100,859,579)
2026-06-16 18:02:06,976 [INFO]   Ch 2: 432.2 kHz (total: 155,593,281)
2026-06-16 18:02:06,976 [INFO]   Ch 3: 2.2 kHz (total: 785,861)
2026-06-16 18:02:06,978 [INFO]   Ch 4: 2.9 kHz (total: 1,049,268)
2026-06-16 18:02:06,979 [INFO]   Ch 5: 189.7 kHz (total: 68,305,732)
2026-06-16 18:02:06,979 [INFO]   Ch 6: 62.2 kHz (total: 22,382,095)
2026-06-16 18:02:06,980 [INFO] COUNTRATES (Virtual):
2026-06-16 18:02:06,980 [INFO]   H3: 712.4 kHz (total: 256,452,860)
2026-06-16 18:02:06,982 [INFO]   H4: 5.1 kHz (total: 1,835,129)
2026-06-16 18:02:06,982 [INFO]   H5: 251.9 kHz (total: 90,687,827)
2026-06-16 18:02:06,983 [INFO] ------------------------------------------------------------
2026-06-16 18:02:06,983 [INFO] COINCIDENCES (threshold: 50000)
2026-06-16 18:02:06,984 [INFO] ------------------------------------------------------------
2026-06-16 18:02:06,984 [INFO] Twofold (physical) (Reached Threshold):
2026-06-16 18:02:06,985 [INFO]   (1,2): 3,948,135 Y
2026-06-16 18:02:06,986 [INFO]   (1,3): 11,238 X
2026-06-16 18:02:06,986 [INFO]   (1,4): 14,953 X
2026-06-16 18:02:06,987 [INFO]   (1,5): 1,759,407 Y
2026-06-16 18:02:06,988 [INFO]   (1,6): 563,786 Y
2026-06-16 18:02:06,988 [INFO]   (2,3): 17,231 X
2026-06-16 18:02:06,989 [INFO]   (2,4): 22,696 X
2026-06-16 18:02:06,990 [INFO]   (2,5): 2,664,640 Y
2026-06-16 18:02:06,990 [INFO]   (2,6): 853,806 Y
2026-06-16 18:02:06,991 [INFO]   (3,4): 110 X
2026-06-16 18:02:06,991 [INFO]   (3,5): 7,541 X
2026-06-16 18:02:06,992 [INFO]   (3,6): 2,485 X
2026-06-16 18:02:06,992 [INFO]   (4,5): 9,938 X
2026-06-16 18:02:06,993 [INFO]   (4,6): 3,206 X
2026-06-16 18:02:06,994 [INFO]   (5,6): 388,014 Y
2026-06-16 18:02:06,994 [INFO] ============================================================
2026-06-16 18:02:06,995 [INFO] >>> 9 combination(s) below threshold <<<
2026-06-16 18:02:06,996 [INFO] ============================================================
2026-06-16 18:02:07,078 [INFO] Updated merged data: C:\Users\QUANTUM\OneDrive - ENSTA\!Working files\HBT\HBT Data\Tests_Jun\2026-06-16_17-26-11_g2_heralded_virtual\MERGED\17-26-11_2026-06-16_39.8mW_num0_MERGED.pkl
2026-06-16 18:02:07,117 [INFO] Found 0 connected Time Tagger(s)
2026-06-16 18:02:08,754 [INFO] t:   1 s, Board temperature: 41.2 °C, FPGA temperature: 57.5 °C
2026-06-16 18:02:10,308 [INFO] t:   2 s, Board temperature: 41.2 °C, FPGA temperature: 57.4 °C
2026-06-16 18:02:11,858 [INFO] t:   3 s, Board temperature: 41.1 °C, FPGA temperature: 57.5 °C
2026-06-16 18:02:13,409 [INFO] t:   4 s, Board temperature: 41.1 °C, FPGA temperature: 57.4 °C
2026-06-16 18:02:14,955 [INFO] t:   5 s, Board temperature: 41.2 °C, FPGA temperature: 57.5 °C
2026-06-16 18:02:14,956 [INFO] The Time Tagger is warmed up.
2026-06-16 18:02:14,957 [INFO] Time Tagger initialized.
2026-06-16 18:02:14,958 [INFO] Chunk 3/3 | Elapsed: 9.0 min
2026-06-16 18:02:14,959 [INFO] Initializing experiment on Time Tagger.
2026-06-16 18:02:14,959 [INFO] Deadtime for channel 1: 0 ps
2026-06-16 18:02:14,960 [INFO] Deadtime for channel 2: 0 ps
2026-06-16 18:02:14,961 [INFO] Deadtime for channel 3: 0 ps
2026-06-16 18:02:14,962 [INFO] Deadtime for channel 4: 0 ps
2026-06-16 18:02:14,962 [INFO] Deadtime for channel 5: 0 ps
2026-06-16 18:02:14,963 [INFO] Deadtime for channel 6: 0 ps
2026-06-16 18:02:14,964 [INFO] Delays on channels enabled.
2026-06-16 18:02:14,965 [INFO] Delay for channel 1: requested=0 ps, actual=0 ps
2026-06-16 18:02:14,966 [INFO] Delay for channel 2: requested=-1000 ps, actual=-1000 ps
2026-06-16 18:02:14,966 [INFO] Delay for channel 3: requested=20000 ps, actual=20000 ps
2026-06-16 18:02:14,967 [INFO] Delay for channel 4: requested=16500 ps, actual=16500 ps
2026-06-16 18:02:14,968 [INFO] Delay for channel 5: requested=17800 ps, actual=17800 ps
2026-06-16 18:02:14,969 [INFO] Delay for channel 6: requested=17300 ps, actual=17300 ps
2026-06-16 18:02:14,969 [INFO] Executing synchronized correlation measurement.
2026-06-16 18:02:14,970 [INFO] Delays on channels enabled.
2026-06-16 18:02:14,971 [INFO] Delay for channel 1: requested=0 ps, actual=0 ps.
2026-06-16 18:02:14,971 [INFO] Delay for channel 2: requested=-1000 ps, actual=-1000 ps.
2026-06-16 18:02:14,972 [INFO] Delay for channel 3: requested=20000 ps, actual=20000 ps.
2026-06-16 18:02:14,973 [INFO] Delay for channel 4: requested=16500 ps, actual=16500 ps.
2026-06-16 18:02:14,973 [INFO] Delay for channel 5: requested=17800 ps, actual=17800 ps.
2026-06-16 18:02:14,974 [INFO] Delay for channel 6: requested=17300 ps, actual=17300 ps.
2026-06-16 18:02:14,975 [INFO] Initializing measurement with virtual mode channels for ALL heralding permutations.
2026-06-16 18:02:14,975 [INFO] Automatically generated modes from input: {'H3': [1, 2], 'H4': [3, 4], 'H5': [5, 6]}
2026-06-16 18:02:14,976 [INFO] Setting up virtual channels...
2026-06-16 18:02:14,977 [INFO] Initializing physical channel correlation histograms...
2026-06-16 18:02:14,978 [INFO]   Physical correlation: ch1 <-> ch2
2026-06-16 18:02:14,979 [INFO]   Physical correlation: ch1 <-> ch3
2026-06-16 18:02:14,979 [INFO]   Physical correlation: ch1 <-> ch4
2026-06-16 18:02:14,980 [INFO]   Physical correlation: ch1 <-> ch5
2026-06-16 18:02:14,981 [INFO]   Physical correlation: ch1 <-> ch6
2026-06-16 18:02:14,982 [INFO]   Physical correlation: ch2 <-> ch3
2026-06-16 18:02:14,982 [INFO]   Physical correlation: ch2 <-> ch4
2026-06-16 18:02:14,983 [INFO]   Physical correlation: ch2 <-> ch5
2026-06-16 18:02:14,984 [INFO]   Physical correlation: ch2 <-> ch6
2026-06-16 18:02:14,985 [INFO]   Physical correlation: ch3 <-> ch4
2026-06-16 18:02:14,985 [INFO]   Physical correlation: ch3 <-> ch5
2026-06-16 18:02:14,986 [INFO]   Physical correlation: ch3 <-> ch6
2026-06-16 18:02:14,987 [INFO]   Physical correlation: ch4 <-> ch5
2026-06-16 18:02:14,988 [INFO]   Physical correlation: ch4 <-> ch6
2026-06-16 18:02:14,988 [INFO]   Physical correlation: ch5 <-> ch6
2026-06-16 18:02:14,989 [INFO] Initializing virtual mode correlation histograms...
2026-06-16 18:02:14,990 [INFO]   Within-mode (H3): ch1 <-> ch2
2026-06-16 18:02:14,990 [INFO]   Cross-mode: H3 <-> H4
2026-06-16 18:02:14,991 [INFO]   Cross-mode: H3 <-> H5
2026-06-16 18:02:14,992 [INFO]   Within-mode (H4): ch3 <-> ch4
2026-06-16 18:02:14,992 [INFO]   Cross-mode: H4 <-> H5
2026-06-16 18:02:14,993 [INFO]   Within-mode (H5): ch5 <-> ch6
2026-06-16 18:02:14,995 [INFO] Measurement starting for 3.000min / 0.050h
2026-06-16 18:05:15,170 [INFO] Measurements finished.
2026-06-16 18:05:15,171 [INFO] Collecting measurement data...
2026-06-16 18:05:15,172 [INFO] Collecting physical correlation data for (1,2)
2026-06-16 18:05:15,175 [INFO] Collecting physical correlation data for (1,3)
2026-06-16 18:05:15,178 [INFO] Collecting physical correlation data for (1,4)
2026-06-16 18:05:15,180 [INFO] Collecting physical correlation data for (1,5)
2026-06-16 18:05:15,183 [INFO] Collecting physical correlation data for (1,6)
2026-06-16 18:05:15,187 [INFO] Collecting physical correlation data for (2,3)
2026-06-16 18:05:15,189 [INFO] Collecting physical correlation data for (2,4)
2026-06-16 18:05:15,192 [INFO] Collecting physical correlation data for (2,5)
2026-06-16 18:05:15,194 [INFO] Collecting physical correlation data for (2,6)
2026-06-16 18:05:15,196 [INFO] Collecting physical correlation data for (3,4)
2026-06-16 18:05:15,198 [INFO] Collecting physical correlation data for (3,5)
2026-06-16 18:05:15,200 [INFO] Collecting physical correlation data for (3,6)
2026-06-16 18:05:15,202 [INFO] Collecting physical correlation data for (4,5)
2026-06-16 18:05:15,205 [INFO] Collecting physical correlation data for (4,6)
2026-06-16 18:05:15,208 [INFO] Collecting physical correlation data for (5,6)
2026-06-16 18:05:15,210 [INFO] Collecting virtual correlation data for (H3,H3)
2026-06-16 18:05:15,212 [INFO] Collecting virtual correlation data for (H3,H4)
2026-06-16 18:05:15,215 [INFO] Collecting virtual correlation data for (H3,H5)
2026-06-16 18:05:15,217 [INFO] Collecting virtual correlation data for (H4,H4)
2026-06-16 18:05:15,219 [INFO] Collecting virtual correlation data for (H4,H5)
2026-06-16 18:05:15,221 [INFO] Collecting virtual correlation data for (H5,H5)
2026-06-16 18:05:15,243 [INFO] Starting writing data to file.
2026-06-16 18:05:15,331 [INFO] Saved data.
2026-06-16 18:05:15,462 [INFO] Merging 1 chunks into running total...
2026-06-16 18:05:15,626 [INFO] ============================================================
2026-06-16 18:05:15,627 [INFO] STATUS REPORT | Duration: 9.00 min (0.150 h)
2026-06-16 18:05:15,627 [INFO] ============================================================
2026-06-16 18:05:15,628 [INFO] COUNTRATES (Physical):
2026-06-16 18:05:15,629 [INFO]   Ch 1: 279.1 kHz (total: 150,692,209)
2026-06-16 18:05:15,630 [INFO]   Ch 2: 430.7 kHz (total: 232,598,596)
2026-06-16 18:05:15,631 [INFO]   Ch 3: 2.2 kHz (total: 1,179,751)
2026-06-16 18:05:15,632 [INFO]   Ch 4: 2.9 kHz (total: 1,575,119)
2026-06-16 18:05:15,632 [INFO]   Ch 5: 189.0 kHz (total: 102,052,237)
2026-06-16 18:05:15,633 [INFO]   Ch 6: 61.9 kHz (total: 33,418,577)
2026-06-16 18:05:15,634 [INFO] COUNTRATES (Virtual):
2026-06-16 18:05:15,634 [INFO]   H3: 709.8 kHz (total: 383,290,805)
2026-06-16 18:05:15,635 [INFO]   H4: 5.1 kHz (total: 2,754,870)
2026-06-16 18:05:15,635 [INFO]   H5: 250.9 kHz (total: 135,470,814)
2026-06-16 18:05:15,636 [INFO] ------------------------------------------------------------
2026-06-16 18:05:15,637 [INFO] COINCIDENCES (threshold: 50000)
2026-06-16 18:05:15,637 [INFO] ------------------------------------------------------------
2026-06-16 18:05:15,638 [INFO] Twofold (physical) (Reached Threshold):
2026-06-16 18:05:15,639 [INFO]   (1,2): 5,885,888 Y
2026-06-16 18:05:15,639 [INFO]   (1,3): 16,749 X
2026-06-16 18:05:15,640 [INFO]   (1,4): 22,307 X
2026-06-16 18:05:15,641 [INFO]   (1,5): 2,621,138 Y
2026-06-16 18:05:15,642 [INFO]   (1,6): 839,441 Y
2026-06-16 18:05:15,642 [INFO]   (2,3): 25,809 X
2026-06-16 18:05:15,643 [INFO]   (2,4): 33,929 X
2026-06-16 18:05:15,644 [INFO]   (2,5): 3,973,395 Y
2026-06-16 18:05:15,644 [INFO]   (2,6): 1,272,431 Y
2026-06-16 18:05:15,645 [INFO]   (3,4): 160 X
2026-06-16 18:05:15,645 [INFO]   (3,5): 11,363 X
2026-06-16 18:05:15,646 [INFO]   (3,6): 3,619 X
2026-06-16 18:05:15,647 [INFO]   (4,5): 14,835 X
2026-06-16 18:05:15,647 [INFO]   (4,6): 4,852 X
2026-06-16 18:05:15,648 [INFO]   (5,6): 577,532 Y
2026-06-16 18:05:15,649 [INFO] ============================================================
2026-06-16 18:05:15,649 [INFO] >>> 9 combination(s) below threshold <<<
2026-06-16 18:05:15,650 [INFO] ============================================================
2026-06-16 18:05:15,732 [INFO] Updated merged data: C:\Users\QUANTUM\OneDrive - ENSTA\!Working files\HBT\HBT Data\Tests_Jun\2026-06-16_17-26-11_g2_heralded_virtual\MERGED\17-26-11_2026-06-16_39.8mW_num0_MERGED.pkl
2026-06-16 18:05:15,817 [INFO] Final merged data saved to: C:\Users\QUANTUM\OneDrive - ENSTA\!Working files\HBT\HBT Data\Tests_Jun\2026-06-16_17-26-11_g2_heralded_virtual\MERGED\17-26-11_2026-06-16_39.8mW_num0_MERGED.pkl
2026-06-16 18:05:15,818 [INFO] Total merged duration: 9.00 min
2026-06-16 18:05:15,818 [INFO] Measurement completed in 9.46 min
2026-06-16 18:05:17,136 [INFO] Stage Position: 28.0
2026-06-16 18:05:17,136 [INFO] Starting chunked acquisition (max 3 chunks / 9.0 min)
2026-06-16 18:05:17,137 [INFO] Chunk duration: 3 min
2026-06-16 18:05:17,139 [INFO] Threshold: 50000 counts, checking every 1 chunks
2026-06-16 18:05:17,217 [INFO] Found 0 connected Time Tagger(s)
2026-06-16 18:05:18,845 [INFO] t:   1 s, Board temperature: 41.1 °C, FPGA temperature: 57.4 °C
2026-06-16 18:05:20,409 [INFO] t:   2 s, Board temperature: 41.2 °C, FPGA temperature: 57.4 °C
2026-06-16 18:05:21,973 [INFO] t:   3 s, Board temperature: 41.1 °C, FPGA temperature: 57.4 °C
2026-06-16 18:05:23,565 [INFO] t:   4 s, Board temperature: 41.2 °C, FPGA temperature: 57.4 °C
2026-06-16 18:05:25,133 [INFO] t:   5 s, Board temperature: 41.2 °C, FPGA temperature: 57.4 °C
2026-06-16 18:05:25,133 [INFO] The Time Tagger is warmed up.
2026-06-16 18:05:25,134 [INFO] Time Tagger initialized.
2026-06-16 18:05:25,136 [INFO] Chunk 1/3 | Elapsed: 3.0 min
2026-06-16 18:05:25,136 [INFO] Initializing experiment on Time Tagger.
2026-06-16 18:05:25,137 [INFO] Deadtime for channel 1: 0 ps
2026-06-16 18:05:25,138 [INFO] Deadtime for channel 2: 0 ps
2026-06-16 18:05:25,139 [INFO] Deadtime for channel 3: 0 ps
2026-06-16 18:05:25,140 [INFO] Deadtime for channel 4: 0 ps
2026-06-16 18:05:25,140 [INFO] Deadtime for channel 5: 0 ps
2026-06-16 18:05:25,141 [INFO] Deadtime for channel 6: 0 ps
2026-06-16 18:05:25,141 [INFO] Delays on channels enabled.
2026-06-16 18:05:25,142 [INFO] Delay for channel 1: requested=0 ps, actual=0 ps
2026-06-16 18:05:25,143 [INFO] Delay for channel 2: requested=-1000 ps, actual=-1000 ps
2026-06-16 18:05:25,144 [INFO] Delay for channel 3: requested=20000 ps, actual=20000 ps
2026-06-16 18:05:25,144 [INFO] Delay for channel 4: requested=16500 ps, actual=16500 ps
2026-06-16 18:05:25,145 [INFO] Delay for channel 5: requested=17800 ps, actual=17800 ps
2026-06-16 18:05:25,146 [INFO] Delay for channel 6: requested=17300 ps, actual=17300 ps
2026-06-16 18:05:25,146 [INFO] Executing synchronized correlation measurement.
2026-06-16 18:05:25,147 [INFO] Delays on channels enabled.
2026-06-16 18:05:25,148 [INFO] Delay for channel 1: requested=0 ps, actual=0 ps.
2026-06-16 18:05:25,148 [INFO] Delay for channel 2: requested=-1000 ps, actual=-1000 ps.
2026-06-16 18:05:25,149 [INFO] Delay for channel 3: requested=20000 ps, actual=20000 ps.
2026-06-16 18:05:25,150 [INFO] Delay for channel 4: requested=16500 ps, actual=16500 ps.
2026-06-16 18:05:25,150 [INFO] Delay for channel 5: requested=17800 ps, actual=17800 ps.
2026-06-16 18:05:25,151 [INFO] Delay for channel 6: requested=17300 ps, actual=17300 ps.
2026-06-16 18:05:25,152 [INFO] Initializing measurement with virtual mode channels for ALL heralding permutations.
2026-06-16 18:05:25,152 [INFO] Automatically generated modes from input: {'H3': [1, 2], 'H4': [3, 4], 'H5': [5, 6]}
2026-06-16 18:05:25,153 [INFO] Setting up virtual channels...
2026-06-16 18:05:25,154 [INFO] Initializing physical channel correlation histograms...
2026-06-16 18:05:25,155 [INFO]   Physical correlation: ch1 <-> ch2
2026-06-16 18:05:25,155 [INFO]   Physical correlation: ch1 <-> ch3
2026-06-16 18:05:25,156 [INFO]   Physical correlation: ch1 <-> ch4
2026-06-16 18:05:25,157 [INFO]   Physical correlation: ch1 <-> ch5
2026-06-16 18:05:25,157 [INFO]   Physical correlation: ch1 <-> ch6
2026-06-16 18:05:25,158 [INFO]   Physical correlation: ch2 <-> ch3
2026-06-16 18:05:25,159 [INFO]   Physical correlation: ch2 <-> ch4
2026-06-16 18:05:25,159 [INFO]   Physical correlation: ch2 <-> ch5
2026-06-16 18:05:25,160 [INFO]   Physical correlation: ch2 <-> ch6
2026-06-16 18:05:25,161 [INFO]   Physical correlation: ch3 <-> ch4
2026-06-16 18:05:25,161 [INFO]   Physical correlation: ch3 <-> ch5
2026-06-16 18:05:25,162 [INFO]   Physical correlation: ch3 <-> ch6
2026-06-16 18:05:25,163 [INFO]   Physical correlation: ch4 <-> ch5
2026-06-16 18:05:25,163 [INFO]   Physical correlation: ch4 <-> ch6
2026-06-16 18:05:25,164 [INFO]   Physical correlation: ch5 <-> ch6
2026-06-16 18:05:25,165 [INFO] Initializing virtual mode correlation histograms...
2026-06-16 18:05:25,166 [INFO]   Within-mode (H3): ch1 <-> ch2
2026-06-16 18:05:25,166 [INFO]   Cross-mode: H3 <-> H4
2026-06-16 18:05:25,167 [INFO]   Cross-mode: H3 <-> H5
2026-06-16 18:05:25,168 [INFO]   Within-mode (H4): ch3 <-> ch4
2026-06-16 18:05:25,168 [INFO]   Cross-mode: H4 <-> H5
2026-06-16 18:05:25,169 [INFO]   Within-mode (H5): ch5 <-> ch6
2026-06-16 18:05:25,171 [INFO] Measurement starting for 3.000min / 0.050h
2026-06-16 18:08:25,414 [INFO] Measurements finished.
2026-06-16 18:08:25,416 [INFO] Collecting measurement data...
2026-06-16 18:08:25,416 [INFO] Collecting physical correlation data for (1,2)
2026-06-16 18:08:25,419 [INFO] Collecting physical correlation data for (1,3)
2026-06-16 18:08:25,421 [INFO] Collecting physical correlation data for (1,4)
2026-06-16 18:08:25,424 [INFO] Collecting physical correlation data for (1,5)
2026-06-16 18:08:25,427 [INFO] Collecting physical correlation data for (1,6)
2026-06-16 18:08:25,429 [INFO] Collecting physical correlation data for (2,3)
2026-06-16 18:08:25,431 [INFO] Collecting physical correlation data for (2,4)
2026-06-16 18:08:25,434 [INFO] Collecting physical correlation data for (2,5)
2026-06-16 18:08:25,436 [INFO] Collecting physical correlation data for (2,6)
2026-06-16 18:08:25,438 [INFO] Collecting physical correlation data for (3,4)
2026-06-16 18:08:25,441 [INFO] Collecting physical correlation data for (3,5)
2026-06-16 18:08:25,443 [INFO] Collecting physical correlation data for (3,6)
2026-06-16 18:08:25,445 [INFO] Collecting physical correlation data for (4,5)
2026-06-16 18:08:25,448 [INFO] Collecting physical correlation data for (4,6)
2026-06-16 18:08:25,450 [INFO] Collecting physical correlation data for (5,6)
2026-06-16 18:08:25,453 [INFO] Collecting virtual correlation data for (H3,H3)
2026-06-16 18:08:25,455 [INFO] Collecting virtual correlation data for (H3,H4)
2026-06-16 18:08:25,457 [INFO] Collecting virtual correlation data for (H3,H5)
2026-06-16 18:08:25,460 [INFO] Collecting virtual correlation data for (H4,H4)
2026-06-16 18:08:25,463 [INFO] Collecting virtual correlation data for (H4,H5)
2026-06-16 18:08:25,465 [INFO] Collecting virtual correlation data for (H5,H5)
2026-06-16 18:08:25,486 [INFO] Starting writing data to file.
2026-06-16 18:08:25,591 [INFO] Saved data.
2026-06-16 18:08:25,711 [INFO] Merging 1 chunks into running total...
2026-06-16 18:08:25,711 [INFO] ============================================================
2026-06-16 18:08:25,713 [INFO] STATUS REPORT | Duration: 3.00 min (0.050 h)
2026-06-16 18:08:25,714 [INFO] ============================================================
2026-06-16 18:08:25,714 [INFO] COUNTRATES (Physical):
2026-06-16 18:08:25,715 [INFO]   Ch 1: 151.3 kHz (total: 27,232,523)
2026-06-16 18:08:25,716 [INFO]   Ch 2: 240.5 kHz (total: 43,283,793)
2026-06-16 18:08:25,717 [INFO]   Ch 3: 2.2 kHz (total: 393,403)
2026-06-16 18:08:25,718 [INFO]   Ch 4: 2.9 kHz (total: 525,697)
2026-06-16 18:08:25,719 [INFO]   Ch 5: 102.0 kHz (total: 18,357,137)
2026-06-16 18:08:25,720 [INFO]   Ch 6: 34.1 kHz (total: 6,134,074)
2026-06-16 18:08:25,721 [INFO] COUNTRATES (Virtual):
2026-06-16 18:08:25,722 [INFO]   H3: 391.8 kHz (total: 70,516,316)
2026-06-16 18:08:25,722 [INFO]   H4: 5.1 kHz (total: 919,100)
2026-06-16 18:08:25,723 [INFO]   H5: 136.1 kHz (total: 24,491,211)
2026-06-16 18:08:25,724 [INFO] ------------------------------------------------------------
2026-06-16 18:08:25,725 [INFO] COINCIDENCES (threshold: 50000)
2026-06-16 18:08:25,726 [INFO] ------------------------------------------------------------
2026-06-16 18:08:25,727 [INFO] Twofold (physical) (Reached Threshold):
2026-06-16 18:08:25,728 [INFO]   (1,2): 703,492 Y
2026-06-16 18:08:25,728 [INFO]   (1,3): 3,008 X
2026-06-16 18:08:25,729 [INFO]   (1,4): 3,989 X
2026-06-16 18:08:25,730 [INFO]   (1,5): 311,331 Y
2026-06-16 18:08:25,731 [INFO]   (1,6): 102,656 Y
2026-06-16 18:08:25,732 [INFO]   (2,3): 4,742 X
2026-06-16 18:08:25,732 [INFO]   (2,4): 6,350 X
2026-06-16 18:08:25,733 [INFO]   (2,5): 488,369 Y
2026-06-16 18:08:25,734 [INFO]   (2,6): 161,213 Y
2026-06-16 18:08:25,735 [INFO]   (3,4): 68 X
2026-06-16 18:08:25,736 [INFO]   (3,5): 2,026 X
2026-06-16 18:08:25,737 [INFO]   (3,6): 671 X
2026-06-16 18:08:25,738 [INFO]   (4,5): 2,729 X
2026-06-16 18:08:25,739 [INFO]   (4,6): 882 X
2026-06-16 18:08:25,739 [INFO]   (5,6): 72,326 Y
2026-06-16 18:08:25,741 [INFO] ============================================================
2026-06-16 18:08:25,741 [INFO] >>> 9 combination(s) below threshold <<<
2026-06-16 18:08:25,742 [INFO] ============================================================
2026-06-16 18:08:25,827 [INFO] Updated merged data: C:\Users\QUANTUM\OneDrive - ENSTA\!Working files\HBT\HBT Data\Tests_Jun\2026-06-16_17-26-11_g2_heralded_virtual\MERGED\17-26-11_2026-06-16_31.1mW_num0_MERGED.pkl
2026-06-16 18:08:25,869 [INFO] Found 0 connected Time Tagger(s)
2026-06-16 18:08:27,501 [INFO] t:   1 s, Board temperature: 41.2 °C, FPGA temperature: 57.4 °C
2026-06-16 18:08:29,065 [INFO] t:   2 s, Board temperature: 41.2 °C, FPGA temperature: 57.3 °C
2026-06-16 18:08:30,654 [INFO] t:   3 s, Board temperature: 41.2 °C, FPGA temperature: 57.4 °C
2026-06-16 18:08:32,227 [INFO] t:   4 s, Board temperature: 41.1 °C, FPGA temperature: 57.4 °C
2026-06-16 18:08:33,789 [INFO] t:   5 s, Board temperature: 41.1 °C, FPGA temperature: 57.4 °C
2026-06-16 18:08:33,790 [INFO] The Time Tagger is warmed up.
2026-06-16 18:08:33,791 [INFO] Time Tagger initialized.
2026-06-16 18:08:33,792 [INFO] Chunk 2/3 | Elapsed: 6.0 min
2026-06-16 18:08:33,793 [INFO] Initializing experiment on Time Tagger.
2026-06-16 18:08:33,794 [INFO] Deadtime for channel 1: 0 ps
2026-06-16 18:08:33,795 [INFO] Deadtime for channel 2: 0 ps
2026-06-16 18:08:33,796 [INFO] Deadtime for channel 3: 0 ps
2026-06-16 18:08:33,797 [INFO] Deadtime for channel 4: 0 ps
2026-06-16 18:08:33,798 [INFO] Deadtime for channel 5: 0 ps
2026-06-16 18:08:33,799 [INFO] Deadtime for channel 6: 0 ps
2026-06-16 18:08:33,800 [INFO] Delays on channels enabled.
2026-06-16 18:08:33,801 [INFO] Delay for channel 1: requested=0 ps, actual=0 ps
2026-06-16 18:08:33,802 [INFO] Delay for channel 2: requested=-1000 ps, actual=-1000 ps
2026-06-16 18:08:33,803 [INFO] Delay for channel 3: requested=20000 ps, actual=20000 ps
2026-06-16 18:08:33,804 [INFO] Delay for channel 4: requested=16500 ps, actual=16500 ps
2026-06-16 18:08:33,805 [INFO] Delay for channel 5: requested=17800 ps, actual=17800 ps
2026-06-16 18:08:33,806 [INFO] Delay for channel 6: requested=17300 ps, actual=17300 ps
2026-06-16 18:08:33,807 [INFO] Executing synchronized correlation measurement.
2026-06-16 18:08:33,808 [INFO] Delays on channels enabled.
2026-06-16 18:08:33,809 [INFO] Delay for channel 1: requested=0 ps, actual=0 ps.
2026-06-16 18:08:33,810 [INFO] Delay for channel 2: requested=-1000 ps, actual=-1000 ps.
2026-06-16 18:08:33,811 [INFO] Delay for channel 3: requested=20000 ps, actual=20000 ps.
2026-06-16 18:08:33,812 [INFO] Delay for channel 4: requested=16500 ps, actual=16500 ps.
2026-06-16 18:08:33,813 [INFO] Delay for channel 5: requested=17800 ps, actual=17800 ps.
2026-06-16 18:08:33,814 [INFO] Delay for channel 6: requested=17300 ps, actual=17300 ps.
2026-06-16 18:08:33,815 [INFO] Initializing measurement with virtual mode channels for ALL heralding permutations.
2026-06-16 18:08:33,816 [INFO] Automatically generated modes from input: {'H3': [1, 2], 'H4': [3, 4], 'H5': [5, 6]}
2026-06-16 18:08:33,817 [INFO] Setting up virtual channels...
2026-06-16 18:08:33,819 [INFO] Initializing physical channel correlation histograms...
2026-06-16 18:08:33,820 [INFO]   Physical correlation: ch1 <-> ch2
2026-06-16 18:08:33,821 [INFO]   Physical correlation: ch1 <-> ch3
2026-06-16 18:08:33,822 [INFO]   Physical correlation: ch1 <-> ch4
2026-06-16 18:08:33,824 [INFO]   Physical correlation: ch1 <-> ch5
2026-06-16 18:08:33,824 [INFO]   Physical correlation: ch1 <-> ch6
2026-06-16 18:08:33,826 [INFO]   Physical correlation: ch2 <-> ch3
2026-06-16 18:08:33,827 [INFO]   Physical correlation: ch2 <-> ch4
2026-06-16 18:08:33,828 [INFO]   Physical correlation: ch2 <-> ch5
2026-06-16 18:08:33,829 [INFO]   Physical correlation: ch2 <-> ch6
2026-06-16 18:08:33,830 [INFO]   Physical correlation: ch3 <-> ch4
2026-06-16 18:08:33,831 [INFO]   Physical correlation: ch3 <-> ch5
2026-06-16 18:08:33,832 [INFO]   Physical correlation: ch3 <-> ch6
2026-06-16 18:08:33,833 [INFO]   Physical correlation: ch4 <-> ch5
2026-06-16 18:08:33,835 [INFO]   Physical correlation: ch4 <-> ch6
2026-06-16 18:08:33,836 [INFO]   Physical correlation: ch5 <-> ch6
2026-06-16 18:08:33,837 [INFO] Initializing virtual mode correlation histograms...
2026-06-16 18:08:33,838 [INFO]   Within-mode (H3): ch1 <-> ch2
2026-06-16 18:08:33,839 [INFO]   Cross-mode: H3 <-> H4
2026-06-16 18:08:33,840 [INFO]   Cross-mode: H3 <-> H5
2026-06-16 18:08:33,841 [INFO]   Within-mode (H4): ch3 <-> ch4
2026-06-16 18:08:33,842 [INFO]   Cross-mode: H4 <-> H5
2026-06-16 18:08:33,843 [INFO]   Within-mode (H5): ch5 <-> ch6
2026-06-16 18:08:33,846 [INFO] Measurement starting for 3.000min / 0.050h
2026-06-16 18:11:34,071 [INFO] Measurements finished.
2026-06-16 18:11:34,072 [INFO] Collecting measurement data...
2026-06-16 18:11:34,074 [INFO] Collecting physical correlation data for (1,2)
2026-06-16 18:11:34,077 [INFO] Collecting physical correlation data for (1,3)
2026-06-16 18:11:34,079 [INFO] Collecting physical correlation data for (1,4)
2026-06-16 18:11:34,081 [INFO] Collecting physical correlation data for (1,5)
2026-06-16 18:11:34,084 [INFO] Collecting physical correlation data for (1,6)
2026-06-16 18:11:34,088 [INFO] Collecting physical correlation data for (2,3)
2026-06-16 18:11:34,090 [INFO] Collecting physical correlation data for (2,4)
2026-06-16 18:11:34,093 [INFO] Collecting physical correlation data for (2,5)
2026-06-16 18:11:34,096 [INFO] Collecting physical correlation data for (2,6)
2026-06-16 18:11:34,099 [INFO] Collecting physical correlation data for (3,4)
2026-06-16 18:11:34,102 [INFO] Collecting physical correlation data for (3,5)
2026-06-16 18:11:34,104 [INFO] Collecting physical correlation data for (3,6)
2026-06-16 18:11:34,107 [INFO] Collecting physical correlation data for (4,5)
2026-06-16 18:11:34,109 [INFO] Collecting physical correlation data for (4,6)
2026-06-16 18:11:34,112 [INFO] Collecting physical correlation data for (5,6)
2026-06-16 18:11:34,115 [INFO] Collecting virtual correlation data for (H3,H3)
2026-06-16 18:11:34,118 [INFO] Collecting virtual correlation data for (H3,H4)
2026-06-16 18:11:34,121 [INFO] Collecting virtual correlation data for (H3,H5)
2026-06-16 18:11:34,124 [INFO] Collecting virtual correlation data for (H4,H4)
2026-06-16 18:11:34,127 [INFO] Collecting virtual correlation data for (H4,H5)
2026-06-16 18:11:34,130 [INFO] Collecting virtual correlation data for (H5,H5)
2026-06-16 18:11:34,153 [INFO] Starting writing data to file.
2026-06-16 18:11:34,269 [INFO] Saved data.
2026-06-16 18:11:34,414 [INFO] Merging 1 chunks into running total...
2026-06-16 18:11:34,634 [INFO] ============================================================
2026-06-16 18:11:34,634 [INFO] STATUS REPORT | Duration: 6.00 min (0.100 h)
2026-06-16 18:11:34,635 [INFO] ============================================================
2026-06-16 18:11:34,636 [INFO] COUNTRATES (Physical):
2026-06-16 18:11:34,636 [INFO]   Ch 1: 152.1 kHz (total: 54,740,908)
2026-06-16 18:11:34,637 [INFO]   Ch 2: 241.6 kHz (total: 86,986,591)
2026-06-16 18:11:34,638 [INFO]   Ch 3: 2.2 kHz (total: 785,490)
2026-06-16 18:11:34,638 [INFO]   Ch 4: 2.9 kHz (total: 1,051,725)
2026-06-16 18:11:34,639 [INFO]   Ch 5: 102.5 kHz (total: 36,905,196)
2026-06-16 18:11:34,640 [INFO]   Ch 6: 34.2 kHz (total: 12,320,556)
2026-06-16 18:11:34,640 [INFO] COUNTRATES (Virtual):
2026-06-16 18:11:34,641 [INFO]   H3: 393.7 kHz (total: 141,727,499)
2026-06-16 18:11:34,641 [INFO]   H4: 5.1 kHz (total: 1,837,215)
2026-06-16 18:11:34,642 [INFO]   H5: 136.7 kHz (total: 49,225,752)
2026-06-16 18:11:34,643 [INFO] ------------------------------------------------------------
2026-06-16 18:11:34,644 [INFO] COINCIDENCES (threshold: 50000)
2026-06-16 18:11:34,644 [INFO] ------------------------------------------------------------
2026-06-16 18:11:34,645 [INFO] Twofold (physical) (Reached Threshold):
2026-06-16 18:11:34,646 [INFO]   (1,2): 1,418,635 Y
2026-06-16 18:11:34,647 [INFO]   (1,3): 6,107 X
2026-06-16 18:11:34,647 [INFO]   (1,4): 8,130 X
2026-06-16 18:11:34,648 [INFO]   (1,5): 629,081 Y
2026-06-16 18:11:34,648 [INFO]   (1,6): 206,521 Y
2026-06-16 18:11:34,649 [INFO]   (2,3): 9,624 X
2026-06-16 18:11:34,650 [INFO]   (2,4): 12,821 X
2026-06-16 18:11:34,650 [INFO]   (2,5): 984,518 Y
2026-06-16 18:11:34,651 [INFO]   (2,6): 323,847 Y
2026-06-16 18:11:34,652 [INFO]   (3,4): 130 X
2026-06-16 18:11:34,653 [INFO]   (3,5): 4,046 X
2026-06-16 18:11:34,653 [INFO]   (3,6): 1,389 X
2026-06-16 18:11:34,654 [INFO]   (4,5): 5,370 X
2026-06-16 18:11:34,654 [INFO]   (4,6): 1,792 X
2026-06-16 18:11:34,655 [INFO]   (5,6): 145,760 Y
2026-06-16 18:11:34,656 [INFO] ============================================================
2026-06-16 18:11:34,656 [INFO] >>> 9 combination(s) below threshold <<<
2026-06-16 18:11:34,657 [INFO] ============================================================
2026-06-16 18:11:34,741 [INFO] Updated merged data: C:\Users\QUANTUM\OneDrive - ENSTA\!Working files\HBT\HBT Data\Tests_Jun\2026-06-16_17-26-11_g2_heralded_virtual\MERGED\17-26-11_2026-06-16_31.1mW_num0_MERGED.pkl
2026-06-16 18:11:34,783 [INFO] Found 0 connected Time Tagger(s)
2026-06-16 18:11:36,415 [INFO] t:   1 s, Board temperature: 41.1 °C, FPGA temperature: 57.4 °C
2026-06-16 18:11:37,980 [INFO] t:   2 s, Board temperature: 41.2 °C, FPGA temperature: 57.4 °C
2026-06-16 18:11:39,554 [INFO] t:   3 s, Board temperature: 41.3 °C, FPGA temperature: 57.4 °C
2026-06-16 18:11:41,145 [INFO] t:   4 s, Board temperature: 41.3 °C, FPGA temperature: 57.3 °C
2026-06-16 18:11:42,703 [INFO] t:   5 s, Board temperature: 41.2 °C, FPGA temperature: 57.4 °C
2026-06-16 18:11:42,704 [INFO] The Time Tagger is warmed up.
2026-06-16 18:11:42,705 [INFO] Time Tagger initialized.
2026-06-16 18:11:42,706 [INFO] Chunk 3/3 | Elapsed: 9.0 min
2026-06-16 18:11:42,706 [INFO] Initializing experiment on Time Tagger.
2026-06-16 18:11:42,707 [INFO] Deadtime for channel 1: 0 ps
2026-06-16 18:11:42,707 [INFO] Deadtime for channel 2: 0 ps
2026-06-16 18:11:42,708 [INFO] Deadtime for channel 3: 0 ps
2026-06-16 18:11:42,709 [INFO] Deadtime for channel 4: 0 ps
2026-06-16 18:11:42,709 [INFO] Deadtime for channel 5: 0 ps
2026-06-16 18:11:42,710 [INFO] Deadtime for channel 6: 0 ps
2026-06-16 18:11:42,710 [INFO] Delays on channels enabled.
2026-06-16 18:11:42,711 [INFO] Delay for channel 1: requested=0 ps, actual=0 ps
2026-06-16 18:11:42,712 [INFO] Delay for channel 2: requested=-1000 ps, actual=-1000 ps
2026-06-16 18:11:42,712 [INFO] Delay for channel 3: requested=20000 ps, actual=20000 ps
2026-06-16 18:11:42,713 [INFO] Delay for channel 4: requested=16500 ps, actual=16500 ps
2026-06-16 18:11:42,714 [INFO] Delay for channel 5: requested=17800 ps, actual=17800 ps
2026-06-16 18:11:42,714 [INFO] Delay for channel 6: requested=17300 ps, actual=17300 ps
2026-06-16 18:11:42,715 [INFO] Executing synchronized correlation measurement.
2026-06-16 18:11:42,716 [INFO] Delays on channels enabled.
2026-06-16 18:11:42,716 [INFO] Delay for channel 1: requested=0 ps, actual=0 ps.
2026-06-16 18:11:42,717 [INFO] Delay for channel 2: requested=-1000 ps, actual=-1000 ps.
2026-06-16 18:11:42,717 [INFO] Delay for channel 3: requested=20000 ps, actual=20000 ps.
2026-06-16 18:11:42,718 [INFO] Delay for channel 4: requested=16500 ps, actual=16500 ps.
2026-06-16 18:11:42,719 [INFO] Delay for channel 5: requested=17800 ps, actual=17800 ps.
2026-06-16 18:11:42,719 [INFO] Delay for channel 6: requested=17300 ps, actual=17300 ps.
2026-06-16 18:11:42,720 [INFO] Initializing measurement with virtual mode channels for ALL heralding permutations.
2026-06-16 18:11:42,720 [INFO] Automatically generated modes from input: {'H3': [1, 2], 'H4': [3, 4], 'H5': [5, 6]}
2026-06-16 18:11:42,721 [INFO] Setting up virtual channels...
2026-06-16 18:11:42,722 [INFO] Initializing physical channel correlation histograms...
2026-06-16 18:11:42,723 [INFO]   Physical correlation: ch1 <-> ch2
2026-06-16 18:11:42,724 [INFO]   Physical correlation: ch1 <-> ch3
2026-06-16 18:11:42,724 [INFO]   Physical correlation: ch1 <-> ch4
2026-06-16 18:11:42,725 [INFO]   Physical correlation: ch1 <-> ch5
2026-06-16 18:11:42,726 [INFO]   Physical correlation: ch1 <-> ch6
2026-06-16 18:11:42,726 [INFO]   Physical correlation: ch2 <-> ch3
2026-06-16 18:11:42,727 [INFO]   Physical correlation: ch2 <-> ch4
2026-06-16 18:11:42,728 [INFO]   Physical correlation: ch2 <-> ch5
2026-06-16 18:11:42,728 [INFO]   Physical correlation: ch2 <-> ch6
2026-06-16 18:11:42,729 [INFO]   Physical correlation: ch3 <-> ch4
2026-06-16 18:11:42,729 [INFO]   Physical correlation: ch3 <-> ch5
2026-06-16 18:11:42,730 [INFO]   Physical correlation: ch3 <-> ch6
2026-06-16 18:11:42,731 [INFO]   Physical correlation: ch4 <-> ch5
2026-06-16 18:11:42,732 [INFO]   Physical correlation: ch4 <-> ch6
2026-06-16 18:11:42,732 [INFO]   Physical correlation: ch5 <-> ch6
2026-06-16 18:11:42,733 [INFO] Initializing virtual mode correlation histograms...
2026-06-16 18:11:42,733 [INFO]   Within-mode (H3): ch1 <-> ch2
2026-06-16 18:11:42,734 [INFO]   Cross-mode: H3 <-> H4
2026-06-16 18:11:42,735 [INFO]   Cross-mode: H3 <-> H5
2026-06-16 18:11:42,735 [INFO]   Within-mode (H4): ch3 <-> ch4
2026-06-16 18:11:42,736 [INFO]   Cross-mode: H4 <-> H5
2026-06-16 18:11:42,737 [INFO]   Within-mode (H5): ch5 <-> ch6
2026-06-16 18:11:42,738 [INFO] Measurement starting for 3.000min / 0.050h
2026-06-16 18:14:42,988 [INFO] Measurements finished.
2026-06-16 18:14:42,990 [INFO] Collecting measurement data...
2026-06-16 18:14:42,991 [INFO] Collecting physical correlation data for (1,2)
2026-06-16 18:14:42,993 [INFO] Collecting physical correlation data for (1,3)
2026-06-16 18:14:42,996 [INFO] Collecting physical correlation data for (1,4)
2026-06-16 18:14:42,999 [INFO] Collecting physical correlation data for (1,5)
2026-06-16 18:14:43,003 [INFO] Collecting physical correlation data for (1,6)
2026-06-16 18:14:43,006 [INFO] Collecting physical correlation data for (2,3)
2026-06-16 18:14:43,009 [INFO] Collecting physical correlation data for (2,4)
2026-06-16 18:14:43,026 [INFO] Collecting physical correlation data for (2,5)
2026-06-16 18:14:43,029 [INFO] Collecting physical correlation data for (2,6)
2026-06-16 18:14:43,032 [INFO] Collecting physical correlation data for (3,4)
2026-06-16 18:14:43,035 [INFO] Collecting physical correlation data for (3,5)
2026-06-16 18:14:43,037 [INFO] Collecting physical correlation data for (3,6)
2026-06-16 18:14:43,040 [INFO] Collecting physical correlation data for (4,5)
2026-06-16 18:14:43,043 [INFO] Collecting physical correlation data for (4,6)
2026-06-16 18:14:43,045 [INFO] Collecting physical correlation data for (5,6)
2026-06-16 18:14:43,048 [INFO] Collecting virtual correlation data for (H3,H3)
2026-06-16 18:14:43,050 [INFO] Collecting virtual correlation data for (H3,H4)
2026-06-16 18:14:43,052 [INFO] Collecting virtual correlation data for (H3,H5)
2026-06-16 18:14:43,055 [INFO] Collecting virtual correlation data for (H4,H4)
2026-06-16 18:14:43,057 [INFO] Collecting virtual correlation data for (H4,H5)
2026-06-16 18:14:43,059 [INFO] Collecting virtual correlation data for (H5,H5)
2026-06-16 18:14:43,080 [INFO] Starting writing data to file.
2026-06-16 18:14:43,183 [INFO] Saved data.
2026-06-16 18:14:43,325 [INFO] Merging 1 chunks into running total...
2026-06-16 18:14:43,494 [INFO] ============================================================
2026-06-16 18:14:43,495 [INFO] STATUS REPORT | Duration: 9.00 min (0.150 h)
2026-06-16 18:14:43,496 [INFO] ============================================================
2026-06-16 18:14:43,497 [INFO] COUNTRATES (Physical):
2026-06-16 18:14:43,498 [INFO]   Ch 1: 150.9 kHz (total: 81,512,230)
2026-06-16 18:14:43,499 [INFO]   Ch 2: 240.0 kHz (total: 129,589,633)
2026-06-16 18:14:43,499 [INFO]   Ch 3: 2.2 kHz (total: 1,176,939)
2026-06-16 18:14:43,500 [INFO]   Ch 4: 2.9 kHz (total: 1,578,102)
2026-06-16 18:14:43,501 [INFO]   Ch 5: 101.7 kHz (total: 54,942,641)
2026-06-16 18:14:43,501 [INFO]   Ch 6: 34.0 kHz (total: 18,339,644)
2026-06-16 18:14:43,502 [INFO] COUNTRATES (Virtual):
2026-06-16 18:14:43,503 [INFO]   H3: 390.9 kHz (total: 211,101,863)
2026-06-16 18:14:43,503 [INFO]   H4: 5.1 kHz (total: 2,755,041)
2026-06-16 18:14:43,504 [INFO]   H5: 135.7 kHz (total: 73,282,285)
2026-06-16 18:14:43,505 [INFO] ------------------------------------------------------------
2026-06-16 18:14:43,505 [INFO] COINCIDENCES (threshold: 50000)
2026-06-16 18:14:43,506 [INFO] ------------------------------------------------------------
2026-06-16 18:14:43,507 [INFO] Twofold (physical) (Reached Threshold):
2026-06-16 18:14:43,507 [INFO]   (1,2): 2,101,660 Y
2026-06-16 18:14:43,508 [INFO]   (1,3): 8,966 X
2026-06-16 18:14:43,508 [INFO]   (1,4): 12,113 X
2026-06-16 18:14:43,509 [INFO]   (1,5): 932,025 Y
2026-06-16 18:14:43,510 [INFO]   (1,6): 306,375 Y
2026-06-16 18:14:43,510 [INFO]   (2,3): 14,264 X
2026-06-16 18:14:43,511 [INFO]   (2,4): 19,112 X
2026-06-16 18:14:43,512 [INFO]   (2,5): 1,458,586 Y
2026-06-16 18:14:43,512 [INFO]   (2,6): 479,843 Y
2026-06-16 18:14:43,513 [INFO]   (3,4): 182 X
2026-06-16 18:14:43,513 [INFO]   (3,5): 6,000 X
2026-06-16 18:14:43,514 [INFO]   (3,6): 2,045 X
2026-06-16 18:14:43,515 [INFO]   (4,5): 8,075 X
2026-06-16 18:14:43,515 [INFO]   (4,6): 2,660 X
2026-06-16 18:14:43,516 [INFO]   (5,6): 215,773 Y
2026-06-16 18:14:43,517 [INFO] ============================================================
2026-06-16 18:14:43,517 [INFO] >>> 9 combination(s) below threshold <<<
2026-06-16 18:14:43,518 [INFO] ============================================================
2026-06-16 18:14:43,601 [INFO] Updated merged data: C:\Users\QUANTUM\OneDrive - ENSTA\!Working files\HBT\HBT Data\Tests_Jun\2026-06-16_17-26-11_g2_heralded_virtual\MERGED\17-26-11_2026-06-16_31.1mW_num0_MERGED.pkl
2026-06-16 18:14:43,688 [INFO] Final merged data saved to: C:\Users\QUANTUM\OneDrive - ENSTA\!Working files\HBT\HBT Data\Tests_Jun\2026-06-16_17-26-11_g2_heralded_virtual\MERGED\17-26-11_2026-06-16_31.1mW_num0_MERGED.pkl
2026-06-16 18:14:43,690 [INFO] Total merged duration: 9.00 min
2026-06-16 18:14:43,691 [INFO] Measurement completed in 9.46 min
2026-06-16 18:14:45,162 [INFO] Stage Position: 32.0
2026-06-16 18:14:45,162 [INFO] Starting chunked acquisition (max 3 chunks / 9.0 min)
2026-06-16 18:14:45,163 [INFO] Chunk duration: 3 min
2026-06-16 18:14:45,164 [INFO] Threshold: 50000 counts, checking every 1 chunks
2026-06-16 18:14:45,230 [INFO] Found 0 connected Time Tagger(s)
2026-06-16 18:14:46,864 [INFO] t:   1 s, Board temperature: 41.1 °C, FPGA temperature: 57.2 °C
2026-06-16 18:14:48,434 [INFO] t:   2 s, Board temperature: 41.1 °C, FPGA temperature: 57.2 °C
2026-06-16 18:14:49,996 [INFO] t:   3 s, Board temperature: 41.1 °C, FPGA temperature: 57.2 °C
2026-06-16 18:14:51,546 [INFO] t:   4 s, Board temperature: 41.1 °C, FPGA temperature: 57.3 °C
2026-06-16 18:14:53,095 [INFO] t:   5 s, Board temperature: 41.0 °C, FPGA temperature: 57.2 °C
2026-06-16 18:14:53,096 [INFO] The Time Tagger is warmed up.
2026-06-16 18:14:53,096 [INFO] Time Tagger initialized.
2026-06-16 18:14:53,098 [INFO] Chunk 1/3 | Elapsed: 3.0 min
2026-06-16 18:14:53,098 [INFO] Initializing experiment on Time Tagger.
2026-06-16 18:14:53,099 [INFO] Deadtime for channel 1: 0 ps
2026-06-16 18:14:53,099 [INFO] Deadtime for channel 2: 0 ps
2026-06-16 18:14:53,100 [INFO] Deadtime for channel 3: 0 ps
2026-06-16 18:14:53,101 [INFO] Deadtime for channel 4: 0 ps
2026-06-16 18:14:53,101 [INFO] Deadtime for channel 5: 0 ps
2026-06-16 18:14:53,102 [INFO] Deadtime for channel 6: 0 ps
2026-06-16 18:14:53,102 [INFO] Delays on channels enabled.
2026-06-16 18:14:53,103 [INFO] Delay for channel 1: requested=0 ps, actual=0 ps
2026-06-16 18:14:53,104 [INFO] Delay for channel 2: requested=-1000 ps, actual=-1000 ps
2026-06-16 18:14:53,104 [INFO] Delay for channel 3: requested=20000 ps, actual=20000 ps
2026-06-16 18:14:53,105 [INFO] Delay for channel 4: requested=16500 ps, actual=16500 ps
2026-06-16 18:14:53,106 [INFO] Delay for channel 5: requested=17800 ps, actual=17800 ps
2026-06-16 18:14:53,106 [INFO] Delay for channel 6: requested=17300 ps, actual=17300 ps
2026-06-16 18:14:53,107 [INFO] Executing synchronized correlation measurement.
2026-06-16 18:14:53,107 [INFO] Delays on channels enabled.
2026-06-16 18:14:53,108 [INFO] Delay for channel 1: requested=0 ps, actual=0 ps.
2026-06-16 18:14:53,109 [INFO] Delay for channel 2: requested=-1000 ps, actual=-1000 ps.
2026-06-16 18:14:53,109 [INFO] Delay for channel 3: requested=20000 ps, actual=20000 ps.
2026-06-16 18:14:53,110 [INFO] Delay for channel 4: requested=16500 ps, actual=16500 ps.
2026-06-16 18:14:53,111 [INFO] Delay for channel 5: requested=17800 ps, actual=17800 ps.
2026-06-16 18:14:53,111 [INFO] Delay for channel 6: requested=17300 ps, actual=17300 ps.
2026-06-16 18:14:53,112 [INFO] Initializing measurement with virtual mode channels for ALL heralding permutations.
2026-06-16 18:14:53,113 [INFO] Automatically generated modes from input: {'H3': [1, 2], 'H4': [3, 4], 'H5': [5, 6]}
2026-06-16 18:14:53,113 [INFO] Setting up virtual channels...
2026-06-16 18:14:53,114 [INFO] Initializing physical channel correlation histograms...
2026-06-16 18:14:53,115 [INFO]   Physical correlation: ch1 <-> ch2
2026-06-16 18:14:53,116 [INFO]   Physical correlation: ch1 <-> ch3
2026-06-16 18:14:53,116 [INFO]   Physical correlation: ch1 <-> ch4
2026-06-16 18:14:53,117 [INFO]   Physical correlation: ch1 <-> ch5
2026-06-16 18:14:53,118 [INFO]   Physical correlation: ch1 <-> ch6
2026-06-16 18:14:53,118 [INFO]   Physical correlation: ch2 <-> ch3
2026-06-16 18:14:53,119 [INFO]   Physical correlation: ch2 <-> ch4
2026-06-16 18:14:53,120 [INFO]   Physical correlation: ch2 <-> ch5
2026-06-16 18:14:53,120 [INFO]   Physical correlation: ch2 <-> ch6
2026-06-16 18:14:53,121 [INFO]   Physical correlation: ch3 <-> ch4
2026-06-16 18:14:53,122 [INFO]   Physical correlation: ch3 <-> ch5
2026-06-16 18:14:53,123 [INFO]   Physical correlation: ch3 <-> ch6
2026-06-16 18:14:53,123 [INFO]   Physical correlation: ch4 <-> ch5
2026-06-16 18:14:53,124 [INFO]   Physical correlation: ch4 <-> ch6
2026-06-16 18:14:53,125 [INFO]   Physical correlation: ch5 <-> ch6
2026-06-16 18:14:53,125 [INFO] Initializing virtual mode correlation histograms...
2026-06-16 18:14:53,126 [INFO]   Within-mode (H3): ch1 <-> ch2
2026-06-16 18:14:53,127 [INFO]   Cross-mode: H3 <-> H4
2026-06-16 18:14:53,127 [INFO]   Cross-mode: H3 <-> H5
2026-06-16 18:14:53,128 [INFO]   Within-mode (H4): ch3 <-> ch4
2026-06-16 18:14:53,129 [INFO]   Cross-mode: H4 <-> H5
2026-06-16 18:14:53,129 [INFO]   Within-mode (H5): ch5 <-> ch6
2026-06-16 18:14:53,131 [INFO] Measurement starting for 3.000min / 0.050h
2026-06-16 18:17:53,430 [INFO] Measurements finished.
2026-06-16 18:17:53,431 [INFO] Collecting measurement data...
2026-06-16 18:17:53,432 [INFO] Collecting physical correlation data for (1,2)
2026-06-16 18:17:53,434 [INFO] Collecting physical correlation data for (1,3)
2026-06-16 18:17:53,436 [INFO] Collecting physical correlation data for (1,4)
2026-06-16 18:17:53,438 [INFO] Collecting physical correlation data for (1,5)
2026-06-16 18:17:53,440 [INFO] Collecting physical correlation data for (1,6)
2026-06-16 18:17:53,442 [INFO] Collecting physical correlation data for (2,3)
2026-06-16 18:17:53,444 [INFO] Collecting physical correlation data for (2,4)
2026-06-16 18:17:53,446 [INFO] Collecting physical correlation data for (2,5)
2026-06-16 18:17:53,448 [INFO] Collecting physical correlation data for (2,6)
2026-06-16 18:17:53,450 [INFO] Collecting physical correlation data for (3,4)
2026-06-16 18:17:53,451 [INFO] Collecting physical correlation data for (3,5)
2026-06-16 18:17:53,453 [INFO] Collecting physical correlation data for (3,6)
2026-06-16 18:17:53,455 [INFO] Collecting physical correlation data for (4,5)
2026-06-16 18:17:53,457 [INFO] Collecting physical correlation data for (4,6)
2026-06-16 18:17:53,459 [INFO] Collecting physical correlation data for (5,6)
2026-06-16 18:17:53,461 [INFO] Collecting virtual correlation data for (H3,H3)
2026-06-16 18:17:53,463 [INFO] Collecting virtual correlation data for (H3,H4)
2026-06-16 18:17:53,465 [INFO] Collecting virtual correlation data for (H3,H5)
2026-06-16 18:17:53,466 [INFO] Collecting virtual correlation data for (H4,H4)
2026-06-16 18:17:53,469 [INFO] Collecting virtual correlation data for (H4,H5)
2026-06-16 18:17:53,471 [INFO] Collecting virtual correlation data for (H5,H5)
2026-06-16 18:17:53,489 [INFO] Starting writing data to file.
2026-06-16 18:17:53,571 [INFO] Saved data.
2026-06-16 18:17:53,690 [INFO] Merging 1 chunks into running total...
2026-06-16 18:17:53,691 [INFO] ============================================================
2026-06-16 18:17:53,692 [INFO] STATUS REPORT | Duration: 3.00 min (0.050 h)
2026-06-16 18:17:53,692 [INFO] ============================================================
2026-06-16 18:17:53,693 [INFO] COUNTRATES (Physical):
2026-06-16 18:17:53,694 [INFO]   Ch 1: 55.4 kHz (total: 9,966,396)
2026-06-16 18:17:53,695 [INFO]   Ch 2: 91.3 kHz (total: 16,427,258)
2026-06-16 18:17:53,696 [INFO]   Ch 3: 2.2 kHz (total: 390,608)
2026-06-16 18:17:53,696 [INFO]   Ch 4: 2.9 kHz (total: 525,087)
2026-06-16 18:17:53,697 [INFO]   Ch 5: 34.7 kHz (total: 6,237,297)
2026-06-16 18:17:53,698 [INFO]   Ch 6: 11.8 kHz (total: 2,132,138)
2026-06-16 18:17:53,699 [INFO] COUNTRATES (Virtual):
2026-06-16 18:17:53,699 [INFO]   H3: 146.6 kHz (total: 26,393,654)
2026-06-16 18:17:53,700 [INFO]   H4: 5.1 kHz (total: 915,695)
2026-06-16 18:17:53,701 [INFO]   H5: 46.5 kHz (total: 8,369,435)
2026-06-16 18:17:53,701 [INFO] ------------------------------------------------------------
2026-06-16 18:17:53,702 [INFO] COINCIDENCES (threshold: 50000)
2026-06-16 18:17:53,703 [INFO] ------------------------------------------------------------
2026-06-16 18:17:53,704 [INFO] Twofold (physical) (Reached Threshold):
2026-06-16 18:17:53,705 [INFO]   (1,2): 122,753 Y
2026-06-16 18:17:53,705 [INFO]   (1,3): 1,093 X
2026-06-16 18:17:53,706 [INFO]   (1,4): 1,501 X
2026-06-16 18:17:53,707 [INFO]   (1,5): 51,622 Y
2026-06-16 18:17:53,708 [INFO]   (1,6): 17,765 X
2026-06-16 18:17:53,708 [INFO]   (2,3): 1,850 X
2026-06-16 18:17:53,709 [INFO]   (2,4): 2,403 X
2026-06-16 18:17:53,710 [INFO]   (2,5): 84,022 Y
2026-06-16 18:17:53,710 [INFO]   (2,6): 28,601 X
2026-06-16 18:17:53,711 [INFO]   (3,4): 48 X
2026-06-16 18:17:53,712 [INFO]   (3,5): 698 X
2026-06-16 18:17:53,713 [INFO]   (3,6): 232 X
2026-06-16 18:17:53,714 [INFO]   (4,5): 904 X
2026-06-16 18:17:53,714 [INFO]   (4,6): 287 X
2026-06-16 18:17:53,715 [INFO]   (5,6): 12,295 X
2026-06-16 18:17:53,716 [INFO] ============================================================
2026-06-16 18:17:53,717 [INFO] >>> 12 combination(s) below threshold <<<
2026-06-16 18:17:53,718 [INFO] ============================================================
2026-06-16 18:17:53,802 [INFO] Updated merged data: C:\Users\QUANTUM\OneDrive - ENSTA\!Working files\HBT\HBT Data\Tests_Jun\2026-06-16_17-26-11_g2_heralded_virtual\MERGED\17-26-11_2026-06-16_22mW_num0_MERGED.pkl
2026-06-16 18:17:53,842 [INFO] Found 0 connected Time Tagger(s)
2026-06-16 18:17:55,475 [INFO] t:   1 s, Board temperature: 41.1 °C, FPGA temperature: 57.2 °C
2026-06-16 18:17:57,050 [INFO] t:   2 s, Board temperature: 41.1 °C, FPGA temperature: 57.2 °C
2026-06-16 18:17:58,612 [INFO] t:   3 s, Board temperature: 41.1 °C, FPGA temperature: 57.2 °C
2026-06-16 18:18:00,181 [INFO] t:   4 s, Board temperature: 41.1 °C, FPGA temperature: 57.1 °C
2026-06-16 18:18:01,746 [INFO] t:   5 s, Board temperature: 40.9 °C, FPGA temperature: 57.1 °C
2026-06-16 18:18:01,747 [INFO] The Time Tagger is warmed up.
2026-06-16 18:18:01,748 [INFO] Time Tagger initialized.
2026-06-16 18:18:01,749 [INFO] Chunk 2/3 | Elapsed: 6.0 min
2026-06-16 18:18:01,750 [INFO] Initializing experiment on Time Tagger.
2026-06-16 18:18:01,750 [INFO] Deadtime for channel 1: 0 ps
2026-06-16 18:18:01,751 [INFO] Deadtime for channel 2: 0 ps
2026-06-16 18:18:01,752 [INFO] Deadtime for channel 3: 0 ps
2026-06-16 18:18:01,752 [INFO] Deadtime for channel 4: 0 ps
2026-06-16 18:18:01,753 [INFO] Deadtime for channel 5: 0 ps
2026-06-16 18:18:01,754 [INFO] Deadtime for channel 6: 0 ps
2026-06-16 18:18:01,754 [INFO] Delays on channels enabled.
2026-06-16 18:18:01,755 [INFO] Delay for channel 1: requested=0 ps, actual=0 ps
2026-06-16 18:18:01,756 [INFO] Delay for channel 2: requested=-1000 ps, actual=-1000 ps
2026-06-16 18:18:01,756 [INFO] Delay for channel 3: requested=20000 ps, actual=20000 ps
2026-06-16 18:18:01,757 [INFO] Delay for channel 4: requested=16500 ps, actual=16500 ps
2026-06-16 18:18:01,757 [INFO] Delay for channel 5: requested=17800 ps, actual=17800 ps
2026-06-16 18:18:01,758 [INFO] Delay for channel 6: requested=17300 ps, actual=17300 ps
2026-06-16 18:18:01,759 [INFO] Executing synchronized correlation measurement.
2026-06-16 18:18:01,759 [INFO] Delays on channels enabled.
2026-06-16 18:18:01,760 [INFO] Delay for channel 1: requested=0 ps, actual=0 ps.
2026-06-16 18:18:01,760 [INFO] Delay for channel 2: requested=-1000 ps, actual=-1000 ps.
2026-06-16 18:18:01,761 [INFO] Delay for channel 3: requested=20000 ps, actual=20000 ps.
2026-06-16 18:18:01,762 [INFO] Delay for channel 4: requested=16500 ps, actual=16500 ps.
2026-06-16 18:18:01,762 [INFO] Delay for channel 5: requested=17800 ps, actual=17800 ps.
2026-06-16 18:18:01,763 [INFO] Delay for channel 6: requested=17300 ps, actual=17300 ps.
2026-06-16 18:18:01,763 [INFO] Initializing measurement with virtual mode channels for ALL heralding permutations.
2026-06-16 18:18:01,763 [INFO] Automatically generated modes from input: {'H3': [1, 2], 'H4': [3, 4], 'H5': [5, 6]}
2026-06-16 18:18:01,764 [INFO] Setting up virtual channels...
2026-06-16 18:18:01,766 [INFO] Initializing physical channel correlation histograms...
2026-06-16 18:18:01,766 [INFO]   Physical correlation: ch1 <-> ch2
2026-06-16 18:18:01,767 [INFO]   Physical correlation: ch1 <-> ch3
2026-06-16 18:18:01,768 [INFO]   Physical correlation: ch1 <-> ch4
2026-06-16 18:18:01,768 [INFO]   Physical correlation: ch1 <-> ch5
2026-06-16 18:18:01,769 [INFO]   Physical correlation: ch1 <-> ch6
2026-06-16 18:18:01,770 [INFO]   Physical correlation: ch2 <-> ch3
2026-06-16 18:18:01,770 [INFO]   Physical correlation: ch2 <-> ch4
2026-06-16 18:18:01,771 [INFO]   Physical correlation: ch2 <-> ch5
2026-06-16 18:18:01,772 [INFO]   Physical correlation: ch2 <-> ch6
2026-06-16 18:18:01,772 [INFO]   Physical correlation: ch3 <-> ch4
2026-06-16 18:18:01,773 [INFO]   Physical correlation: ch3 <-> ch5
2026-06-16 18:18:01,774 [INFO]   Physical correlation: ch3 <-> ch6
2026-06-16 18:18:01,774 [INFO]   Physical correlation: ch4 <-> ch5
2026-06-16 18:18:01,775 [INFO]   Physical correlation: ch4 <-> ch6
2026-06-16 18:18:01,776 [INFO]   Physical correlation: ch5 <-> ch6
2026-06-16 18:18:01,776 [INFO] Initializing virtual mode correlation histograms...
2026-06-16 18:18:01,777 [INFO]   Within-mode (H3): ch1 <-> ch2
2026-06-16 18:18:01,778 [INFO]   Cross-mode: H3 <-> H4
2026-06-16 18:18:01,778 [INFO]   Cross-mode: H3 <-> H5
2026-06-16 18:18:01,779 [INFO]   Within-mode (H4): ch3 <-> ch4
2026-06-16 18:18:01,780 [INFO]   Cross-mode: H4 <-> H5
2026-06-16 18:18:01,781 [INFO]   Within-mode (H5): ch5 <-> ch6
2026-06-16 18:18:01,782 [INFO] Measurement starting for 3.000min / 0.050h
2026-06-16 18:21:02,076 [INFO] Measurements finished.
2026-06-16 18:21:02,077 [INFO] Collecting measurement data...
2026-06-16 18:21:02,078 [INFO] Collecting physical correlation data for (1,2)
2026-06-16 18:21:02,080 [INFO] Collecting physical correlation data for (1,3)
2026-06-16 18:21:02,082 [INFO] Collecting physical correlation data for (1,4)
2026-06-16 18:21:02,083 [INFO] Collecting physical correlation data for (1,5)
2026-06-16 18:21:02,085 [INFO] Collecting physical correlation data for (1,6)
2026-06-16 18:21:02,088 [INFO] Collecting physical correlation data for (2,3)
2026-06-16 18:21:02,090 [INFO] Collecting physical correlation data for (2,4)
2026-06-16 18:21:02,092 [INFO] Collecting physical correlation data for (2,5)
2026-06-16 18:21:02,095 [INFO] Collecting physical correlation data for (2,6)
2026-06-16 18:21:02,097 [INFO] Collecting physical correlation data for (3,4)
2026-06-16 18:21:02,098 [INFO] Collecting physical correlation data for (3,5)
2026-06-16 18:21:02,101 [INFO] Collecting physical correlation data for (3,6)
2026-06-16 18:21:02,102 [INFO] Collecting physical correlation data for (4,5)
2026-06-16 18:21:02,104 [INFO] Collecting physical correlation data for (4,6)
2026-06-16 18:21:02,106 [INFO] Collecting physical correlation data for (5,6)
2026-06-16 18:21:02,108 [INFO] Collecting virtual correlation data for (H3,H3)
2026-06-16 18:21:02,110 [INFO] Collecting virtual correlation data for (H3,H4)
2026-06-16 18:21:02,112 [INFO] Collecting virtual correlation data for (H3,H5)
2026-06-16 18:21:02,115 [INFO] Collecting virtual correlation data for (H4,H4)
2026-06-16 18:21:02,117 [INFO] Collecting virtual correlation data for (H4,H5)
2026-06-16 18:21:02,119 [INFO] Collecting virtual correlation data for (H5,H5)
2026-06-16 18:21:02,137 [INFO] Starting writing data to file.
2026-06-16 18:21:02,234 [INFO] Saved data.
2026-06-16 18:21:02,341 [INFO] Merging 1 chunks into running total...
2026-06-16 18:21:02,504 [INFO] ============================================================
2026-06-16 18:21:02,505 [INFO] STATUS REPORT | Duration: 6.00 min (0.100 h)
2026-06-16 18:21:02,505 [INFO] ============================================================
2026-06-16 18:21:02,507 [INFO] COUNTRATES (Physical):
2026-06-16 18:21:02,507 [INFO]   Ch 1: 55.5 kHz (total: 19,981,875)
2026-06-16 18:21:02,508 [INFO]   Ch 2: 91.5 kHz (total: 32,927,581)
2026-06-16 18:21:02,509 [INFO]   Ch 3: 2.2 kHz (total: 781,282)
2026-06-16 18:21:02,509 [INFO]   Ch 4: 2.9 kHz (total: 1,048,173)
2026-06-16 18:21:02,511 [INFO]   Ch 5: 34.7 kHz (total: 12,504,067)
2026-06-16 18:21:02,511 [INFO]   Ch 6: 11.9 kHz (total: 4,274,939)
2026-06-16 18:21:02,512 [INFO] COUNTRATES (Virtual):
2026-06-16 18:21:02,512 [INFO]   H3: 147.0 kHz (total: 52,909,456)
2026-06-16 18:21:02,513 [INFO]   H4: 5.1 kHz (total: 1,829,455)
2026-06-16 18:21:02,514 [INFO]   H5: 46.6 kHz (total: 16,779,006)
2026-06-16 18:21:02,514 [INFO] ------------------------------------------------------------
2026-06-16 18:21:02,515 [INFO] COINCIDENCES (threshold: 50000)
2026-06-16 18:21:02,515 [INFO] ------------------------------------------------------------
2026-06-16 18:21:02,516 [INFO] Twofold (physical) (Reached Threshold):
2026-06-16 18:21:02,517 [INFO]   (1,2): 245,592 Y
2026-06-16 18:21:02,518 [INFO]   (1,3): 2,190 X
2026-06-16 18:21:02,518 [INFO]   (1,4): 2,980 X
2026-06-16 18:21:02,519 [INFO]   (1,5): 104,048 Y
2026-06-16 18:21:02,519 [INFO]   (1,6): 35,338 X
2026-06-16 18:21:02,520 [INFO]   (2,3): 3,700 X
2026-06-16 18:21:02,520 [INFO]   (2,4): 4,710 X
2026-06-16 18:21:02,521 [INFO]   (2,5): 168,623 Y
2026-06-16 18:21:02,522 [INFO]   (2,6): 57,102 Y
2026-06-16 18:21:02,523 [INFO]   (3,4): 106 X
2026-06-16 18:21:02,523 [INFO]   (3,5): 1,335 X
2026-06-16 18:21:02,524 [INFO]   (3,6): 458 X
2026-06-16 18:21:02,524 [INFO]   (4,5): 1,850 X
2026-06-16 18:21:02,525 [INFO]   (4,6): 599 X
2026-06-16 18:21:02,525 [INFO]   (5,6): 24,610 X
2026-06-16 18:21:02,526 [INFO] ============================================================
2026-06-16 18:21:02,526 [INFO] >>> 11 combination(s) below threshold <<<
2026-06-16 18:21:02,527 [INFO] ============================================================
2026-06-16 18:21:02,809 [INFO] Updated merged data: C:\Users\QUANTUM\OneDrive - ENSTA\!Working files\HBT\HBT Data\Tests_Jun\2026-06-16_17-26-11_g2_heralded_virtual\MERGED\17-26-11_2026-06-16_22mW_num0_MERGED.pkl
2026-06-16 18:21:02,850 [INFO] Found 0 connected Time Tagger(s)
2026-06-16 18:21:04,476 [INFO] t:   1 s, Board temperature: 41.2 °C, FPGA temperature: 57.2 °C
2026-06-16 18:21:06,042 [INFO] t:   2 s, Board temperature: 41.1 °C, FPGA temperature: 57.2 °C
2026-06-16 18:21:07,662 [INFO] t:   3 s, Board temperature: 41.2 °C, FPGA temperature: 57.3 °C
2026-06-16 18:21:09,225 [INFO] t:   4 s, Board temperature: 41.1 °C, FPGA temperature: 57.2 °C
2026-06-16 18:21:10,798 [INFO] t:   5 s, Board temperature: 41.1 °C, FPGA temperature: 57.2 °C
2026-06-16 18:21:10,798 [INFO] The Time Tagger is warmed up.
2026-06-16 18:21:10,799 [INFO] Time Tagger initialized.
2026-06-16 18:21:10,800 [INFO] Chunk 3/3 | Elapsed: 9.0 min
2026-06-16 18:21:10,801 [INFO] Initializing experiment on Time Tagger.
2026-06-16 18:21:10,802 [INFO] Deadtime for channel 1: 0 ps
2026-06-16 18:21:10,803 [INFO] Deadtime for channel 2: 0 ps
2026-06-16 18:21:10,803 [INFO] Deadtime for channel 3: 0 ps
2026-06-16 18:21:10,804 [INFO] Deadtime for channel 4: 0 ps
2026-06-16 18:21:10,805 [INFO] Deadtime for channel 5: 0 ps
2026-06-16 18:21:10,805 [INFO] Deadtime for channel 6: 0 ps
2026-06-16 18:21:10,806 [INFO] Delays on channels enabled.
2026-06-16 18:21:10,806 [INFO] Delay for channel 1: requested=0 ps, actual=0 ps
2026-06-16 18:21:10,807 [INFO] Delay for channel 2: requested=-1000 ps, actual=-1000 ps
2026-06-16 18:21:10,808 [INFO] Delay for channel 3: requested=20000 ps, actual=20000 ps
2026-06-16 18:21:10,808 [INFO] Delay for channel 4: requested=16500 ps, actual=16500 ps
2026-06-16 18:21:10,809 [INFO] Delay for channel 5: requested=17800 ps, actual=17800 ps
2026-06-16 18:21:10,810 [INFO] Delay for channel 6: requested=17300 ps, actual=17300 ps
2026-06-16 18:21:10,810 [INFO] Executing synchronized correlation measurement.
2026-06-16 18:21:10,811 [INFO] Delays on channels enabled.
2026-06-16 18:21:10,812 [INFO] Delay for channel 1: requested=0 ps, actual=0 ps.
2026-06-16 18:21:10,812 [INFO] Delay for channel 2: requested=-1000 ps, actual=-1000 ps.
2026-06-16 18:21:10,813 [INFO] Delay for channel 3: requested=20000 ps, actual=20000 ps.
2026-06-16 18:21:10,813 [INFO] Delay for channel 4: requested=16500 ps, actual=16500 ps.
2026-06-16 18:21:10,814 [INFO] Delay for channel 5: requested=17800 ps, actual=17800 ps.
2026-06-16 18:21:10,815 [INFO] Delay for channel 6: requested=17300 ps, actual=17300 ps.
2026-06-16 18:21:10,815 [INFO] Initializing measurement with virtual mode channels for ALL heralding permutations.
2026-06-16 18:21:10,816 [INFO] Automatically generated modes from input: {'H3': [1, 2], 'H4': [3, 4], 'H5': [5, 6]}
2026-06-16 18:21:10,817 [INFO] Setting up virtual channels...
2026-06-16 18:21:10,818 [INFO] Initializing physical channel correlation histograms...
2026-06-16 18:21:10,818 [INFO]   Physical correlation: ch1 <-> ch2
2026-06-16 18:21:10,819 [INFO]   Physical correlation: ch1 <-> ch3
2026-06-16 18:21:10,820 [INFO]   Physical correlation: ch1 <-> ch4
2026-06-16 18:21:10,820 [INFO]   Physical correlation: ch1 <-> ch5
2026-06-16 18:21:10,821 [INFO]   Physical correlation: ch1 <-> ch6
2026-06-16 18:21:10,822 [INFO]   Physical correlation: ch2 <-> ch3
2026-06-16 18:21:10,822 [INFO]   Physical correlation: ch2 <-> ch4
2026-06-16 18:21:10,823 [INFO]   Physical correlation: ch2 <-> ch5
2026-06-16 18:21:10,824 [INFO]   Physical correlation: ch2 <-> ch6
2026-06-16 18:21:10,825 [INFO]   Physical correlation: ch3 <-> ch4
2026-06-16 18:21:10,826 [INFO]   Physical correlation: ch3 <-> ch5
2026-06-16 18:21:10,827 [INFO]   Physical correlation: ch3 <-> ch6
2026-06-16 18:21:10,828 [INFO]   Physical correlation: ch4 <-> ch5
2026-06-16 18:21:10,829 [INFO]   Physical correlation: ch4 <-> ch6
2026-06-16 18:21:10,830 [INFO]   Physical correlation: ch5 <-> ch6
2026-06-16 18:21:10,830 [INFO] Initializing virtual mode correlation histograms...
2026-06-16 18:21:10,831 [INFO]   Within-mode (H3): ch1 <-> ch2
2026-06-16 18:21:10,832 [INFO]   Cross-mode: H3 <-> H4
2026-06-16 18:21:10,832 [INFO]   Cross-mode: H3 <-> H5
2026-06-16 18:21:10,833 [INFO]   Within-mode (H4): ch3 <-> ch4
2026-06-16 18:21:10,834 [INFO]   Cross-mode: H4 <-> H5
2026-06-16 18:21:10,835 [INFO]   Within-mode (H5): ch5 <-> ch6
2026-06-16 18:21:10,837 [INFO] Measurement starting for 3.000min / 0.050h
2026-06-16 18:24:11,116 [INFO] Measurements finished.
2026-06-16 18:24:11,117 [INFO] Collecting measurement data...
2026-06-16 18:24:11,119 [INFO] Collecting physical correlation data for (1,2)
2026-06-16 18:24:11,123 [INFO] Collecting physical correlation data for (1,3)
2026-06-16 18:24:11,127 [INFO] Collecting physical correlation data for (1,4)
2026-06-16 18:24:11,130 [INFO] Collecting physical correlation data for (1,5)
2026-06-16 18:24:11,134 [INFO] Collecting physical correlation data for (1,6)
2026-06-16 18:24:11,136 [INFO] Collecting physical correlation data for (2,3)
2026-06-16 18:24:11,139 [INFO] Collecting physical correlation data for (2,4)
2026-06-16 18:24:11,141 [INFO] Collecting physical correlation data for (2,5)
2026-06-16 18:24:11,143 [INFO] Collecting physical correlation data for (2,6)
2026-06-16 18:24:11,145 [INFO] Collecting physical correlation data for (3,4)
2026-06-16 18:24:11,147 [INFO] Collecting physical correlation data for (3,5)
2026-06-16 18:24:11,150 [INFO] Collecting physical correlation data for (3,6)
2026-06-16 18:24:11,152 [INFO] Collecting physical correlation data for (4,5)
2026-06-16 18:24:11,154 [INFO] Collecting physical correlation data for (4,6)
2026-06-16 18:24:11,157 [INFO] Collecting physical correlation data for (5,6)
2026-06-16 18:24:11,159 [INFO] Collecting virtual correlation data for (H3,H3)
2026-06-16 18:24:11,161 [INFO] Collecting virtual correlation data for (H3,H4)
2026-06-16 18:24:11,163 [INFO] Collecting virtual correlation data for (H3,H5)
2026-06-16 18:24:11,166 [INFO] Collecting virtual correlation data for (H4,H4)
2026-06-16 18:24:11,168 [INFO] Collecting virtual correlation data for (H4,H5)
2026-06-16 18:24:11,171 [INFO] Collecting virtual correlation data for (H5,H5)
2026-06-16 18:24:11,190 [INFO] Starting writing data to file.
2026-06-16 18:24:11,286 [INFO] Saved data.
2026-06-16 18:24:11,420 [INFO] Merging 1 chunks into running total...
2026-06-16 18:24:11,585 [INFO] ============================================================
2026-06-16 18:24:11,585 [INFO] STATUS REPORT | Duration: 9.00 min (0.150 h)
2026-06-16 18:24:11,586 [INFO] ============================================================
2026-06-16 18:24:11,586 [INFO] COUNTRATES (Physical):
2026-06-16 18:24:11,587 [INFO]   Ch 1: 55.7 kHz (total: 30,055,448)
2026-06-16 18:24:11,587 [INFO]   Ch 2: 91.7 kHz (total: 49,535,628)
2026-06-16 18:24:11,588 [INFO]   Ch 3: 2.2 kHz (total: 1,171,063)
2026-06-16 18:24:11,588 [INFO]   Ch 4: 2.9 kHz (total: 1,571,303)
2026-06-16 18:24:11,589 [INFO]   Ch 5: 34.8 kHz (total: 18,815,477)
2026-06-16 18:24:11,590 [INFO]   Ch 6: 11.9 kHz (total: 6,426,206)
2026-06-16 18:24:11,591 [INFO] COUNTRATES (Virtual):
2026-06-16 18:24:11,592 [INFO]   H3: 147.4 kHz (total: 79,591,076)
2026-06-16 18:24:11,593 [INFO]   H4: 5.1 kHz (total: 2,742,366)
2026-06-16 18:24:11,593 [INFO]   H5: 46.7 kHz (total: 25,241,683)
2026-06-16 18:24:11,594 [INFO] ------------------------------------------------------------
2026-06-16 18:24:11,595 [INFO] COINCIDENCES (threshold: 50000)
2026-06-16 18:24:11,596 [INFO] ------------------------------------------------------------
2026-06-16 18:24:11,596 [INFO] Twofold (physical) (Reached Threshold):
2026-06-16 18:24:11,597 [INFO]   (1,2): 369,921 Y
2026-06-16 18:24:11,598 [INFO]   (1,3): 3,306 X
2026-06-16 18:24:11,598 [INFO]   (1,4): 4,409 X
2026-06-16 18:24:11,599 [INFO]   (1,5): 156,921 Y
2026-06-16 18:24:11,599 [INFO]   (1,6): 53,111 Y
2026-06-16 18:24:11,600 [INFO]   (2,3): 5,500 X
2026-06-16 18:24:11,600 [INFO]   (2,4): 7,126 X
2026-06-16 18:24:11,601 [INFO]   (2,5): 254,222 Y
2026-06-16 18:24:11,602 [INFO]   (2,6): 85,735 Y
2026-06-16 18:24:11,602 [INFO]   (3,4): 163 X
2026-06-16 18:24:11,603 [INFO]   (3,5): 1,993 X
2026-06-16 18:24:11,604 [INFO]   (3,6): 696 X
2026-06-16 18:24:11,604 [INFO]   (4,5): 2,741 X
2026-06-16 18:24:11,605 [INFO]   (4,6): 895 X
2026-06-16 18:24:11,605 [INFO]   (5,6): 37,051 X
2026-06-16 18:24:11,606 [INFO] ============================================================
2026-06-16 18:24:11,606 [INFO] >>> 10 combination(s) below threshold <<<
2026-06-16 18:24:11,607 [INFO] ============================================================
2026-06-16 18:24:11,699 [INFO] Updated merged data: C:\Users\QUANTUM\OneDrive - ENSTA\!Working files\HBT\HBT Data\Tests_Jun\2026-06-16_17-26-11_g2_heralded_virtual\MERGED\17-26-11_2026-06-16_22mW_num0_MERGED.pkl
2026-06-16 18:24:11,795 [INFO] Final merged data saved to: C:\Users\QUANTUM\OneDrive - ENSTA\!Working files\HBT\HBT Data\Tests_Jun\2026-06-16_17-26-11_g2_heralded_virtual\MERGED\17-26-11_2026-06-16_22mW_num0_MERGED.pkl
2026-06-16 18:24:11,796 [INFO] Total merged duration: 9.00 min
2026-06-16 18:24:11,797 [INFO] Measurement completed in 9.47 min
2026-06-16 18:24:11,798 [INFO] Running cleanup...
2026-06-16 18:24:12,329 [INFO] Rotation stage(s) disconnected cleanly.
2026-06-16 18:24:12,330 [INFO] Successful finish.
